image_id,image_ref,label_source,usable_for_training,material_category,sub_category,material_code,weight_kg,city,month,lighting,background,hand_for_scale,split
IMG900000,img/pilot/0000.jpg,field_capture_pilot,True,Cable,Mixed insulated,CBL-MIX,78.3,Aurangabad,2025-04,indoor_tube,floor_mat,False,train
IMG900001,img/pilot/0001.jpg,field_capture_pilot,True,CRT,Monochrome monitor tube,CRT-MON,68.9,Pune,2025-03,low_light,cluttered_yard,False,test
IMG900002,img/pilot/0002.jpg,field_capture_pilot,True,CRT,Deflection yoke,CRT-YOK,21.3,Mumbai,2026-04,daylight,cart,False,train
IMG900003,img/pilot/0003.jpg,field_capture_pilot,True,Cable,Aluminium cable,CBL-AL,28.0,Pune,2026-02,indoor_tube,shop_counter,False,train
IMG900004,img/pilot/0004.jpg,field_capture_pilot,True,Cable,Aluminium cable,CBL-AL,23.2,Pune,2025-07,daylight,cluttered_yard,False,train
IMG900005,img/pilot/0005.jpg,field_capture_pilot,True,CRT,Deflection yoke,CRT-YOK,91.9,Mumbai,2025-08,daylight,shop_counter,False,val
IMG900006,img/pilot/0006.jpg,field_capture_pilot,True,Cable,Mixed insulated,CBL-MIX,22.9,Pune,2025-11,indoor_tube,floor_mat,False,train
IMG900007,img/pilot/0007.jpg,field_capture_pilot,True,Mixed plastic,HIPS,PLA-HIPS,8.4,Nashik,2026-07,flash,cluttered_yard,False,train
IMG900008,img/pilot/0008.jpg,field_capture_pilot,True,Cable,Armoured / data cable,CBL-ARM,14.7,Pune,2025-07,daylight,cart,True,val
IMG900009,img/pilot/0009.jpg,field_capture_pilot,True,LCD/LED panel,Backlight assembly,LCD-BLA,11.9,Pune,2025-05,daylight,floor_mat,False,val
IMG900010,img/pilot/0010.jpg,field_capture_pilot,True,Battery,Li-ion laptop / phone pack,BAT-LI,1.0,Pune,2026-01,daylight,cluttered_yard,True,train
IMG900011,img/pilot/0011.jpg,field_capture_pilot,True,Battery,Li-ion laptop / phone pack,BAT-LI,2.9,Nashik,2025-05,flash,cluttered_yard,True,val
IMG900012,img/pilot/0012.jpg,field_capture_pilot,True,Motor & magnet-bearing,Compressor motor,MTR-CMP,5.6,Mumbai,2026-05,low_light,cluttered_yard,False,test
IMG900013,img/pilot/0013.jpg,field_capture_pilot,True,PCB,RAM / gold-finger,PCB-RAM,11.9,Mumbai,2026-06,indoor_tube,floor_mat,False,val
IMG900014,img/pilot/0014.jpg,field_capture_pilot,True,Cable,Aluminium cable,CBL-AL,50.4,Aurangabad,2025-08,indoor_tube,floor_mat,True,train
IMG900015,img/pilot/0015.jpg,field_capture_pilot,True,Cable,Aluminium cable,CBL-AL,19.3,Pune,2026-06,shade,floor_mat,False,val
IMG900016,img/pilot/0016.jpg,field_capture_pilot,True,Motor & magnet-bearing,Speaker magnet,MTR-SPK,10.6,Nashik,2025-04,daylight,floor_mat,False,train
IMG900017,img/pilot/0017.jpg,field_capture_pilot,True,Mixed plastic,HIPS,PLA-HIPS,98.5,Pune,2026-02,low_light,floor_mat,False,train
IMG900018,img/pilot/0018.jpg,field_capture_pilot,True,Cable,Mixed insulated,CBL-MIX,25.5,Aurangabad,2026-08,low_light,cart,True,train
IMG900019,img/pilot/0019.jpg,field_capture_pilot,True,LCD/LED panel,Laptop panel,LCD-LAP,15.0,Nagpur,2026-06,daylight,cart,True,train
IMG900020,img/pilot/0020.jpg,field_capture_pilot,True,PCB,RAM / gold-finger,PCB-RAM,1.2,Pune,2026-05,shade,cart,True,train
IMG900021,img/pilot/0021.jpg,field_capture_pilot,True,PCB,GPU / add-on card,PCB-GPU,17.9,Nagpur,2025-11,daylight,floor_mat,False,train
IMG900022,img/pilot/0022.jpg,field_capture_pilot,True,PCB,Motherboard (high grade),PCB-MBH,6.6,Mumbai,2025-10,low_light,cluttered_yard,True,test
IMG900023,img/pilot/0023.jpg,field_capture_pilot,True,Cable,Aluminium cable,CBL-AL,1.7,Mumbai,2025-09,daylight,cluttered_yard,True,train
IMG900024,img/pilot/0024.jpg,field_capture_pilot,True,Motor & magnet-bearing,HDD assembly,MTR-HDD,35.0,Aurangabad,2026-07,indoor_tube,cluttered_yard,True,train
IMG900025,img/pilot/0025.jpg,field_capture_pilot,True,Battery,Lead-acid,BAT-PB,14.4,Mumbai,2025-05,daylight,cluttered_yard,True,train
IMG900026,img/pilot/0026.jpg,field_capture_pilot,True,LCD/LED panel,Monitor panel,LCD-MON,21.3,Aurangabad,2026-07,indoor_tube,floor_mat,False,val
IMG900027,img/pilot/0027.jpg,field_capture_pilot,True,Mixed plastic,HIPS,PLA-HIPS,42.1,Pune,2026-07,low_light,shop_counter,False,test
IMG900028,img/pilot/0028.jpg,field_capture_pilot,True,CRT,Deflection yoke,CRT-YOK,44.4,Pimpri-Chinchwad,2025-05,daylight,floor_mat,True,train
IMG900029,img/pilot/0029.jpg,field_capture_pilot,True,Battery,Ni-MH,BAT-NIMH,23.0,Nashik,2026-05,daylight,plain,True,val
IMG900030,img/pilot/0030.jpg,field_capture_pilot,True,Battery,Li-ion laptop / phone pack,BAT-LI,4.9,Mumbai,2026-01,flash,cluttered_yard,True,test
IMG900031,img/pilot/0031.jpg,field_capture_pilot,True,Mixed plastic,PC/ABS blend,PLA-PCABS,45.9,Mumbai,2025-09,daylight,cart,False,train
IMG900032,img/pilot/0032.jpg,field_capture_pilot,True,Cable,Armoured / data cable,CBL-ARM,35.8,Nashik,2026-03,shade,cluttered_yard,False,train
IMG900033,img/pilot/0033.jpg,field_capture_pilot,True,Mixed plastic,Mixed dirty,PLA-MIX,56.3,Mumbai,2026-02,daylight,cart,True,train
IMG900034,img/pilot/0034.jpg,field_capture_pilot,True,Battery,Ni-MH,BAT-NIMH,3.8,Mumbai,2025-11,indoor_tube,shop_counter,False,train
IMG900035,img/pilot/0035.jpg,field_capture_pilot,True,CRT,Colour TV tube,CRT-CTV,59.4,Pimpri-Chinchwad,2026-01,daylight,floor_mat,False,val
IMG900036,img/pilot/0036.jpg,field_capture_pilot,True,Cable,Armoured / data cable,CBL-ARM,32.0,Nagpur,2025-06,low_light,cluttered_yard,False,train
IMG900037,img/pilot/0037.jpg,field_capture_pilot,True,PCB,Mixed populated board,PCB-MIX,4.8,Aurangabad,2025-05,low_light,plain,True,train
IMG900038,img/pilot/0038.jpg,field_capture_pilot,True,LCD/LED panel,Monitor panel,LCD-MON,11.1,Aurangabad,2026-06,shade,cluttered_yard,False,val
IMG900039,img/pilot/0039.jpg,field_capture_pilot,True,Mixed plastic,PC/ABS blend,PLA-PCABS,43.4,Mumbai,2025-11,shade,cluttered_yard,False,train
IMG900040,img/pilot/0040.jpg,field_capture_pilot,True,PCB,TV / appliance board (low grade),PCB-LOW,7.3,Mumbai,2026-07,daylight,shop_counter,False,test
IMG900041,img/pilot/0041.jpg,field_capture_pilot,True,Cable,Copper household wire,CBL-CU,102.4,Pune,2026-02,low_light,cluttered_yard,False,train
IMG900042,img/pilot/0042.jpg,field_capture_pilot,True,CRT,Deflection yoke,CRT-YOK,17.7,Pune,2026-08,indoor_tube,floor_mat,False,train
IMG900043,img/pilot/0043.jpg,field_capture_pilot,True,Cable,Aluminium cable,CBL-AL,34.5,Mumbai,2026-07,daylight,cluttered_yard,True,train
IMG900044,img/pilot/0044.jpg,field_capture_pilot,True,Motor & magnet-bearing,Small AC/DC motor,MTR-SML,11.5,Pune,2026-05,shade,cluttered_yard,False,test
IMG900045,img/pilot/0045.jpg,field_capture_pilot,True,Mixed plastic,Mixed dirty,PLA-MIX,22.0,Pune,2025-03,low_light,cluttered_yard,False,train
IMG900046,img/pilot/0046.jpg,field_capture_pilot,True,Motor & magnet-bearing,Compressor motor,MTR-CMP,5.4,Pune,2026-03,shade,floor_mat,False,train
IMG900047,img/pilot/0047.jpg,field_capture_pilot,True,Cable,Armoured / data cable,CBL-ARM,32.7,Mumbai,2025-10,flash,cart,False,val
IMG900048,img/pilot/0048.jpg,field_capture_pilot,True,CRT,Deflection yoke,CRT-YOK,92.3,Pune,2025-10,shade,cluttered_yard,False,train
IMG900049,img/pilot/0049.jpg,field_capture_pilot,True,Battery,Lead-acid,BAT-PB,3.6,Pimpri-Chinchwad,2026-07,low_light,cluttered_yard,False,train
IMG900050,img/pilot/0050.jpg,field_capture_pilot,True,Mixed plastic,ABS casing,PLA-ABS,40.3,Mumbai,2026-05,daylight,cart,True,train
IMG900051,img/pilot/0051.jpg,field_capture_pilot,True,PCB,RAM / gold-finger,PCB-RAM,32.1,Pune,2025-08,daylight,floor_mat,False,train
IMG900052,img/pilot/0052.jpg,field_capture_pilot,True,Cable,Aluminium cable,CBL-AL,109.2,Aurangabad,2026-07,indoor_tube,floor_mat,True,train
IMG900053,img/pilot/0053.jpg,field_capture_pilot,True,Motor & magnet-bearing,HDD assembly,MTR-HDD,10.6,Mumbai,2026-08,shade,floor_mat,True,train
IMG900054,img/pilot/0054.jpg,field_capture_pilot,True,CRT,Colour TV tube,CRT-CTV,43.7,Aurangabad,2025-05,shade,shop_counter,False,test
IMG900055,img/pilot/0055.jpg,field_capture_pilot,True,Battery,Ni-MH,BAT-NIMH,10.7,Pune,2025-11,low_light,shop_counter,False,val
IMG900056,img/pilot/0056.jpg,field_capture_pilot,True,Cable,Copper household wire,CBL-CU,73.0,Nashik,2025-11,indoor_tube,shop_counter,False,train
IMG900057,img/pilot/0057.jpg,field_capture_pilot,True,PCB,Mixed populated board,PCB-MIX,4.2,Pune,2026-03,low_light,shop_counter,False,train
IMG900058,img/pilot/0058.jpg,field_capture_pilot,True,Cable,Armoured / data cable,CBL-ARM,9.0,Pimpri-Chinchwad,2026-05,indoor_tube,cart,False,train
IMG900059,img/pilot/0059.jpg,field_capture_pilot,True,Cable,Aluminium cable,CBL-AL,31.6,Pune,2026-08,shade,floor_mat,False,train
IMG900060,img/pilot/0060.jpg,field_capture_pilot,True,Cable,Armoured / data cable,CBL-ARM,9.7,Pune,2025-12,flash,cart,True,train
IMG900061,img/pilot/0061.jpg,field_capture_pilot,True,Cable,Aluminium cable,CBL-AL,15.3,Mumbai,2026-03,low_light,cluttered_yard,True,train
IMG900062,img/pilot/0062.jpg,field_capture_pilot,True,Cable,Armoured / data cable,CBL-ARM,16.0,Mumbai,2026-06,daylight,shop_counter,True,train
IMG900063,img/pilot/0063.jpg,field_capture_pilot,True,LCD/LED panel,Backlight assembly,LCD-BLA,20.1,Mumbai,2026-01,daylight,cluttered_yard,False,train
IMG900064,img/pilot/0064.jpg,field_capture_pilot,True,Motor & magnet-bearing,Small AC/DC motor,MTR-SML,17.2,Pune,2025-11,low_light,cluttered_yard,False,train
IMG900065,img/pilot/0065.jpg,field_capture_pilot,True,Cable,Copper household wire,CBL-CU,8.4,Nashik,2026-07,flash,cluttered_yard,False,train
IMG900066,img/pilot/0066.jpg,field_capture_pilot,True,CRT,Colour TV tube,CRT-CTV,10.8,Aurangabad,2025-11,low_light,cart,False,train
IMG900067,img/pilot/0067.jpg,field_capture_pilot,True,CRT,Deflection yoke,CRT-YOK,73.6,Pimpri-Chinchwad,2025-11,daylight,cart,False,test
IMG900068,img/pilot/0068.jpg,field_capture_pilot,True,Cable,Copper household wire,CBL-CU,7.0,Nagpur,2026-01,flash,floor_mat,False,train
IMG900069,img/pilot/0069.jpg,field_capture_pilot,True,Motor & magnet-bearing,HDD assembly,MTR-HDD,25.7,Pune,2026-02,daylight,floor_mat,True,test
IMG900070,img/pilot/0070.jpg,field_capture_pilot,True,Motor & magnet-bearing,Small AC/DC motor,MTR-SML,3.1,Nashik,2025-08,shade,cart,True,train
IMG900071,img/pilot/0071.jpg,field_capture_pilot,True,LCD/LED panel,Monitor panel,LCD-MON,16.9,Mumbai,2025-10,indoor_tube,floor_mat,False,train
IMG900072,img/pilot/0072.jpg,field_capture_pilot,True,PCB,GPU / add-on card,PCB-GPU,15.1,Nagpur,2025-06,shade,shop_counter,False,train
IMG900073,img/pilot/0073.jpg,field_capture_pilot,True,Battery,Li-ion laptop / phone pack,BAT-LI,1.7,Mumbai,2025-05,flash,cluttered_yard,True,train
IMG900074,img/pilot/0074.jpg,field_capture_pilot,True,Motor & magnet-bearing,Small AC/DC motor,MTR-SML,30.5,Nashik,2026-02,daylight,floor_mat,False,train
IMG900075,img/pilot/0075.jpg,field_capture_pilot,True,Motor & magnet-bearing,Speaker magnet,MTR-SPK,7.4,Nashik,2025-05,indoor_tube,shop_counter,True,train
IMG900076,img/pilot/0076.jpg,field_capture_pilot,True,Motor & magnet-bearing,HDD assembly,MTR-HDD,11.6,Mumbai,2026-08,daylight,cluttered_yard,False,train
IMG900077,img/pilot/0077.jpg,field_capture_pilot,True,Cable,Mixed insulated,CBL-MIX,127.6,Pune,2025-09,indoor_tube,floor_mat,False,test
IMG900078,img/pilot/0078.jpg,field_capture_pilot,True,Motor & magnet-bearing,Compressor motor,MTR-CMP,23.7,Mumbai,2025-11,daylight,cluttered_yard,False,val
IMG900079,img/pilot/0079.jpg,field_capture_pilot,True,Cable,Mixed insulated,CBL-MIX,56.4,Mumbai,2026-01,shade,cluttered_yard,False,train
IMG900080,img/pilot/0080.jpg,field_capture_pilot,True,Battery,Li-ion laptop / phone pack,BAT-LI,5.8,Mumbai,2025-04,daylight,cluttered_yard,False,val
IMG900081,img/pilot/0081.jpg,field_capture_pilot,True,Battery,Lead-acid,BAT-PB,4.5,Nashik,2026-05,shade,floor_mat,False,train
IMG900082,img/pilot/0082.jpg,field_capture_pilot,True,Battery,Button / coin cell,BAT-BTN,14.3,Nagpur,2025-10,indoor_tube,cart,False,val
IMG900083,img/pilot/0083.jpg,field_capture_pilot,True,Mixed plastic,HIPS,PLA-HIPS,38.7,Nashik,2025-12,shade,cluttered_yard,False,train
IMG900084,img/pilot/0084.jpg,field_capture_pilot,True,Mixed plastic,PC/ABS blend,PLA-PCABS,78.6,Aurangabad,2026-07,daylight,cluttered_yard,False,train
IMG900085,img/pilot/0085.jpg,field_capture_pilot,True,Motor & magnet-bearing,HDD assembly,MTR-HDD,5.4,Mumbai,2025-05,indoor_tube,shop_counter,False,train
IMG900086,img/pilot/0086.jpg,field_capture_pilot,True,Battery,Lead-acid,BAT-PB,7.7,Mumbai,2026-08,daylight,cluttered_yard,True,train
IMG900087,img/pilot/0087.jpg,field_capture_pilot,True,PCB,Motherboard (high grade),PCB-MBH,26.4,Nashik,2025-09,daylight,cart,True,test
IMG900088,img/pilot/0088.jpg,field_capture_pilot,True,Cable,Aluminium cable,CBL-AL,12.6,Mumbai,2026-06,daylight,plain,False,train
IMG900089,img/pilot/0089.jpg,field_capture_pilot,True,Cable,Copper household wire,CBL-CU,7.3,Pune,2026-08,low_light,cluttered_yard,False,val
IMG900090,img/pilot/0090.jpg,field_capture_pilot,True,CRT,Colour TV tube,CRT-CTV,63.0,Pune,2026-03,low_light,floor_mat,True,val
IMG900091,img/pilot/0091.jpg,field_capture_pilot,True,Motor & magnet-bearing,Small AC/DC motor,MTR-SML,33.7,Pune,2025-06,low_light,cluttered_yard,False,train
IMG900092,img/pilot/0092.jpg,field_capture_pilot,True,Cable,Armoured / data cable,CBL-ARM,21.4,Pune,2026-02,daylight,cluttered_yard,False,train
IMG900093,img/pilot/0093.jpg,field_capture_pilot,True,Battery,Ni-MH,BAT-NIMH,2.6,Mumbai,2025-09,daylight,cart,True,train
IMG900094,img/pilot/0094.jpg,field_capture_pilot,True,Mixed plastic,HIPS,PLA-HIPS,22.8,Pune,2026-06,flash,floor_mat,False,train
IMG900095,img/pilot/0095.jpg,field_capture_pilot,True,Battery,Ni-MH,BAT-NIMH,20.2,Pune,2026-01,indoor_tube,cluttered_yard,False,train
IMG900096,img/pilot/0096.jpg,field_capture_pilot,True,Mixed plastic,ABS casing,PLA-ABS,20.3,Pune,2025-07,shade,cluttered_yard,False,train
IMG900097,img/pilot/0097.jpg,field_capture_pilot,True,PCB,GPU / add-on card,PCB-GPU,2.1,Nagpur,2026-01,daylight,cluttered_yard,False,test
IMG900098,img/pilot/0098.jpg,field_capture_pilot,True,Cable,Aluminium cable,CBL-AL,26.9,Pune,2025-12,shade,cluttered_yard,False,train
IMG900099,img/pilot/0099.jpg,field_capture_pilot,True,Battery,Lead-acid,BAT-PB,1.1,Aurangabad,2025-09,daylight,cart,False,train
IMG900100,img/pilot/0100.jpg,field_capture_pilot,True,CRT,Colour TV tube,CRT-CTV,28.0,Mumbai,2026-01,daylight,shop_counter,True,train
IMG900101,img/pilot/0101.jpg,field_capture_pilot,True,PCB,GPU / add-on card,PCB-GPU,2.3,Mumbai,2026-01,daylight,cluttered_yard,True,train
IMG900102,img/pilot/0102.jpg,field_capture_pilot,True,CRT,Deflection yoke,CRT-YOK,30.3,Pune,2025-11,shade,floor_mat,False,train
IMG900103,img/pilot/0103.jpg,field_capture_pilot,True,Cable,Aluminium cable,CBL-AL,6.8,Nashik,2025-06,indoor_tube,cluttered_yard,True,train
IMG900104,img/pilot/0104.jpg,field_capture_pilot,True,Cable,Mixed insulated,CBL-MIX,63.4,Aurangabad,2025-03,flash,floor_mat,False,val
IMG900105,img/pilot/0105.jpg,field_capture_pilot,True,Battery,Ni-MH,BAT-NIMH,29.5,Nashik,2025-12,daylight,shop_counter,True,train
IMG900106,img/pilot/0106.jpg,field_capture_pilot,True,Motor & magnet-bearing,Small AC/DC motor,MTR-SML,5.8,Nashik,2026-03,shade,shop_counter,False,train
IMG900107,img/pilot/0107.jpg,field_capture_pilot,True,Motor & magnet-bearing,HDD assembly,MTR-HDD,26.3,Nagpur,2025-06,shade,plain,True,train
IMG900108,img/pilot/0108.jpg,field_capture_pilot,True,Cable,Copper household wire,CBL-CU,28.7,Aurangabad,2025-04,flash,cluttered_yard,False,train
IMG900109,img/pilot/0109.jpg,field_capture_pilot,True,Mixed plastic,HIPS,PLA-HIPS,44.5,Pimpri-Chinchwad,2025-12,daylight,cluttered_yard,True,train
IMG900110,img/pilot/0110.jpg,field_capture_pilot,True,Battery,Li-ion laptop / phone pack,BAT-LI,3.7,Nashik,2025-03,daylight,shop_counter,False,test
IMG900111,img/pilot/0111.jpg,field_capture_pilot,True,LCD/LED panel,TV panel,LCD-TV,24.9,Mumbai,2025-12,low_light,cart,True,train
IMG900112,img/pilot/0112.jpg,field_capture_pilot,True,Mixed plastic,HIPS,PLA-HIPS,18.2,Pune,2026-03,flash,cart,True,val
IMG900113,img/pilot/0113.jpg,field_capture_pilot,True,Mixed plastic,PC/ABS blend,PLA-PCABS,51.2,Mumbai,2026-02,daylight,cluttered_yard,False,val
IMG900114,img/pilot/0114.jpg,field_capture_pilot,True,PCB,RAM / gold-finger,PCB-RAM,4.6,Mumbai,2026-01,shade,cluttered_yard,True,train
IMG900115,img/pilot/0115.jpg,field_capture_pilot,True,CRT,Monochrome monitor tube,CRT-MON,87.0,Pune,2025-03,indoor_tube,cluttered_yard,False,train
IMG900116,img/pilot/0116.jpg,field_capture_pilot,True,Mixed plastic,ABS casing,PLA-ABS,6.4,Aurangabad,2025-04,daylight,cart,False,train
IMG900117,img/pilot/0117.jpg,field_capture_pilot,True,Motor & magnet-bearing,HDD assembly,MTR-HDD,22.2,Nashik,2025-09,shade,cart,True,train
IMG900118,img/pilot/0118.jpg,field_capture_pilot,True,Cable,Copper household wire,CBL-CU,13.4,Aurangabad,2025-06,daylight,plain,True,train
IMG900119,img/pilot/0119.jpg,field_capture_pilot,True,Battery,Button / coin cell,BAT-BTN,11.2,Nashik,2026-03,indoor_tube,floor_mat,True,test
IMG900120,img/pilot/0120.jpg,field_capture_pilot,True,Cable,Aluminium cable,CBL-AL,16.5,Mumbai,2026-01,daylight,shop_counter,True,val
IMG900121,img/pilot/0121.jpg,field_capture_pilot,True,Mixed plastic,Mixed dirty,PLA-MIX,14.3,Nashik,2025-05,daylight,cluttered_yard,False,val
IMG900122,img/pilot/0122.jpg,field_capture_pilot,True,Mixed plastic,PC/ABS blend,PLA-PCABS,44.8,Mumbai,2025-07,shade,cluttered_yard,True,train
IMG900123,img/pilot/0123.jpg,field_capture_pilot,True,Mixed plastic,ABS casing,PLA-ABS,61.6,Mumbai,2025-03,shade,plain,True,train
IMG900124,img/pilot/0124.jpg,field_capture_pilot,True,PCB,GPU / add-on card,PCB-GPU,45.0,Aurangabad,2026-04,daylight,shop_counter,False,train
IMG900125,img/pilot/0125.jpg,field_capture_pilot,True,PCB,TV / appliance board (low grade),PCB-LOW,9.3,Pune,2025-03,indoor_tube,cluttered_yard,True,val
IMG900126,img/pilot/0126.jpg,field_capture_pilot,True,PCB,Motherboard (high grade),PCB-MBH,8.4,Pune,2026-03,shade,cart,True,train
IMG900127,img/pilot/0127.jpg,field_capture_pilot,True,Cable,Armoured / data cable,CBL-ARM,9.7,Mumbai,2026-03,daylight,cart,True,train
IMG900128,img/pilot/0128.jpg,field_capture_pilot,True,Mixed plastic,ABS casing,PLA-ABS,38.3,Mumbai,2025-08,daylight,shop_counter,False,test
IMG900129,img/pilot/0129.jpg,field_capture_pilot,True,PCB,Motherboard (high grade),PCB-MBH,24.9,Pune,2025-05,low_light,floor_mat,True,train
IMG900130,img/pilot/0130.jpg,field_capture_pilot,True,Cable,Armoured / data cable,CBL-ARM,13.1,Nagpur,2026-08,shade,floor_mat,True,train
IMG900131,img/pilot/0131.jpg,field_capture_pilot,True,LCD/LED panel,Laptop panel,LCD-LAP,38.6,Pune,2026-08,shade,cluttered_yard,True,train
IMG900132,img/pilot/0132.jpg,field_capture_pilot,True,CRT,Deflection yoke,CRT-YOK,46.7,Mumbai,2025-05,daylight,cart,True,train
IMG900133,img/pilot/0133.jpg,field_capture_pilot,True,PCB,RAM / gold-finger,PCB-RAM,11.6,Pimpri-Chinchwad,2025-05,low_light,cluttered_yard,False,val
IMG900134,img/pilot/0134.jpg,field_capture_pilot,True,Mixed plastic,ABS casing,PLA-ABS,27.5,Nashik,2025-05,daylight,cluttered_yard,False,train
IMG900135,img/pilot/0135.jpg,field_capture_pilot,True,Cable,Armoured / data cable,CBL-ARM,24.8,Aurangabad,2025-08,shade,cluttered_yard,False,val
IMG900136,img/pilot/0136.jpg,field_capture_pilot,True,LCD/LED panel,Monitor panel,LCD-MON,18.4,Nagpur,2025-10,daylight,floor_mat,True,train
IMG900137,img/pilot/0137.jpg,field_capture_pilot,True,Motor & magnet-bearing,Compressor motor,MTR-CMP,29.3,Pune,2025-05,shade,cart,False,train
IMG900138,img/pilot/0138.jpg,field_capture_pilot,True,PCB,Mixed populated board,PCB-MIX,5.5,Mumbai,2025-03,daylight,shop_counter,False,train
IMG900139,img/pilot/0139.jpg,field_capture_pilot,True,Motor & magnet-bearing,Speaker magnet,MTR-SPK,4.7,Nagpur,2025-05,daylight,cart,False,test
IMG900140,img/pilot/0140.jpg,field_capture_pilot,True,Cable,Mixed insulated,CBL-MIX,19.6,Pimpri-Chinchwad,2025-09,low_light,shop_counter,True,train
IMG900141,img/pilot/0141.jpg,field_capture_pilot,True,PCB,Motherboard (high grade),PCB-MBH,1.3,Nashik,2025-07,daylight,cart,True,test
IMG900142,img/pilot/0142.jpg,field_capture_pilot,True,PCB,GPU / add-on card,PCB-GPU,1.9,Nashik,2025-07,shade,floor_mat,False,train
IMG900143,img/pilot/0143.jpg,field_capture_pilot,True,Cable,Aluminium cable,CBL-AL,50.1,Pune,2025-04,daylight,cluttered_yard,False,train
IMG900144,img/pilot/0144.jpg,field_capture_pilot,True,CRT,Deflection yoke,CRT-YOK,41.3,Nagpur,2025-12,daylight,cart,True,train
IMG900145,img/pilot/0145.jpg,field_capture_pilot,True,Mixed plastic,Mixed dirty,PLA-MIX,100.4,Nashik,2025-09,daylight,cluttered_yard,True,train
IMG900146,img/pilot/0146.jpg,field_capture_pilot,True,Mixed plastic,Mixed dirty,PLA-MIX,7.5,Pimpri-Chinchwad,2025-09,shade,cart,True,train
IMG900147,img/pilot/0147.jpg,field_capture_pilot,True,Motor & magnet-bearing,Small AC/DC motor,MTR-SML,38.0,Mumbai,2025-08,shade,cluttered_yard,False,test
IMG900148,img/pilot/0148.jpg,field_capture_pilot,True,Cable,Armoured / data cable,CBL-ARM,44.4,Pune,2025-11,shade,cluttered_yard,True,train
IMG900149,img/pilot/0149.jpg,field_capture_pilot,True,Cable,Armoured / data cable,CBL-ARM,21.5,Nagpur,2026-06,flash,cluttered_yard,False,test
IMG900150,img/pilot/0150.jpg,field_capture_pilot,True,PCB,RAM / gold-finger,PCB-RAM,35.4,Mumbai,2025-09,flash,floor_mat,False,val
IMG900151,img/pilot/0151.jpg,field_capture_pilot,True,Mixed plastic,ABS casing,PLA-ABS,45.1,Aurangabad,2026-02,low_light,cluttered_yard,False,train
IMG900152,img/pilot/0152.jpg,field_capture_pilot,True,Cable,Copper household wire,CBL-CU,32.6,Nagpur,2026-08,daylight,shop_counter,True,train
IMG900153,img/pilot/0153.jpg,field_capture_pilot,True,Cable,Copper household wire,CBL-CU,66.3,Mumbai,2026-02,indoor_tube,plain,False,train
IMG900154,img/pilot/0154.jpg,field_capture_pilot,True,CRT,Deflection yoke,CRT-YOK,31.5,Pimpri-Chinchwad,2026-06,flash,cluttered_yard,False,train
IMG900155,img/pilot/0155.jpg,field_capture_pilot,True,Cable,Armoured / data cable,CBL-ARM,25.9,Mumbai,2026-03,daylight,cart,False,train
IMG900156,img/pilot/0156.jpg,field_capture_pilot,True,Cable,Mixed insulated,CBL-MIX,24.3,Mumbai,2026-04,low_light,cluttered_yard,True,val
IMG900157,img/pilot/0157.jpg,field_capture_pilot,True,Cable,Copper household wire,CBL-CU,27.2,Mumbai,2025-11,shade,floor_mat,True,train
IMG900158,img/pilot/0158.jpg,field_capture_pilot,True,Motor & magnet-bearing,Speaker magnet,MTR-SPK,14.3,Nagpur,2026-07,low_light,cluttered_yard,False,train
IMG900159,img/pilot/0159.jpg,field_capture_pilot,True,Battery,Ni-MH,BAT-NIMH,6.1,Nagpur,2025-05,shade,cluttered_yard,False,train
IMG900160,img/pilot/0160.jpg,field_capture_pilot,True,CRT,Colour TV tube,CRT-CTV,37.0,Nagpur,2025-10,shade,cluttered_yard,True,train
IMG900161,img/pilot/0161.jpg,field_capture_pilot,True,Cable,Armoured / data cable,CBL-ARM,25.6,Aurangabad,2025-09,daylight,cluttered_yard,False,train
IMG900162,img/pilot/0162.jpg,field_capture_pilot,True,Mixed plastic,ABS casing,PLA-ABS,200.0,Nagpur,2026-03,low_light,plain,True,train
IMG900163,img/pilot/0163.jpg,field_capture_pilot,True,CRT,Deflection yoke,CRT-YOK,63.1,Pune,2026-01,daylight,cart,False,train
IMG900164,img/pilot/0164.jpg,field_capture_pilot,True,Cable,Aluminium cable,CBL-AL,13.4,Mumbai,2026-02,indoor_tube,cart,False,train
IMG900165,img/pilot/0165.jpg,field_capture_pilot,True,PCB,GPU / add-on card,PCB-GPU,2.8,Mumbai,2026-07,low_light,cluttered_yard,True,train
IMG900166,img/pilot/0166.jpg,field_capture_pilot,True,Cable,Aluminium cable,CBL-AL,12.0,Mumbai,2025-08,flash,cluttered_yard,False,train
IMG900167,img/pilot/0167.jpg,field_capture_pilot,True,Cable,Armoured / data cable,CBL-ARM,10.6,Mumbai,2025-10,low_light,floor_mat,False,train
IMG900168,img/pilot/0168.jpg,field_capture_pilot,True,PCB,Mixed populated board,PCB-MIX,5.3,Mumbai,2026-04,shade,cart,False,train
IMG900169,img/pilot/0169.jpg,field_capture_pilot,True,Cable,Aluminium cable,CBL-AL,74.1,Nashik,2026-05,shade,cart,False,val
IMG900170,img/pilot/0170.jpg,field_capture_pilot,True,LCD/LED panel,Monitor panel,LCD-MON,7.3,Mumbai,2026-06,daylight,shop_counter,True,train
IMG900171,img/pilot/0171.jpg,field_capture_pilot,True,CRT,Deflection yoke,CRT-YOK,51.2,Pune,2025-08,daylight,cart,False,test
IMG900172,img/pilot/0172.jpg,field_capture_pilot,True,Motor & magnet-bearing,Small AC/DC motor,MTR-SML,25.0,Nashik,2026-04,daylight,floor_mat,True,train
IMG900173,img/pilot/0173.jpg,field_capture_pilot,True,Motor & magnet-bearing,Speaker magnet,MTR-SPK,11.1,Nagpur,2026-01,daylight,cluttered_yard,False,train
IMG900174,img/pilot/0174.jpg,field_capture_pilot,True,PCB,Mixed populated board,PCB-MIX,4.8,Nashik,2025-07,indoor_tube,cart,True,train
IMG900175,img/pilot/0175.jpg,field_capture_pilot,True,Cable,Copper household wire,CBL-CU,22.3,Mumbai,2026-06,low_light,cluttered_yard,False,test
IMG900176,img/pilot/0176.jpg,field_capture_pilot,True,Cable,Aluminium cable,CBL-AL,34.8,Mumbai,2025-04,daylight,cluttered_yard,True,test
IMG900177,img/pilot/0177.jpg,field_capture_pilot,True,Mixed plastic,PC/ABS blend,PLA-PCABS,27.4,Mumbai,2025-06,daylight,floor_mat,False,train
IMG900178,img/pilot/0178.jpg,field_capture_pilot,True,Mixed plastic,Mixed dirty,PLA-MIX,102.8,Nashik,2025-04,low_light,floor_mat,False,train
IMG900179,img/pilot/0179.jpg,field_capture_pilot,True,PCB,Motherboard (high grade),PCB-MBH,5.7,Mumbai,2026-07,indoor_tube,cluttered_yard,False,train
IMG900180,img/pilot/0180.jpg,field_capture_pilot,True,PCB,RAM / gold-finger,PCB-RAM,18.6,Aurangabad,2025-09,daylight,cluttered_yard,False,train
IMG900181,img/pilot/0181.jpg,field_capture_pilot,True,CRT,Colour TV tube,CRT-CTV,72.2,Aurangabad,2025-07,daylight,plain,True,train
IMG900182,img/pilot/0182.jpg,field_capture_pilot,True,Mixed plastic,HIPS,PLA-HIPS,42.7,Aurangabad,2025-03,daylight,cluttered_yard,False,train
IMG900183,img/pilot/0183.jpg,field_capture_pilot,True,Motor & magnet-bearing,Speaker magnet,MTR-SPK,4.8,Mumbai,2026-03,daylight,shop_counter,False,train
IMG900184,img/pilot/0184.jpg,field_capture_pilot,True,Cable,Copper household wire,CBL-CU,20.3,Pimpri-Chinchwad,2025-10,shade,floor_mat,False,train
IMG900185,img/pilot/0185.jpg,field_capture_pilot,True,Battery,Button / coin cell,BAT-BTN,41.1,Nagpur,2025-04,indoor_tube,floor_mat,True,train
IMG900186,img/pilot/0186.jpg,field_capture_pilot,True,Cable,Mixed insulated,CBL-MIX,18.3,Mumbai,2025-06,low_light,cluttered_yard,True,train
IMG900187,img/pilot/0187.jpg,field_capture_pilot,True,Mixed plastic,Mixed dirty,PLA-MIX,61.0,Nashik,2026-02,indoor_tube,cluttered_yard,False,train
IMG900188,img/pilot/0188.jpg,field_capture_pilot,True,CRT,Deflection yoke,CRT-YOK,45.8,Pune,2026-03,daylight,cluttered_yard,False,train
IMG900189,img/pilot/0189.jpg,field_capture_pilot,True,Mixed plastic,HIPS,PLA-HIPS,31.7,Pune,2025-05,indoor_tube,cluttered_yard,True,test
IMG900190,img/pilot/0190.jpg,field_capture_pilot,True,Cable,Copper household wire,CBL-CU,10.7,Mumbai,2026-01,indoor_tube,shop_counter,True,train
IMG900191,img/pilot/0191.jpg,field_capture_pilot,True,Mixed plastic,ABS casing,PLA-ABS,42.8,Mumbai,2025-05,low_light,floor_mat,True,test
IMG900192,img/pilot/0192.jpg,field_capture_pilot,True,Motor & magnet-bearing,HDD assembly,MTR-HDD,45.4,Mumbai,2026-07,low_light,shop_counter,False,train
IMG900193,img/pilot/0193.jpg,field_capture_pilot,True,Battery,Button / coin cell,BAT-BTN,10.4,Mumbai,2026-07,indoor_tube,cart,True,test
IMG900194,img/pilot/0194.jpg,field_capture_pilot,True,Mixed plastic,ABS casing,PLA-ABS,119.0,Nashik,2025-07,indoor_tube,cluttered_yard,False,train
IMG900195,img/pilot/0195.jpg,field_capture_pilot,True,Cable,Armoured / data cable,CBL-ARM,10.8,Nagpur,2026-03,daylight,cluttered_yard,False,test
IMG900196,img/pilot/0196.jpg,field_capture_pilot,True,LCD/LED panel,Monitor panel,LCD-MON,10.1,Pimpri-Chinchwad,2025-04,flash,floor_mat,True,val
IMG900197,img/pilot/0197.jpg,field_capture_pilot,True,Mixed plastic,ABS casing,PLA-ABS,28.8,Aurangabad,2026-08,low_light,shop_counter,False,train
IMG900198,img/pilot/0198.jpg,field_capture_pilot,True,Cable,Copper household wire,CBL-CU,14.2,Pimpri-Chinchwad,2025-12,shade,cluttered_yard,False,train
IMG900199,img/pilot/0199.jpg,field_capture_pilot,True,LCD/LED panel,TV panel,LCD-TV,13.8,Nagpur,2025-11,daylight,floor_mat,True,train
IMG900200,img/pilot/0200.jpg,field_capture_pilot,True,PCB,RAM / gold-finger,PCB-RAM,36.9,Pune,2025-09,daylight,cluttered_yard,True,train
IMG900201,img/pilot/0201.jpg,field_capture_pilot,True,Motor & magnet-bearing,HDD assembly,MTR-HDD,5.4,Pimpri-Chinchwad,2025-05,low_light,cart,False,train
IMG900202,img/pilot/0202.jpg,field_capture_pilot,True,Motor & magnet-bearing,HDD assembly,MTR-HDD,30.4,Pimpri-Chinchwad,2025-09,daylight,cluttered_yard,False,test
IMG900203,img/pilot/0203.jpg,field_capture_pilot,True,PCB,TV / appliance board (low grade),PCB-LOW,3.5,Mumbai,2026-07,daylight,cluttered_yard,True,train
IMG900204,img/pilot/0204.jpg,field_capture_pilot,True,Cable,Mixed insulated,CBL-MIX,22.3,Pune,2025-06,low_light,cart,True,train
IMG900205,img/pilot/0205.jpg,field_capture_pilot,True,Mixed plastic,HIPS,PLA-HIPS,3.3,Pimpri-Chinchwad,2025-12,low_light,cluttered_yard,False,test
IMG900206,img/pilot/0206.jpg,field_capture_pilot,True,CRT,Colour TV tube,CRT-CTV,44.1,Aurangabad,2026-03,shade,cluttered_yard,True,test
IMG900207,img/pilot/0207.jpg,field_capture_pilot,True,LCD/LED panel,Laptop panel,LCD-LAP,33.9,Nashik,2026-06,daylight,floor_mat,False,test
IMG900208,img/pilot/0208.jpg,field_capture_pilot,True,LCD/LED panel,Laptop panel,LCD-LAP,21.3,Pimpri-Chinchwad,2025-10,daylight,floor_mat,False,val
IMG900209,img/pilot/0209.jpg,field_capture_pilot,True,Battery,Lead-acid,BAT-PB,0.4,Pune,2026-08,daylight,cart,False,train
IMG900210,img/pilot/0210.jpg,field_capture_pilot,True,Mixed plastic,Mixed dirty,PLA-MIX,31.6,Nashik,2025-04,low_light,cart,False,train
IMG900211,img/pilot/0211.jpg,field_capture_pilot,True,Battery,Lead-acid,BAT-PB,9.8,Mumbai,2026-03,low_light,cluttered_yard,False,train
IMG900212,img/pilot/0212.jpg,field_capture_pilot,True,Cable,Aluminium cable,CBL-AL,19.9,Aurangabad,2026-06,daylight,cluttered_yard,False,train
IMG900213,img/pilot/0213.jpg,field_capture_pilot,True,PCB,Mixed populated board,PCB-MIX,1.7,Pune,2025-11,shade,floor_mat,False,test
IMG900214,img/pilot/0214.jpg,field_capture_pilot,True,PCB,GPU / add-on card,PCB-GPU,45.0,Pimpri-Chinchwad,2025-11,low_light,shop_counter,False,train
IMG900215,img/pilot/0215.jpg,field_capture_pilot,True,PCB,Motherboard (high grade),PCB-MBH,15.1,Mumbai,2026-07,daylight,shop_counter,False,train
IMG900216,img/pilot/0216.jpg,field_capture_pilot,True,Cable,Copper household wire,CBL-CU,4.7,Aurangabad,2025-07,shade,cart,False,train
IMG900217,img/pilot/0217.jpg,field_capture_pilot,True,Cable,Armoured / data cable,CBL-ARM,23.1,Aurangabad,2026-07,daylight,cart,True,train
IMG900218,img/pilot/0218.jpg,field_capture_pilot,True,LCD/LED panel,Laptop panel,LCD-LAP,19.5,Nagpur,2025-09,low_light,cluttered_yard,False,train
IMG900219,img/pilot/0219.jpg,field_capture_pilot,True,Mixed plastic,HIPS,PLA-HIPS,37.3,Mumbai,2026-08,daylight,cluttered_yard,False,train
IMG900220,img/pilot/0220.jpg,field_capture_pilot,True,CRT,Colour TV tube,CRT-CTV,99.7,Aurangabad,2025-10,shade,cluttered_yard,False,test
IMG900221,img/pilot/0221.jpg,field_capture_pilot,True,Mixed plastic,Mixed dirty,PLA-MIX,10.8,Aurangabad,2025-09,indoor_tube,cluttered_yard,False,train
IMG900222,img/pilot/0222.jpg,field_capture_pilot,True,Mixed plastic,Mixed dirty,PLA-MIX,8.2,Pune,2026-06,shade,floor_mat,True,train
IMG900223,img/pilot/0223.jpg,field_capture_pilot,True,Cable,Armoured / data cable,CBL-ARM,11.1,Mumbai,2025-10,daylight,cluttered_yard,False,train
IMG900224,img/pilot/0224.jpg,field_capture_pilot,True,Cable,Aluminium cable,CBL-AL,37.5,Pune,2025-09,daylight,plain,False,val
IMG900225,img/pilot/0225.jpg,field_capture_pilot,True,Cable,Armoured / data cable,CBL-ARM,13.7,Pimpri-Chinchwad,2026-07,indoor_tube,cart,True,test
IMG900226,img/pilot/0226.jpg,field_capture_pilot,True,Cable,Copper household wire,CBL-CU,37.2,Mumbai,2026-07,low_light,cluttered_yard,True,train
IMG900227,img/pilot/0227.jpg,field_capture_pilot,True,Motor & magnet-bearing,Speaker magnet,MTR-SPK,33.3,Mumbai,2026-03,flash,cluttered_yard,False,train
IMG900228,img/pilot/0228.jpg,field_capture_pilot,True,CRT,Deflection yoke,CRT-YOK,37.3,Mumbai,2025-06,flash,floor_mat,True,test
IMG900229,img/pilot/0229.jpg,field_capture_pilot,True,Motor & magnet-bearing,Compressor motor,MTR-CMP,18.4,Pune,2025-08,shade,floor_mat,True,test
IMG900230,img/pilot/0230.jpg,field_capture_pilot,True,Motor & magnet-bearing,Small AC/DC motor,MTR-SML,18.4,Mumbai,2026-03,low_light,cart,False,train
IMG900231,img/pilot/0231.jpg,field_capture_pilot,True,PCB,Mixed populated board,PCB-MIX,5.5,Pune,2026-07,shade,cluttered_yard,False,train
IMG900232,img/pilot/0232.jpg,field_capture_pilot,True,PCB,RAM / gold-finger,PCB-RAM,3.8,Pimpri-Chinchwad,2026-08,indoor_tube,cart,False,test
IMG900233,img/pilot/0233.jpg,field_capture_pilot,True,Cable,Mixed insulated,CBL-MIX,60.0,Aurangabad,2026-05,shade,floor_mat,False,train
IMG900234,img/pilot/0234.jpg,field_capture_pilot,True,Mixed plastic,PC/ABS blend,PLA-PCABS,57.6,Mumbai,2025-11,daylight,cart,True,train
IMG900235,img/pilot/0235.jpg,field_capture_pilot,True,Motor & magnet-bearing,Compressor motor,MTR-CMP,31.7,Nagpur,2025-04,indoor_tube,shop_counter,True,train
IMG900236,img/pilot/0236.jpg,field_capture_pilot,True,LCD/LED panel,Laptop panel,LCD-LAP,10.5,Mumbai,2025-03,daylight,floor_mat,True,train
IMG900237,img/pilot/0237.jpg,field_capture_pilot,True,Motor & magnet-bearing,Compressor motor,MTR-CMP,26.0,Mumbai,2026-04,low_light,cart,False,val
IMG900238,img/pilot/0238.jpg,field_capture_pilot,True,Cable,Copper household wire,CBL-CU,20.8,Mumbai,2025-09,low_light,cluttered_yard,True,train
IMG900239,img/pilot/0239.jpg,field_capture_pilot,True,CRT,Colour TV tube,CRT-CTV,26.8,Nashik,2025-08,shade,cluttered_yard,False,train
IMG900240,img/pilot/0240.jpg,field_capture_pilot,True,PCB,GPU / add-on card,PCB-GPU,45.0,Nashik,2025-05,daylight,floor_mat,False,test
IMG900241,img/pilot/0241.jpg,field_capture_pilot,True,PCB,RAM / gold-finger,PCB-RAM,15.6,Pune,2026-04,low_light,cluttered_yard,True,train
IMG900242,img/pilot/0242.jpg,field_capture_pilot,True,Mixed plastic,HIPS,PLA-HIPS,21.6,Aurangabad,2026-01,daylight,cart,False,val
IMG900243,img/pilot/0243.jpg,field_capture_pilot,True,Mixed plastic,HIPS,PLA-HIPS,21.5,Pune,2026-06,shade,floor_mat,True,val
IMG900244,img/pilot/0244.jpg,field_capture_pilot,True,PCB,RAM / gold-finger,PCB-RAM,14.7,Aurangabad,2025-04,daylight,shop_counter,True,train
IMG900245,img/pilot/0245.jpg,field_capture_pilot,True,Cable,Mixed insulated,CBL-MIX,4.7,Mumbai,2026-06,shade,shop_counter,False,train
IMG900246,img/pilot/0246.jpg,field_capture_pilot,True,Cable,Aluminium cable,CBL-AL,27.8,Pune,2025-03,indoor_tube,cluttered_yard,False,test
IMG900247,img/pilot/0247.jpg,field_capture_pilot,True,PCB,Mixed populated board,PCB-MIX,3.3,Mumbai,2025-10,daylight,plain,True,train
IMG900248,img/pilot/0248.jpg,field_capture_pilot,True,Motor & magnet-bearing,Compressor motor,MTR-CMP,10.9,Mumbai,2026-05,shade,floor_mat,False,val
IMG900249,img/pilot/0249.jpg,field_capture_pilot,True,PCB,TV / appliance board (low grade),PCB-LOW,45.0,Aurangabad,2025-06,daylight,cart,True,train
IMG900250,img/pilot/0250.jpg,field_capture_pilot,True,PCB,TV / appliance board (low grade),PCB-LOW,41.1,Mumbai,2025-05,indoor_tube,floor_mat,True,train
IMG900251,img/pilot/0251.jpg,field_capture_pilot,True,Motor & magnet-bearing,HDD assembly,MTR-HDD,20.3,Mumbai,2026-04,low_light,cluttered_yard,True,train
IMG900252,img/pilot/0252.jpg,field_capture_pilot,True,Motor & magnet-bearing,Speaker magnet,MTR-SPK,86.3,Mumbai,2025-07,daylight,cluttered_yard,True,train
IMG900253,img/pilot/0253.jpg,field_capture_pilot,True,Battery,Li-ion laptop / phone pack,BAT-LI,67.1,Aurangabad,2025-07,low_light,floor_mat,True,train
IMG900254,img/pilot/0254.jpg,field_capture_pilot,True,PCB,Mixed populated board,PCB-MIX,3.6,Pune,2025-12,low_light,shop_counter,False,train
IMG900255,img/pilot/0255.jpg,field_capture_pilot,True,Cable,Aluminium cable,CBL-AL,5.3,Pune,2026-03,low_light,plain,False,val
IMG900256,img/pilot/0256.jpg,field_capture_pilot,True,Mixed plastic,HIPS,PLA-HIPS,18.5,Nashik,2025-03,low_light,shop_counter,True,train
IMG900257,img/pilot/0257.jpg,field_capture_pilot,True,Mixed plastic,ABS casing,PLA-ABS,24.3,Mumbai,2026-08,indoor_tube,cart,True,train
IMG900258,img/pilot/0258.jpg,field_capture_pilot,True,Mixed plastic,PC/ABS blend,PLA-PCABS,46.8,Aurangabad,2026-05,daylight,shop_counter,False,train
IMG900259,img/pilot/0259.jpg,field_capture_pilot,True,LCD/LED panel,Laptop panel,LCD-LAP,15.9,Pimpri-Chinchwad,2025-09,indoor_tube,floor_mat,True,train
IMG900260,img/pilot/0260.jpg,field_capture_pilot,True,Battery,Ni-MH,BAT-NIMH,5.4,Mumbai,2025-10,indoor_tube,plain,True,train
IMG900261,img/pilot/0261.jpg,field_capture_pilot,True,Cable,Mixed insulated,CBL-MIX,19.4,Aurangabad,2025-07,low_light,shop_counter,True,train
IMG900262,img/pilot/0262.jpg,field_capture_pilot,True,PCB,RAM / gold-finger,PCB-RAM,4.5,Mumbai,2025-06,shade,cluttered_yard,False,test
IMG900263,img/pilot/0263.jpg,field_capture_pilot,True,Battery,Lead-acid,BAT-PB,15.0,Pune,2025-06,flash,cluttered_yard,True,train
IMG900264,img/pilot/0264.jpg,field_capture_pilot,True,Cable,Mixed insulated,CBL-MIX,76.3,Mumbai,2025-04,daylight,cart,False,train
IMG900265,img/pilot/0265.jpg,field_capture_pilot,True,CRT,Colour TV tube,CRT-CTV,71.1,Aurangabad,2025-04,low_light,floor_mat,False,train
IMG900266,img/pilot/0266.jpg,field_capture_pilot,True,Cable,Copper household wire,CBL-CU,160.0,Nashik,2026-05,low_light,cluttered_yard,True,test
IMG900267,img/pilot/0267.jpg,field_capture_pilot,True,CRT,Deflection yoke,CRT-YOK,46.8,Nagpur,2026-07,daylight,floor_mat,True,train
IMG900268,img/pilot/0268.jpg,field_capture_pilot,True,Mixed plastic,HIPS,PLA-HIPS,104.7,Mumbai,2026-01,daylight,cart,False,train
IMG900269,img/pilot/0269.jpg,field_capture_pilot,True,Mixed plastic,ABS casing,PLA-ABS,44.3,Pune,2025-06,daylight,floor_mat,False,train
IMG900270,img/pilot/0270.jpg,field_capture_pilot,True,Mixed plastic,HIPS,PLA-HIPS,2.0,Nashik,2025-06,daylight,cart,False,train
IMG900271,img/pilot/0271.jpg,field_capture_pilot,True,Cable,Mixed insulated,CBL-MIX,113.4,Nagpur,2025-12,daylight,cluttered_yard,False,train
IMG900272,img/pilot/0272.jpg,field_capture_pilot,True,PCB,Motherboard (high grade),PCB-MBH,2.0,Pune,2025-08,shade,shop_counter,False,train
IMG900273,img/pilot/0273.jpg,field_capture_pilot,True,PCB,Motherboard (high grade),PCB-MBH,10.0,Aurangabad,2026-06,low_light,plain,True,val
IMG900274,img/pilot/0274.jpg,field_capture_pilot,True,Motor & magnet-bearing,HDD assembly,MTR-HDD,15.2,Aurangabad,2026-02,shade,cluttered_yard,True,train
IMG900275,img/pilot/0275.jpg,field_capture_pilot,True,Mixed plastic,Mixed dirty,PLA-MIX,66.9,Pimpri-Chinchwad,2026-06,daylight,cluttered_yard,True,train
IMG900276,img/pilot/0276.jpg,field_capture_pilot,True,Mixed plastic,ABS casing,PLA-ABS,47.5,Nagpur,2026-03,shade,shop_counter,True,test
IMG900277,img/pilot/0277.jpg,field_capture_pilot,True,Cable,Mixed insulated,CBL-MIX,43.3,Aurangabad,2026-01,daylight,shop_counter,True,train
IMG900278,img/pilot/0278.jpg,field_capture_pilot,True,Mixed plastic,PC/ABS blend,PLA-PCABS,43.3,Pimpri-Chinchwad,2025-07,low_light,cluttered_yard,False,train
IMG900279,img/pilot/0279.jpg,field_capture_pilot,True,Mixed plastic,Mixed dirty,PLA-MIX,20.5,Pimpri-Chinchwad,2026-04,daylight,shop_counter,True,train
IMG900280,img/pilot/0280.jpg,field_capture_pilot,True,Mixed plastic,ABS casing,PLA-ABS,177.7,Pune,2025-05,indoor_tube,shop_counter,True,train
IMG900281,img/pilot/0281.jpg,field_capture_pilot,True,Cable,Mixed insulated,CBL-MIX,160.0,Mumbai,2025-12,daylight,shop_counter,False,train
IMG900282,img/pilot/0282.jpg,field_capture_pilot,True,Mixed plastic,ABS casing,PLA-ABS,43.1,Mumbai,2025-10,indoor_tube,cart,True,test
IMG900283,img/pilot/0283.jpg,field_capture_pilot,True,LCD/LED panel,Backlight assembly,LCD-BLA,9.7,Nashik,2025-08,daylight,cluttered_yard,True,train
IMG900284,img/pilot/0284.jpg,field_capture_pilot,True,Mixed plastic,PC/ABS blend,PLA-PCABS,12.4,Aurangabad,2026-08,low_light,cluttered_yard,False,train
IMG900285,img/pilot/0285.jpg,field_capture_pilot,True,Motor & magnet-bearing,HDD assembly,MTR-HDD,5.0,Pune,2025-05,low_light,cluttered_yard,False,val
IMG900286,img/pilot/0286.jpg,field_capture_pilot,True,Mixed plastic,PC/ABS blend,PLA-PCABS,42.3,Nashik,2025-08,daylight,floor_mat,False,train
IMG900287,img/pilot/0287.jpg,field_capture_pilot,True,Mixed plastic,ABS casing,PLA-ABS,117.7,Pimpri-Chinchwad,2025-09,indoor_tube,floor_mat,False,train
IMG900288,img/pilot/0288.jpg,field_capture_pilot,True,Cable,Aluminium cable,CBL-AL,13.8,Pune,2026-01,flash,floor_mat,False,train
IMG900289,img/pilot/0289.jpg,field_capture_pilot,True,Battery,Li-ion laptop / phone pack,BAT-LI,3.3,Mumbai,2026-07,daylight,floor_mat,True,test
IMG900290,img/pilot/0290.jpg,field_capture_pilot,True,Battery,Lead-acid,BAT-PB,10.7,Mumbai,2026-01,indoor_tube,plain,True,test
IMG900291,img/pilot/0291.jpg,field_capture_pilot,True,Motor & magnet-bearing,Speaker magnet,MTR-SPK,40.6,Nashik,2026-05,shade,floor_mat,True,test
IMG900292,img/pilot/0292.jpg,field_capture_pilot,True,Cable,Copper household wire,CBL-CU,17.3,Nagpur,2025-05,daylight,floor_mat,False,train
IMG900293,img/pilot/0293.jpg,field_capture_pilot,True,Battery,Ni-MH,BAT-NIMH,38.4,Aurangabad,2026-08,shade,cluttered_yard,True,train
IMG900294,img/pilot/0294.jpg,field_capture_pilot,True,CRT,Colour TV tube,CRT-CTV,37.3,Pune,2025-11,low_light,plain,True,train
IMG900295,img/pilot/0295.jpg,field_capture_pilot,True,CRT,Deflection yoke,CRT-YOK,112.0,Mumbai,2026-03,daylight,cluttered_yard,True,val
IMG900296,img/pilot/0296.jpg,field_capture_pilot,True,Motor & magnet-bearing,HDD assembly,MTR-HDD,10.8,Pimpri-Chinchwad,2025-04,indoor_tube,plain,False,train
IMG900297,img/pilot/0297.jpg,field_capture_pilot,True,Cable,Aluminium cable,CBL-AL,13.1,Aurangabad,2025-06,low_light,cluttered_yard,False,test
IMG900298,img/pilot/0298.jpg,field_capture_pilot,True,Mixed plastic,HIPS,PLA-HIPS,186.8,Pune,2026-06,daylight,cart,False,train
IMG900299,img/pilot/0299.jpg,field_capture_pilot,True,Mixed plastic,HIPS,PLA-HIPS,8.2,Nashik,2025-05,indoor_tube,shop_counter,False,train
IMG900300,img/placeholder/0300.png,procedural_placeholder,False,Battery,Lead-acid,BAT-PB,9.4,Pimpri-Chinchwad,2025-04,shade,cluttered_yard,True,train
IMG900301,img/placeholder/0301.png,procedural_placeholder,False,Mixed plastic,ABS casing,PLA-ABS,33.8,Mumbai,2025-12,flash,plain,True,train
IMG900302,img/placeholder/0302.png,procedural_placeholder,False,CRT,Deflection yoke,CRT-YOK,106.2,Mumbai,2026-04,daylight,cluttered_yard,False,train
IMG900303,img/placeholder/0303.png,procedural_placeholder,False,CRT,Colour TV tube,CRT-CTV,18.2,Mumbai,2026-04,daylight,shop_counter,True,train
IMG900304,img/placeholder/0304.png,procedural_placeholder,False,Mixed plastic,PC/ABS blend,PLA-PCABS,36.7,Pune,2026-01,shade,cart,True,train
IMG900305,img/placeholder/0305.png,procedural_placeholder,False,Cable,Copper household wire,CBL-CU,27.3,Aurangabad,2025-08,shade,floor_mat,False,val
IMG900306,img/placeholder/0306.png,procedural_placeholder,False,Mixed plastic,HIPS,PLA-HIPS,25.1,Aurangabad,2025-03,daylight,cart,False,train
IMG900307,img/placeholder/0307.png,procedural_placeholder,False,Cable,Mixed insulated,CBL-MIX,78.6,Nagpur,2025-04,daylight,floor_mat,True,train
IMG900308,img/placeholder/0308.png,procedural_placeholder,False,Mixed plastic,Mixed dirty,PLA-MIX,46.0,Aurangabad,2025-03,flash,plain,True,val
IMG900309,img/placeholder/0309.png,procedural_placeholder,False,LCD/LED panel,TV panel,LCD-TV,23.8,Aurangabad,2025-10,indoor_tube,shop_counter,True,train
IMG900310,img/placeholder/0310.png,procedural_placeholder,False,Motor & magnet-bearing,Speaker magnet,MTR-SPK,6.4,Aurangabad,2026-01,daylight,floor_mat,False,test
IMG900311,img/placeholder/0311.png,procedural_placeholder,False,LCD/LED panel,Backlight assembly,LCD-BLA,27.0,Nashik,2025-12,flash,cluttered_yard,False,train
IMG900312,img/placeholder/0312.png,procedural_placeholder,False,Cable,Armoured / data cable,CBL-ARM,78.0,Nashik,2026-06,indoor_tube,cart,True,train
IMG900313,img/placeholder/0313.png,procedural_placeholder,False,CRT,Monochrome monitor tube,CRT-MON,16.3,Mumbai,2025-04,daylight,shop_counter,False,train
IMG900314,img/placeholder/0314.png,procedural_placeholder,False,Motor & magnet-bearing,Small AC/DC motor,MTR-SML,4.9,Aurangabad,2026-03,daylight,cluttered_yard,True,train
IMG900315,img/placeholder/0315.png,procedural_placeholder,False,Mixed plastic,PC/ABS blend,PLA-PCABS,20.0,Mumbai,2026-04,daylight,cluttered_yard,True,val
IMG900316,img/placeholder/0316.png,procedural_placeholder,False,Mixed plastic,PC/ABS blend,PLA-PCABS,114.9,Nagpur,2025-10,low_light,cluttered_yard,True,train
IMG900317,img/placeholder/0317.png,procedural_placeholder,False,Cable,Copper household wire,CBL-CU,39.3,Pune,2026-04,shade,cluttered_yard,True,test
IMG900318,img/placeholder/0318.png,procedural_placeholder,False,Motor & magnet-bearing,Speaker magnet,MTR-SPK,5.5,Nashik,2026-01,daylight,cart,True,train
IMG900319,img/placeholder/0319.png,procedural_placeholder,False,Cable,Copper household wire,CBL-CU,58.7,Mumbai,2025-11,low_light,shop_counter,True,val
IMG900320,img/placeholder/0320.png,procedural_placeholder,False,PCB,GPU / add-on card,PCB-GPU,8.0,Mumbai,2025-04,indoor_tube,cart,True,train
IMG900321,img/placeholder/0321.png,procedural_placeholder,False,Cable,Copper household wire,CBL-CU,38.4,Pune,2025-06,shade,cluttered_yard,False,val
IMG900322,img/placeholder/0322.png,procedural_placeholder,False,CRT,Colour TV tube,CRT-CTV,22.8,Mumbai,2025-10,shade,cluttered_yard,True,test
IMG900323,img/placeholder/0323.png,procedural_placeholder,False,CRT,Colour TV tube,CRT-CTV,217.4,Pune,2025-04,low_light,floor_mat,False,train
IMG900324,img/placeholder/0324.png,procedural_placeholder,False,Cable,Armoured / data cable,CBL-ARM,13.8,Nashik,2025-10,daylight,shop_counter,False,val
IMG900325,img/placeholder/0325.png,procedural_placeholder,False,PCB,Mixed populated board,PCB-MIX,13.0,Pimpri-Chinchwad,2025-12,daylight,cluttered_yard,True,train
IMG900326,img/placeholder/0326.png,procedural_placeholder,False,Cable,Mixed insulated,CBL-MIX,37.9,Mumbai,2025-03,shade,cluttered_yard,False,train
IMG900327,img/placeholder/0327.png,procedural_placeholder,False,Cable,Mixed insulated,CBL-MIX,22.3,Aurangabad,2025-04,shade,floor_mat,True,train
IMG900328,img/placeholder/0328.png,procedural_placeholder,False,LCD/LED panel,TV panel,LCD-TV,9.7,Mumbai,2026-03,flash,cluttered_yard,False,val
IMG900329,img/placeholder/0329.png,procedural_placeholder,False,Mixed plastic,PC/ABS blend,PLA-PCABS,39.5,Nagpur,2026-02,shade,plain,False,train
IMG900330,img/placeholder/0330.png,procedural_placeholder,False,CRT,Deflection yoke,CRT-YOK,8.6,Mumbai,2025-04,flash,cluttered_yard,False,train
IMG900331,img/placeholder/0331.png,procedural_placeholder,False,LCD/LED panel,Backlight assembly,LCD-BLA,20.1,Aurangabad,2025-10,shade,shop_counter,False,test
IMG900332,img/placeholder/0332.png,procedural_placeholder,False,Battery,Lead-acid,BAT-PB,5.1,Mumbai,2025-08,flash,floor_mat,False,train
IMG900333,img/placeholder/0333.png,procedural_placeholder,False,LCD/LED panel,TV panel,LCD-TV,10.3,Mumbai,2025-04,flash,cluttered_yard,True,train
IMG900334,img/placeholder/0334.png,procedural_placeholder,False,Motor & magnet-bearing,Small AC/DC motor,MTR-SML,17.9,Pune,2026-02,shade,floor_mat,False,train
IMG900335,img/placeholder/0335.png,procedural_placeholder,False,PCB,Mixed populated board,PCB-MIX,14.8,Mumbai,2025-08,daylight,cart,False,train
IMG900336,img/placeholder/0336.png,procedural_placeholder,False,PCB,RAM / gold-finger,PCB-RAM,7.8,Mumbai,2026-03,shade,cluttered_yard,True,test
IMG900337,img/placeholder/0337.png,procedural_placeholder,False,LCD/LED panel,Monitor panel,LCD-MON,23.5,Pune,2025-05,indoor_tube,cluttered_yard,False,test
IMG900338,img/placeholder/0338.png,procedural_placeholder,False,Cable,Mixed insulated,CBL-MIX,35.2,Mumbai,2025-03,indoor_tube,floor_mat,False,train
IMG900339,img/placeholder/0339.png,procedural_placeholder,False,Cable,Armoured / data cable,CBL-ARM,43.9,Mumbai,2025-05,daylight,shop_counter,False,val
IMG900340,img/placeholder/0340.png,procedural_placeholder,False,Cable,Mixed insulated,CBL-MIX,10.3,Aurangabad,2026-03,indoor_tube,shop_counter,False,train
IMG900341,img/placeholder/0341.png,procedural_placeholder,False,Cable,Mixed insulated,CBL-MIX,44.6,Aurangabad,2025-03,daylight,floor_mat,True,train
IMG900342,img/placeholder/0342.png,procedural_placeholder,False,Cable,Armoured / data cable,CBL-ARM,87.2,Aurangabad,2025-07,flash,floor_mat,True,test
IMG900343,img/placeholder/0343.png,procedural_placeholder,False,CRT,Deflection yoke,CRT-YOK,14.8,Mumbai,2026-05,low_light,cart,False,test
IMG900344,img/placeholder/0344.png,procedural_placeholder,False,Mixed plastic,ABS casing,PLA-ABS,68.9,Mumbai,2025-11,indoor_tube,floor_mat,False,val
IMG900345,img/placeholder/0345.png,procedural_placeholder,False,Mixed plastic,Mixed dirty,PLA-MIX,68.4,Nashik,2026-07,indoor_tube,floor_mat,False,train
IMG900346,img/placeholder/0346.png,procedural_placeholder,False,Mixed plastic,ABS casing,PLA-ABS,51.3,Nagpur,2025-12,low_light,floor_mat,True,train
IMG900347,img/placeholder/0347.png,procedural_placeholder,False,Cable,Aluminium cable,CBL-AL,26.2,Mumbai,2025-11,indoor_tube,floor_mat,True,test
IMG900348,img/placeholder/0348.png,procedural_placeholder,False,CRT,Monochrome monitor tube,CRT-MON,29.6,Mumbai,2026-06,daylight,cluttered_yard,False,train
IMG900349,img/placeholder/0349.png,procedural_placeholder,False,Cable,Mixed insulated,CBL-MIX,12.1,Pimpri-Chinchwad,2025-03,low_light,cluttered_yard,False,train
IMG900350,img/placeholder/0350.png,procedural_placeholder,False,Mixed plastic,PC/ABS blend,PLA-PCABS,15.2,Mumbai,2026-08,indoor_tube,cart,False,train
IMG900351,img/placeholder/0351.png,procedural_placeholder,False,PCB,Mixed populated board,PCB-MIX,2.5,Mumbai,2025-10,daylight,floor_mat,False,train
IMG900352,img/placeholder/0352.png,procedural_placeholder,False,CRT,Colour TV tube,CRT-CTV,45.8,Nashik,2025-06,indoor_tube,cart,True,val
IMG900353,img/placeholder/0353.png,procedural_placeholder,False,Mixed plastic,HIPS,PLA-HIPS,18.9,Pune,2026-05,flash,cluttered_yard,True,test
IMG900354,img/placeholder/0354.png,procedural_placeholder,False,Battery,Li-ion laptop / phone pack,BAT-LI,3.6,Pune,2026-04,flash,shop_counter,True,train
IMG900355,img/placeholder/0355.png,procedural_placeholder,False,PCB,Motherboard (high grade),PCB-MBH,12.6,Nagpur,2025-06,indoor_tube,cart,False,val
IMG900356,img/placeholder/0356.png,procedural_placeholder,False,Mixed plastic,Mixed dirty,PLA-MIX,39.9,Aurangabad,2025-10,daylight,floor_mat,False,test
IMG900357,img/placeholder/0357.png,procedural_placeholder,False,Battery,Button / coin cell,BAT-BTN,1.7,Pune,2025-07,shade,floor_mat,True,train
IMG900358,img/placeholder/0358.png,procedural_placeholder,False,Battery,Button / coin cell,BAT-BTN,29.2,Pune,2025-03,indoor_tube,shop_counter,True,train
IMG900359,img/placeholder/0359.png,procedural_placeholder,False,PCB,RAM / gold-finger,PCB-RAM,1.8,Nagpur,2025-09,shade,shop_counter,False,train
IMG900360,img/placeholder/0360.png,procedural_placeholder,False,PCB,TV / appliance board (low grade),PCB-LOW,18.8,Aurangabad,2025-12,shade,floor_mat,False,train
IMG900361,img/placeholder/0361.png,procedural_placeholder,False,Cable,Aluminium cable,CBL-AL,160.0,Pimpri-Chinchwad,2025-05,low_light,cluttered_yard,True,train
IMG900362,img/placeholder/0362.png,procedural_placeholder,False,CRT,Monochrome monitor tube,CRT-MON,55.4,Pimpri-Chinchwad,2025-04,low_light,plain,True,train
IMG900363,img/placeholder/0363.png,procedural_placeholder,False,Mixed plastic,PC/ABS blend,PLA-PCABS,15.4,Mumbai,2025-09,daylight,cart,False,train
IMG900364,img/placeholder/0364.png,procedural_placeholder,False,Cable,Mixed insulated,CBL-MIX,16.9,Mumbai,2025-10,shade,floor_mat,False,train
IMG900365,img/placeholder/0365.png,procedural_placeholder,False,Cable,Armoured / data cable,CBL-ARM,21.5,Pune,2025-04,daylight,cluttered_yard,True,test
IMG900366,img/placeholder/0366.png,procedural_placeholder,False,Cable,Armoured / data cable,CBL-ARM,55.4,Nagpur,2026-06,flash,floor_mat,True,test
IMG900367,img/placeholder/0367.png,procedural_placeholder,False,Cable,Armoured / data cable,CBL-ARM,21.6,Mumbai,2025-11,indoor_tube,floor_mat,False,test
IMG900368,img/placeholder/0368.png,procedural_placeholder,False,Cable,Mixed insulated,CBL-MIX,27.5,Nashik,2025-11,shade,cluttered_yard,True,train
IMG900369,img/placeholder/0369.png,procedural_placeholder,False,Cable,Armoured / data cable,CBL-ARM,35.8,Pimpri-Chinchwad,2026-08,indoor_tube,cluttered_yard,False,val
IMG900370,img/placeholder/0370.png,procedural_placeholder,False,PCB,Mixed populated board,PCB-MIX,3.1,Mumbai,2026-01,flash,floor_mat,False,train
IMG900371,img/placeholder/0371.png,procedural_placeholder,False,Cable,Aluminium cable,CBL-AL,41.1,Nashik,2025-05,low_light,cart,False,train
IMG900372,img/placeholder/0372.png,procedural_placeholder,False,PCB,Mixed populated board,PCB-MIX,3.1,Pune,2025-06,daylight,shop_counter,True,val
IMG900373,img/placeholder/0373.png,procedural_placeholder,False,PCB,Mixed populated board,PCB-MIX,0.5,Nashik,2025-07,shade,shop_counter,True,test
IMG900374,img/placeholder/0374.png,procedural_placeholder,False,CRT,Deflection yoke,CRT-YOK,51.9,Mumbai,2025-10,shade,cart,False,val
IMG900375,img/placeholder/0375.png,procedural_placeholder,False,Cable,Aluminium cable,CBL-AL,27.5,Mumbai,2026-08,low_light,cluttered_yard,True,train
IMG900376,img/placeholder/0376.png,procedural_placeholder,False,PCB,Motherboard (high grade),PCB-MBH,3.5,Mumbai,2025-05,daylight,plain,False,train
IMG900377,img/placeholder/0377.png,procedural_placeholder,False,CRT,Colour TV tube,CRT-CTV,43.6,Mumbai,2025-09,low_light,floor_mat,False,train
IMG900378,img/placeholder/0378.png,procedural_placeholder,False,Motor & magnet-bearing,HDD assembly,MTR-HDD,8.6,Aurangabad,2025-04,daylight,cluttered_yard,False,train
IMG900379,img/placeholder/0379.png,procedural_placeholder,False,Mixed plastic,ABS casing,PLA-ABS,30.0,Nagpur,2025-10,shade,floor_mat,True,train
IMG900380,img/placeholder/0380.png,procedural_placeholder,False,Cable,Mixed insulated,CBL-MIX,96.3,Nashik,2025-11,shade,cluttered_yard,False,train
IMG900381,img/placeholder/0381.png,procedural_placeholder,False,Mixed plastic,PC/ABS blend,PLA-PCABS,22.1,Mumbai,2026-04,shade,floor_mat,True,train
IMG900382,img/placeholder/0382.png,procedural_placeholder,False,Cable,Armoured / data cable,CBL-ARM,18.9,Mumbai,2026-01,shade,cart,True,train
IMG900383,img/placeholder/0383.png,procedural_placeholder,False,Cable,Copper household wire,CBL-CU,5.5,Pune,2026-07,daylight,floor_mat,False,train
IMG900384,img/placeholder/0384.png,procedural_placeholder,False,PCB,TV / appliance board (low grade),PCB-LOW,38.0,Mumbai,2025-03,shade,cart,False,train
IMG900385,img/placeholder/0385.png,procedural_placeholder,False,LCD/LED panel,Backlight assembly,LCD-BLA,2.8,Aurangabad,2025-08,daylight,floor_mat,False,val
IMG900386,img/placeholder/0386.png,procedural_placeholder,False,Mixed plastic,Mixed dirty,PLA-MIX,31.1,Nagpur,2025-12,shade,cluttered_yard,True,train
IMG900387,img/placeholder/0387.png,procedural_placeholder,False,Motor & magnet-bearing,Compressor motor,MTR-CMP,25.0,Pune,2026-04,indoor_tube,floor_mat,True,val
IMG900388,img/placeholder/0388.png,procedural_placeholder,False,LCD/LED panel,TV panel,LCD-TV,14.8,Pune,2025-12,low_light,cluttered_yard,True,train
IMG900389,img/placeholder/0389.png,procedural_placeholder,False,PCB,Mixed populated board,PCB-MIX,7.4,Nagpur,2025-04,flash,cart,True,train
IMG900390,img/placeholder/0390.png,procedural_placeholder,False,Mixed plastic,HIPS,PLA-HIPS,7.2,Aurangabad,2026-05,low_light,plain,True,test
IMG900391,img/placeholder/0391.png,procedural_placeholder,False,Mixed plastic,PC/ABS blend,PLA-PCABS,9.0,Nashik,2025-12,daylight,cluttered_yard,False,train
IMG900392,img/placeholder/0392.png,procedural_placeholder,False,Cable,Armoured / data cable,CBL-ARM,6.7,Nagpur,2025-12,low_light,cluttered_yard,False,train
IMG900393,img/placeholder/0393.png,procedural_placeholder,False,Battery,Lead-acid,BAT-PB,19.1,Pune,2026-02,indoor_tube,cluttered_yard,False,train
IMG900394,img/placeholder/0394.png,procedural_placeholder,False,Cable,Mixed insulated,CBL-MIX,37.0,Aurangabad,2025-12,shade,cluttered_yard,True,train
IMG900395,img/placeholder/0395.png,procedural_placeholder,False,Cable,Mixed insulated,CBL-MIX,29.0,Mumbai,2026-07,shade,cluttered_yard,False,test
IMG900396,img/placeholder/0396.png,procedural_placeholder,False,Cable,Copper household wire,CBL-CU,18.7,Nashik,2025-04,daylight,cluttered_yard,True,val
IMG900397,img/placeholder/0397.png,procedural_placeholder,False,Battery,Button / coin cell,BAT-BTN,5.8,Nashik,2026-02,low_light,cluttered_yard,False,train
IMG900398,img/placeholder/0398.png,procedural_placeholder,False,Motor & magnet-bearing,HDD assembly,MTR-HDD,21.8,Nashik,2026-07,daylight,shop_counter,False,test
IMG900399,img/placeholder/0399.png,procedural_placeholder,False,Cable,Mixed insulated,CBL-MIX,4.3,Nashik,2025-10,low_light,cluttered_yard,False,test
IMG900400,img/placeholder/0400.png,procedural_placeholder,False,LCD/LED panel,Monitor panel,LCD-MON,55.0,Nagpur,2026-02,daylight,cluttered_yard,False,train
IMG900401,img/placeholder/0401.png,procedural_placeholder,False,PCB,Mixed populated board,PCB-MIX,13.5,Pune,2025-08,daylight,cluttered_yard,True,train
IMG900402,img/placeholder/0402.png,procedural_placeholder,False,Mixed plastic,Mixed dirty,PLA-MIX,17.9,Mumbai,2025-09,low_light,cluttered_yard,False,train
IMG900403,img/placeholder/0403.png,procedural_placeholder,False,CRT,Colour TV tube,CRT-CTV,9.0,Pune,2025-06,flash,cluttered_yard,True,train
IMG900404,img/placeholder/0404.png,procedural_placeholder,False,Battery,Button / coin cell,BAT-BTN,6.9,Nashik,2025-05,shade,cluttered_yard,False,train
IMG900405,img/placeholder/0405.png,procedural_placeholder,False,CRT,Monochrome monitor tube,CRT-MON,93.9,Mumbai,2025-04,daylight,floor_mat,True,test
IMG900406,img/placeholder/0406.png,procedural_placeholder,False,Cable,Mixed insulated,CBL-MIX,28.8,Aurangabad,2025-10,daylight,cart,True,train
IMG900407,img/placeholder/0407.png,procedural_placeholder,False,Mixed plastic,HIPS,PLA-HIPS,38.2,Nashik,2026-03,daylight,cart,True,test
IMG900408,img/placeholder/0408.png,procedural_placeholder,False,Battery,Ni-MH,BAT-NIMH,17.5,Mumbai,2025-06,shade,cart,False,test
IMG900409,img/placeholder/0409.png,procedural_placeholder,False,LCD/LED panel,TV panel,LCD-TV,7.0,Nagpur,2026-05,low_light,cart,True,test
IMG900410,img/placeholder/0410.png,procedural_placeholder,False,Motor & magnet-bearing,Compressor motor,MTR-CMP,10.4,Pune,2026-05,daylight,floor_mat,True,test
IMG900411,img/placeholder/0411.png,procedural_placeholder,False,Cable,Mixed insulated,CBL-MIX,14.3,Pune,2026-06,daylight,plain,True,train
IMG900412,img/placeholder/0412.png,procedural_placeholder,False,CRT,Deflection yoke,CRT-YOK,53.5,Aurangabad,2025-03,shade,cluttered_yard,True,val
IMG900413,img/placeholder/0413.png,procedural_placeholder,False,Motor & magnet-bearing,Compressor motor,MTR-CMP,50.3,Aurangabad,2025-09,daylight,cluttered_yard,True,train
IMG900414,img/placeholder/0414.png,procedural_placeholder,False,Battery,Button / coin cell,BAT-BTN,2.8,Aurangabad,2025-03,daylight,cart,True,train
IMG900415,img/placeholder/0415.png,procedural_placeholder,False,PCB,TV / appliance board (low grade),PCB-LOW,9.6,Mumbai,2025-04,indoor_tube,shop_counter,False,train
IMG900416,img/placeholder/0416.png,procedural_placeholder,False,Cable,Aluminium cable,CBL-AL,55.0,Aurangabad,2025-12,shade,shop_counter,False,train
IMG900417,img/placeholder/0417.png,procedural_placeholder,False,PCB,Mixed populated board,PCB-MIX,26.8,Pimpri-Chinchwad,2025-11,low_light,plain,True,train
IMG900418,img/placeholder/0418.png,procedural_placeholder,False,Mixed plastic,Mixed dirty,PLA-MIX,28.1,Mumbai,2025-08,shade,cluttered_yard,False,train
IMG900419,img/placeholder/0419.png,procedural_placeholder,False,CRT,Monochrome monitor tube,CRT-MON,67.6,Nashik,2025-09,daylight,cart,True,train
IMG900420,img/placeholder/0420.png,procedural_placeholder,False,Mixed plastic,Mixed dirty,PLA-MIX,32.5,Pune,2026-04,indoor_tube,floor_mat,False,train
IMG900421,img/placeholder/0421.png,procedural_placeholder,False,PCB,Motherboard (high grade),PCB-MBH,3.9,Nagpur,2026-02,low_light,floor_mat,False,test
IMG900422,img/placeholder/0422.png,procedural_placeholder,False,CRT,Deflection yoke,CRT-YOK,14.2,Pimpri-Chinchwad,2026-03,low_light,cluttered_yard,True,train
IMG900423,img/placeholder/0423.png,procedural_placeholder,False,PCB,GPU / add-on card,PCB-GPU,4.0,Pune,2025-09,daylight,cart,False,train
IMG900424,img/placeholder/0424.png,procedural_placeholder,False,Battery,Ni-MH,BAT-NIMH,3.6,Mumbai,2025-09,daylight,shop_counter,False,train
IMG900425,img/placeholder/0425.png,procedural_placeholder,False,Mixed plastic,PC/ABS blend,PLA-PCABS,31.8,Mumbai,2026-06,indoor_tube,floor_mat,True,train
IMG900426,img/placeholder/0426.png,procedural_placeholder,False,Cable,Aluminium cable,CBL-AL,11.1,Pune,2025-11,daylight,cluttered_yard,True,train
IMG900427,img/placeholder/0427.png,procedural_placeholder,False,Cable,Mixed insulated,CBL-MIX,69.4,Nashik,2026-07,daylight,cluttered_yard,True,train
IMG900428,img/placeholder/0428.png,procedural_placeholder,False,Motor & magnet-bearing,HDD assembly,MTR-HDD,7.2,Nagpur,2026-02,flash,cart,False,train
IMG900429,img/placeholder/0429.png,procedural_placeholder,False,PCB,Motherboard (high grade),PCB-MBH,10.2,Aurangabad,2026-08,daylight,cart,False,train
IMG900430,img/placeholder/0430.png,procedural_placeholder,False,Cable,Armoured / data cable,CBL-ARM,120.9,Aurangabad,2026-07,daylight,shop_counter,False,train
IMG900431,img/placeholder/0431.png,procedural_placeholder,False,Motor & magnet-bearing,Small AC/DC motor,MTR-SML,8.5,Nashik,2025-09,low_light,cluttered_yard,True,train
IMG900432,img/placeholder/0432.png,procedural_placeholder,False,PCB,TV / appliance board (low grade),PCB-LOW,2.0,Nagpur,2026-07,shade,cart,False,train
IMG900433,img/placeholder/0433.png,procedural_placeholder,False,Motor & magnet-bearing,Speaker magnet,MTR-SPK,44.5,Nashik,2025-04,indoor_tube,plain,True,train
IMG900434,img/placeholder/0434.png,procedural_placeholder,False,Cable,Copper household wire,CBL-CU,23.4,Mumbai,2026-02,shade,cluttered_yard,False,train
IMG900435,img/placeholder/0435.png,procedural_placeholder,False,Motor & magnet-bearing,Compressor motor,MTR-CMP,5.1,Nagpur,2025-10,flash,floor_mat,True,train
IMG900436,img/placeholder/0436.png,procedural_placeholder,False,Mixed plastic,PC/ABS blend,PLA-PCABS,26.5,Nashik,2025-10,shade,cluttered_yard,False,train
IMG900437,img/placeholder/0437.png,procedural_placeholder,False,PCB,GPU / add-on card,PCB-GPU,8.3,Pimpri-Chinchwad,2026-06,daylight,plain,False,train
IMG900438,img/placeholder/0438.png,procedural_placeholder,False,CRT,Colour TV tube,CRT-CTV,48.6,Pune,2025-06,low_light,cluttered_yard,True,val
IMG900439,img/placeholder/0439.png,procedural_placeholder,False,PCB,TV / appliance board (low grade),PCB-LOW,3.8,Pimpri-Chinchwad,2025-08,shade,cart,True,train
IMG900440,img/placeholder/0440.png,procedural_placeholder,False,PCB,GPU / add-on card,PCB-GPU,2.2,Mumbai,2026-01,low_light,plain,False,train
IMG900441,img/placeholder/0441.png,procedural_placeholder,False,Mixed plastic,ABS casing,PLA-ABS,44.2,Nagpur,2025-08,low_light,cluttered_yard,False,train
IMG900442,img/placeholder/0442.png,procedural_placeholder,False,CRT,Colour TV tube,CRT-CTV,51.3,Pimpri-Chinchwad,2026-08,flash,floor_mat,True,train
IMG900443,img/placeholder/0443.png,procedural_placeholder,False,Mixed plastic,ABS casing,PLA-ABS,15.9,Pune,2025-07,daylight,cluttered_yard,True,train
IMG900444,img/placeholder/0444.png,procedural_placeholder,False,Battery,Li-ion laptop / phone pack,BAT-LI,24.1,Nagpur,2025-06,indoor_tube,shop_counter,False,test
IMG900445,img/placeholder/0445.png,procedural_placeholder,False,PCB,TV / appliance board (low grade),PCB-LOW,28.5,Aurangabad,2025-09,daylight,cluttered_yard,True,train
IMG900446,img/placeholder/0446.png,procedural_placeholder,False,PCB,RAM / gold-finger,PCB-RAM,6.0,Nagpur,2025-11,indoor_tube,cluttered_yard,False,train
IMG900447,img/placeholder/0447.png,procedural_placeholder,False,PCB,RAM / gold-finger,PCB-RAM,4.6,Nashik,2025-10,daylight,floor_mat,False,train
IMG900448,img/placeholder/0448.png,procedural_placeholder,False,Motor & magnet-bearing,HDD assembly,MTR-HDD,28.2,Pune,2026-01,indoor_tube,floor_mat,False,train
IMG900449,img/placeholder/0449.png,procedural_placeholder,False,Cable,Copper household wire,CBL-CU,19.6,Pimpri-Chinchwad,2026-05,daylight,cluttered_yard,False,train
IMG900450,img/placeholder/0450.png,procedural_placeholder,False,PCB,Mixed populated board,PCB-MIX,14.5,Nashik,2026-06,daylight,shop_counter,True,test
IMG900451,img/placeholder/0451.png,procedural_placeholder,False,LCD/LED panel,Monitor panel,LCD-MON,20.8,Pimpri-Chinchwad,2025-07,indoor_tube,cluttered_yard,False,train
IMG900452,img/placeholder/0452.png,procedural_placeholder,False,Cable,Copper household wire,CBL-CU,10.1,Nashik,2026-04,shade,floor_mat,True,train
IMG900453,img/placeholder/0453.png,procedural_placeholder,False,Cable,Mixed insulated,CBL-MIX,29.1,Mumbai,2026-02,shade,shop_counter,True,train
IMG900454,img/placeholder/0454.png,procedural_placeholder,False,Motor & magnet-bearing,HDD assembly,MTR-HDD,10.2,Mumbai,2025-03,shade,shop_counter,False,train
IMG900455,img/placeholder/0455.png,procedural_placeholder,False,PCB,Mixed populated board,PCB-MIX,3.9,Mumbai,2025-05,indoor_tube,floor_mat,False,train
IMG900456,img/placeholder/0456.png,procedural_placeholder,False,Battery,Li-ion laptop / phone pack,BAT-LI,19.5,Mumbai,2026-05,daylight,cluttered_yard,True,test
IMG900457,img/placeholder/0457.png,procedural_placeholder,False,CRT,Colour TV tube,CRT-CTV,46.5,Aurangabad,2026-01,flash,cluttered_yard,False,train
IMG900458,img/placeholder/0458.png,procedural_placeholder,False,Cable,Copper household wire,CBL-CU,59.6,Pune,2025-03,indoor_tube,floor_mat,False,train
IMG900459,img/placeholder/0459.png,procedural_placeholder,False,PCB,Motherboard (high grade),PCB-MBH,9.9,Pune,2025-06,shade,cluttered_yard,False,train
IMG900460,img/placeholder/0460.png,procedural_placeholder,False,Cable,Armoured / data cable,CBL-ARM,33.7,Nashik,2026-06,indoor_tube,floor_mat,True,train
IMG900461,img/placeholder/0461.png,procedural_placeholder,False,Mixed plastic,HIPS,PLA-HIPS,41.9,Nagpur,2025-08,daylight,cart,False,test
IMG900462,img/placeholder/0462.png,procedural_placeholder,False,Cable,Aluminium cable,CBL-AL,86.0,Mumbai,2025-12,low_light,cluttered_yard,False,train
IMG900463,img/placeholder/0463.png,procedural_placeholder,False,Mixed plastic,ABS casing,PLA-ABS,119.5,Pimpri-Chinchwad,2026-03,daylight,floor_mat,False,test
IMG900464,img/placeholder/0464.png,procedural_placeholder,False,CRT,Deflection yoke,CRT-YOK,8.2,Pune,2025-06,daylight,shop_counter,False,train
IMG900465,img/placeholder/0465.png,procedural_placeholder,False,CRT,Monochrome monitor tube,CRT-MON,41.8,Nashik,2025-05,shade,cluttered_yard,True,train
IMG900466,img/placeholder/0466.png,procedural_placeholder,False,PCB,RAM / gold-finger,PCB-RAM,42.7,Nashik,2025-03,indoor_tube,floor_mat,True,val
IMG900467,img/placeholder/0467.png,procedural_placeholder,False,Mixed plastic,HIPS,PLA-HIPS,26.2,Pune,2026-07,low_light,shop_counter,False,train
IMG900468,img/placeholder/0468.png,procedural_placeholder,False,LCD/LED panel,Backlight assembly,LCD-BLA,11.7,Pimpri-Chinchwad,2025-10,daylight,floor_mat,True,train
IMG900469,img/placeholder/0469.png,procedural_placeholder,False,Cable,Mixed insulated,CBL-MIX,57.5,Nagpur,2026-04,indoor_tube,cart,False,train
IMG900470,img/placeholder/0470.png,procedural_placeholder,False,Cable,Copper household wire,CBL-CU,16.3,Pune,2025-11,low_light,cluttered_yard,True,train
IMG900471,img/placeholder/0471.png,procedural_placeholder,False,Cable,Copper household wire,CBL-CU,4.2,Mumbai,2025-04,indoor_tube,cart,False,train
IMG900472,img/placeholder/0472.png,procedural_placeholder,False,Cable,Armoured / data cable,CBL-ARM,34.7,Nagpur,2025-12,indoor_tube,cluttered_yard,False,train
IMG900473,img/placeholder/0473.png,procedural_placeholder,False,Cable,Aluminium cable,CBL-AL,20.1,Nashik,2026-06,shade,cart,False,val
IMG900474,img/placeholder/0474.png,procedural_placeholder,False,Cable,Aluminium cable,CBL-AL,6.4,Mumbai,2026-01,daylight,cluttered_yard,True,train
IMG900475,img/placeholder/0475.png,procedural_placeholder,False,Mixed plastic,HIPS,PLA-HIPS,21.8,Mumbai,2025-04,daylight,shop_counter,False,train
IMG900476,img/placeholder/0476.png,procedural_placeholder,False,Mixed plastic,PC/ABS blend,PLA-PCABS,45.6,Pimpri-Chinchwad,2025-08,indoor_tube,floor_mat,False,train
IMG900477,img/placeholder/0477.png,procedural_placeholder,False,Motor & magnet-bearing,Small AC/DC motor,MTR-SML,19.4,Pune,2025-11,low_light,floor_mat,False,val
IMG900478,img/placeholder/0478.png,procedural_placeholder,False,PCB,RAM / gold-finger,PCB-RAM,4.3,Mumbai,2025-05,daylight,shop_counter,False,test
IMG900479,img/placeholder/0479.png,procedural_placeholder,False,Battery,Button / coin cell,BAT-BTN,4.6,Mumbai,2025-10,shade,cluttered_yard,True,train
IMG900480,img/placeholder/0480.png,procedural_placeholder,False,Cable,Mixed insulated,CBL-MIX,18.4,Mumbai,2026-04,indoor_tube,shop_counter,False,train
IMG900481,img/placeholder/0481.png,procedural_placeholder,False,PCB,Mixed populated board,PCB-MIX,5.6,Nashik,2025-06,daylight,cluttered_yard,True,train
IMG900482,img/placeholder/0482.png,procedural_placeholder,False,CRT,Monochrome monitor tube,CRT-MON,25.7,Pune,2025-04,daylight,shop_counter,False,train
IMG900483,img/placeholder/0483.png,procedural_placeholder,False,CRT,Colour TV tube,CRT-CTV,24.2,Mumbai,2026-07,low_light,cluttered_yard,False,train
IMG900484,img/placeholder/0484.png,procedural_placeholder,False,Mixed plastic,ABS casing,PLA-ABS,14.6,Aurangabad,2026-03,shade,cluttered_yard,True,train
IMG900485,img/placeholder/0485.png,procedural_placeholder,False,Battery,Li-ion laptop / phone pack,BAT-LI,3.3,Pune,2025-07,low_light,floor_mat,False,train
IMG900486,img/placeholder/0486.png,procedural_placeholder,False,PCB,TV / appliance board (low grade),PCB-LOW,7.4,Pimpri-Chinchwad,2025-09,indoor_tube,floor_mat,False,test
IMG900487,img/placeholder/0487.png,procedural_placeholder,False,PCB,TV / appliance board (low grade),PCB-LOW,4.0,Nagpur,2025-11,daylight,cluttered_yard,False,train
IMG900488,img/placeholder/0488.png,procedural_placeholder,False,Battery,Lead-acid,BAT-PB,37.4,Pune,2026-07,indoor_tube,shop_counter,True,train
IMG900489,img/placeholder/0489.png,procedural_placeholder,False,Cable,Copper household wire,CBL-CU,14.6,Mumbai,2025-12,shade,shop_counter,False,train
IMG900490,img/placeholder/0490.png,procedural_placeholder,False,CRT,Deflection yoke,CRT-YOK,65.2,Pune,2026-01,daylight,floor_mat,False,train
IMG900491,img/placeholder/0491.png,procedural_placeholder,False,PCB,GPU / add-on card,PCB-GPU,3.3,Pimpri-Chinchwad,2025-12,indoor_tube,cart,True,val
IMG900492,img/placeholder/0492.png,procedural_placeholder,False,PCB,Motherboard (high grade),PCB-MBH,6.8,Pune,2025-05,daylight,cluttered_yard,True,train
IMG900493,img/placeholder/0493.png,procedural_placeholder,False,Cable,Aluminium cable,CBL-AL,9.8,Nagpur,2025-04,indoor_tube,cart,False,train
IMG900494,img/placeholder/0494.png,procedural_placeholder,False,Motor & magnet-bearing,Speaker magnet,MTR-SPK,13.6,Nashik,2026-05,indoor_tube,cluttered_yard,True,train
IMG900495,img/placeholder/0495.png,procedural_placeholder,False,Motor & magnet-bearing,Speaker magnet,MTR-SPK,7.3,Aurangabad,2025-08,shade,cluttered_yard,True,train
IMG900496,img/placeholder/0496.png,procedural_placeholder,False,Battery,Li-ion laptop / phone pack,BAT-LI,12.3,Mumbai,2025-04,daylight,cart,True,train
IMG900497,img/placeholder/0497.png,procedural_placeholder,False,PCB,Motherboard (high grade),PCB-MBH,10.7,Pune,2026-07,low_light,cluttered_yard,True,train
IMG900498,img/placeholder/0498.png,procedural_placeholder,False,PCB,Motherboard (high grade),PCB-MBH,11.6,Mumbai,2025-08,indoor_tube,floor_mat,True,train
IMG900499,img/placeholder/0499.png,procedural_placeholder,False,PCB,Mixed populated board,PCB-MIX,13.9,Nashik,2026-07,daylight,cluttered_yard,False,test
IMG900500,img/placeholder/0500.png,procedural_placeholder,False,Motor & magnet-bearing,Compressor motor,MTR-CMP,5.5,Mumbai,2025-03,indoor_tube,cluttered_yard,False,train
IMG900501,img/placeholder/0501.png,procedural_placeholder,False,PCB,GPU / add-on card,PCB-GPU,1.0,Nagpur,2025-04,daylight,plain,False,train
IMG900502,img/placeholder/0502.png,procedural_placeholder,False,CRT,Monochrome monitor tube,CRT-MON,23.9,Mumbai,2026-03,daylight,cluttered_yard,False,val
IMG900503,img/placeholder/0503.png,procedural_placeholder,False,Cable,Mixed insulated,CBL-MIX,27.0,Nashik,2025-10,daylight,cluttered_yard,False,val
IMG900504,img/placeholder/0504.png,procedural_placeholder,False,Mixed plastic,HIPS,PLA-HIPS,83.1,Pune,2026-07,indoor_tube,cluttered_yard,False,train
IMG900505,img/placeholder/0505.png,procedural_placeholder,False,CRT,Colour TV tube,CRT-CTV,63.9,Nashik,2025-07,low_light,cluttered_yard,False,train
IMG900506,img/placeholder/0506.png,procedural_placeholder,False,PCB,TV / appliance board (low grade),PCB-LOW,2.3,Pune,2025-10,daylight,plain,True,train
IMG900507,img/placeholder/0507.png,procedural_placeholder,False,Mixed plastic,ABS casing,PLA-ABS,62.4,Aurangabad,2025-12,shade,shop_counter,True,val
IMG900508,img/placeholder/0508.png,procedural_placeholder,False,Motor & magnet-bearing,HDD assembly,MTR-HDD,6.3,Nashik,2025-06,indoor_tube,floor_mat,True,train
IMG900509,img/placeholder/0509.png,procedural_placeholder,False,Cable,Armoured / data cable,CBL-ARM,19.8,Pimpri-Chinchwad,2026-06,shade,cluttered_yard,True,val
IMG900510,img/placeholder/0510.png,procedural_placeholder,False,Cable,Mixed insulated,CBL-MIX,6.8,Nashik,2026-03,indoor_tube,cart,True,train
IMG900511,img/placeholder/0511.png,procedural_placeholder,False,Cable,Aluminium cable,CBL-AL,30.7,Mumbai,2026-07,daylight,floor_mat,False,test
IMG900512,img/placeholder/0512.png,procedural_placeholder,False,Battery,Button / coin cell,BAT-BTN,67.9,Nagpur,2025-08,daylight,cluttered_yard,False,train
IMG900513,img/placeholder/0513.png,procedural_placeholder,False,Cable,Armoured / data cable,CBL-ARM,16.1,Mumbai,2025-09,flash,cluttered_yard,True,train
IMG900514,img/placeholder/0514.png,procedural_placeholder,False,LCD/LED panel,TV panel,LCD-TV,13.7,Pimpri-Chinchwad,2025-04,indoor_tube,shop_counter,False,train
IMG900515,img/placeholder/0515.png,procedural_placeholder,False,Cable,Mixed insulated,CBL-MIX,36.1,Pune,2025-07,low_light,floor_mat,False,train
IMG900516,img/placeholder/0516.png,procedural_placeholder,False,PCB,Motherboard (high grade),PCB-MBH,3.4,Pune,2026-07,shade,shop_counter,True,train
IMG900517,img/placeholder/0517.png,procedural_placeholder,False,Cable,Mixed insulated,CBL-MIX,14.8,Aurangabad,2025-08,daylight,cluttered_yard,False,train
IMG900518,img/placeholder/0518.png,procedural_placeholder,False,CRT,Monochrome monitor tube,CRT-MON,56.0,Aurangabad,2026-05,daylight,shop_counter,True,train
IMG900519,img/placeholder/0519.png,procedural_placeholder,False,PCB,Motherboard (high grade),PCB-MBH,15.0,Aurangabad,2026-08,flash,cart,False,train
IMG900520,img/placeholder/0520.png,procedural_placeholder,False,Battery,Li-ion laptop / phone pack,BAT-LI,2.2,Aurangabad,2026-01,daylight,cluttered_yard,False,train
IMG900521,img/placeholder/0521.png,procedural_placeholder,False,LCD/LED panel,Monitor panel,LCD-MON,24.3,Pune,2025-11,indoor_tube,floor_mat,False,val
IMG900522,img/placeholder/0522.png,procedural_placeholder,False,CRT,Deflection yoke,CRT-YOK,56.9,Pimpri-Chinchwad,2026-08,shade,floor_mat,False,test
IMG900523,img/placeholder/0523.png,procedural_placeholder,False,PCB,RAM / gold-finger,PCB-RAM,6.7,Mumbai,2026-06,indoor_tube,shop_counter,True,val
IMG900524,img/placeholder/0524.png,procedural_placeholder,False,LCD/LED panel,Monitor panel,LCD-MON,13.0,Pune,2025-08,shade,cluttered_yard,True,train
IMG900525,img/placeholder/0525.png,procedural_placeholder,False,Cable,Armoured / data cable,CBL-ARM,87.0,Mumbai,2026-03,daylight,plain,False,train
IMG900526,img/placeholder/0526.png,procedural_placeholder,False,Motor & magnet-bearing,Compressor motor,MTR-CMP,27.5,Pune,2025-10,flash,shop_counter,False,train
IMG900527,img/placeholder/0527.png,procedural_placeholder,False,PCB,RAM / gold-finger,PCB-RAM,4.5,Aurangabad,2026-07,shade,shop_counter,True,test
IMG900528,img/placeholder/0528.png,procedural_placeholder,False,Cable,Copper household wire,CBL-CU,19.6,Nashik,2026-04,daylight,shop_counter,True,train
IMG900529,img/placeholder/0529.png,procedural_placeholder,False,Mixed plastic,PC/ABS blend,PLA-PCABS,19.1,Aurangabad,2025-10,shade,floor_mat,True,val
IMG900530,img/placeholder/0530.png,procedural_placeholder,False,Cable,Armoured / data cable,CBL-ARM,7.7,Pune,2026-08,shade,floor_mat,False,train
IMG900531,img/placeholder/0531.png,procedural_placeholder,False,CRT,Colour TV tube,CRT-CTV,77.4,Pune,2026-03,indoor_tube,plain,False,train
IMG900532,img/placeholder/0532.png,procedural_placeholder,False,PCB,Motherboard (high grade),PCB-MBH,9.8,Nashik,2025-10,indoor_tube,floor_mat,True,test
IMG900533,img/placeholder/0533.png,procedural_placeholder,False,LCD/LED panel,Backlight assembly,LCD-BLA,20.8,Mumbai,2025-04,daylight,cart,True,train
IMG900534,img/placeholder/0534.png,procedural_placeholder,False,Mixed plastic,ABS casing,PLA-ABS,36.3,Pune,2025-12,daylight,cluttered_yard,False,val
IMG900535,img/placeholder/0535.png,procedural_placeholder,False,Motor & magnet-bearing,Compressor motor,MTR-CMP,70.7,Mumbai,2026-07,indoor_tube,cluttered_yard,True,train
IMG900536,img/placeholder/0536.png,procedural_placeholder,False,Battery,Ni-MH,BAT-NIMH,1.4,Mumbai,2025-05,low_light,cluttered_yard,False,val
IMG900537,img/placeholder/0537.png,procedural_placeholder,False,Motor & magnet-bearing,HDD assembly,MTR-HDD,68.9,Mumbai,2026-07,indoor_tube,plain,True,val
IMG900538,img/placeholder/0538.png,procedural_placeholder,False,Motor & magnet-bearing,Speaker magnet,MTR-SPK,42.0,Pimpri-Chinchwad,2025-06,daylight,shop_counter,False,train
IMG900539,img/placeholder/0539.png,procedural_placeholder,False,Battery,Lead-acid,BAT-PB,14.2,Mumbai,2026-02,shade,cart,True,test
IMG900540,img/placeholder/0540.png,procedural_placeholder,False,Mixed plastic,HIPS,PLA-HIPS,17.8,Pimpri-Chinchwad,2026-08,daylight,floor_mat,False,train
IMG900541,img/placeholder/0541.png,procedural_placeholder,False,Motor & magnet-bearing,Small AC/DC motor,MTR-SML,47.3,Pune,2026-04,daylight,floor_mat,True,train
IMG900542,img/placeholder/0542.png,procedural_placeholder,False,Motor & magnet-bearing,Small AC/DC motor,MTR-SML,86.4,Pune,2025-08,indoor_tube,cart,True,train
IMG900543,img/placeholder/0543.png,procedural_placeholder,False,Motor & magnet-bearing,Small AC/DC motor,MTR-SML,4.2,Pimpri-Chinchwad,2025-10,indoor_tube,floor_mat,True,train
IMG900544,img/placeholder/0544.png,procedural_placeholder,False,Motor & magnet-bearing,Compressor motor,MTR-CMP,8.0,Nashik,2025-12,low_light,cluttered_yard,False,train
IMG900545,img/placeholder/0545.png,procedural_placeholder,False,CRT,Deflection yoke,CRT-YOK,15.2,Aurangabad,2026-06,indoor_tube,floor_mat,True,train
IMG900546,img/placeholder/0546.png,procedural_placeholder,False,PCB,TV / appliance board (low grade),PCB-LOW,9.5,Pune,2025-06,daylight,cluttered_yard,True,train
IMG900547,img/placeholder/0547.png,procedural_placeholder,False,Mixed plastic,ABS casing,PLA-ABS,45.0,Mumbai,2025-09,daylight,cluttered_yard,False,train
IMG900548,img/placeholder/0548.png,procedural_placeholder,False,Motor & magnet-bearing,Speaker magnet,MTR-SPK,44.3,Mumbai,2025-12,indoor_tube,shop_counter,True,test
IMG900549,img/placeholder/0549.png,procedural_placeholder,False,Motor & magnet-bearing,Small AC/DC motor,MTR-SML,15.4,Nagpur,2025-12,low_light,cluttered_yard,False,train
IMG900550,img/placeholder/0550.png,procedural_placeholder,False,CRT,Monochrome monitor tube,CRT-MON,49.4,Nashik,2026-07,flash,cluttered_yard,False,train
IMG900551,img/placeholder/0551.png,procedural_placeholder,False,Motor & magnet-bearing,Speaker magnet,MTR-SPK,17.7,Mumbai,2025-12,daylight,cart,True,train
IMG900552,img/placeholder/0552.png,procedural_placeholder,False,LCD/LED panel,TV panel,LCD-TV,17.2,Mumbai,2025-08,flash,shop_counter,False,train
IMG900553,img/placeholder/0553.png,procedural_placeholder,False,Cable,Aluminium cable,CBL-AL,43.1,Mumbai,2025-03,low_light,cluttered_yard,True,train
IMG900554,img/placeholder/0554.png,procedural_placeholder,False,Battery,Ni-MH,BAT-NIMH,10.9,Mumbai,2026-06,shade,floor_mat,False,train
IMG900555,img/placeholder/0555.png,procedural_placeholder,False,PCB,TV / appliance board (low grade),PCB-LOW,5.8,Mumbai,2026-06,daylight,cluttered_yard,False,train
IMG900556,img/placeholder/0556.png,procedural_placeholder,False,PCB,Motherboard (high grade),PCB-MBH,4.1,Pune,2025-12,shade,cluttered_yard,False,train
IMG900557,img/placeholder/0557.png,procedural_placeholder,False,LCD/LED panel,TV panel,LCD-TV,22.1,Mumbai,2026-03,daylight,cart,False,train
IMG900558,img/placeholder/0558.png,procedural_placeholder,False,Cable,Aluminium cable,CBL-AL,47.8,Pimpri-Chinchwad,2026-05,daylight,cart,False,train
IMG900559,img/placeholder/0559.png,procedural_placeholder,False,Cable,Copper household wire,CBL-CU,42.2,Pimpri-Chinchwad,2025-06,low_light,cluttered_yard,False,train
IMG900560,img/placeholder/0560.png,procedural_placeholder,False,Cable,Mixed insulated,CBL-MIX,27.1,Mumbai,2025-11,indoor_tube,floor_mat,False,train
IMG900561,img/placeholder/0561.png,procedural_placeholder,False,Mixed plastic,PC/ABS blend,PLA-PCABS,154.9,Nashik,2026-05,flash,floor_mat,True,train
IMG900562,img/placeholder/0562.png,procedural_placeholder,False,Mixed plastic,Mixed dirty,PLA-MIX,25.6,Mumbai,2025-08,low_light,plain,False,train
IMG900563,img/placeholder/0563.png,procedural_placeholder,False,LCD/LED panel,Backlight assembly,LCD-BLA,22.0,Mumbai,2025-12,shade,floor_mat,True,train
IMG900564,img/placeholder/0564.png,procedural_placeholder,False,Cable,Mixed insulated,CBL-MIX,27.1,Pimpri-Chinchwad,2025-12,indoor_tube,shop_counter,False,train
IMG900565,img/placeholder/0565.png,procedural_placeholder,False,LCD/LED panel,Laptop panel,LCD-LAP,3.2,Nagpur,2026-05,shade,floor_mat,True,train
IMG900566,img/placeholder/0566.png,procedural_placeholder,False,CRT,Deflection yoke,CRT-YOK,69.1,Pimpri-Chinchwad,2025-06,daylight,cluttered_yard,True,test
IMG900567,img/placeholder/0567.png,procedural_placeholder,False,LCD/LED panel,Backlight assembly,LCD-BLA,2.6,Aurangabad,2025-04,indoor_tube,cart,False,train
IMG900568,img/placeholder/0568.png,procedural_placeholder,False,Mixed plastic,ABS casing,PLA-ABS,103.5,Mumbai,2025-06,low_light,shop_counter,False,train
IMG900569,img/placeholder/0569.png,procedural_placeholder,False,PCB,GPU / add-on card,PCB-GPU,6.2,Pimpri-Chinchwad,2026-03,low_light,shop_counter,False,train
IMG900570,img/placeholder/0570.png,procedural_placeholder,False,LCD/LED panel,Monitor panel,LCD-MON,21.0,Pune,2025-08,shade,plain,False,train
IMG900571,img/placeholder/0571.png,procedural_placeholder,False,Cable,Armoured / data cable,CBL-ARM,30.4,Mumbai,2025-07,shade,cluttered_yard,True,val
IMG900572,img/placeholder/0572.png,procedural_placeholder,False,Cable,Aluminium cable,CBL-AL,39.4,Nagpur,2025-03,daylight,cart,False,train
IMG900573,img/placeholder/0573.png,procedural_placeholder,False,LCD/LED panel,Laptop panel,LCD-LAP,20.9,Mumbai,2026-01,shade,plain,True,train
IMG900574,img/placeholder/0574.png,procedural_placeholder,False,Motor & magnet-bearing,Speaker magnet,MTR-SPK,14.5,Pimpri-Chinchwad,2026-05,indoor_tube,cart,False,train
IMG900575,img/placeholder/0575.png,procedural_placeholder,False,Motor & magnet-bearing,Small AC/DC motor,MTR-SML,33.6,Nashik,2026-06,daylight,shop_counter,True,train
IMG900576,img/placeholder/0576.png,procedural_placeholder,False,CRT,Deflection yoke,CRT-YOK,55.9,Mumbai,2026-05,shade,shop_counter,True,test
IMG900577,img/placeholder/0577.png,procedural_placeholder,False,Motor & magnet-bearing,Speaker magnet,MTR-SPK,5.8,Mumbai,2025-04,low_light,cluttered_yard,True,train
IMG900578,img/placeholder/0578.png,procedural_placeholder,False,PCB,Motherboard (high grade),PCB-MBH,3.2,Mumbai,2025-09,daylight,plain,True,test
IMG900579,img/placeholder/0579.png,procedural_placeholder,False,Cable,Armoured / data cable,CBL-ARM,38.0,Nashik,2025-04,shade,cart,False,test
IMG900580,img/placeholder/0580.png,procedural_placeholder,False,CRT,Monochrome monitor tube,CRT-MON,32.5,Pune,2026-04,indoor_tube,cluttered_yard,False,test
IMG900581,img/placeholder/0581.png,procedural_placeholder,False,Cable,Aluminium cable,CBL-AL,23.6,Mumbai,2025-09,shade,shop_counter,True,val
IMG900582,img/placeholder/0582.png,procedural_placeholder,False,PCB,RAM / gold-finger,PCB-RAM,7.3,Pune,2025-11,daylight,floor_mat,False,train
IMG900583,img/placeholder/0583.png,procedural_placeholder,False,PCB,RAM / gold-finger,PCB-RAM,20.5,Nashik,2025-12,daylight,cart,False,train
IMG900584,img/placeholder/0584.png,procedural_placeholder,False,Motor & magnet-bearing,HDD assembly,MTR-HDD,10.4,Pune,2025-11,shade,floor_mat,False,train
IMG900585,img/placeholder/0585.png,procedural_placeholder,False,CRT,Deflection yoke,CRT-YOK,18.5,Pune,2026-03,daylight,plain,False,train
IMG900586,img/placeholder/0586.png,procedural_placeholder,False,Cable,Mixed insulated,CBL-MIX,13.4,Aurangabad,2026-05,low_light,cart,False,train
IMG900587,img/placeholder/0587.png,procedural_placeholder,False,Mixed plastic,Mixed dirty,PLA-MIX,79.0,Mumbai,2026-03,daylight,plain,False,train
IMG900588,img/placeholder/0588.png,procedural_placeholder,False,CRT,Colour TV tube,CRT-CTV,34.2,Aurangabad,2025-07,indoor_tube,cluttered_yard,True,train
IMG900589,img/placeholder/0589.png,procedural_placeholder,False,Motor & magnet-bearing,HDD assembly,MTR-HDD,26.6,Nashik,2025-04,daylight,shop_counter,True,train
IMG900590,img/placeholder/0590.png,procedural_placeholder,False,Battery,Ni-MH,BAT-NIMH,4.8,Mumbai,2025-06,daylight,shop_counter,False,train
IMG900591,img/placeholder/0591.png,procedural_placeholder,False,Cable,Armoured / data cable,CBL-ARM,93.6,Pimpri-Chinchwad,2025-06,shade,floor_mat,True,train
IMG900592,img/placeholder/0592.png,procedural_placeholder,False,Cable,Aluminium cable,CBL-AL,43.4,Nashik,2026-07,shade,floor_mat,True,train
IMG900593,img/placeholder/0593.png,procedural_placeholder,False,Cable,Mixed insulated,CBL-MIX,17.0,Mumbai,2025-10,shade,shop_counter,False,train
IMG900594,img/placeholder/0594.png,procedural_placeholder,False,PCB,Motherboard (high grade),PCB-MBH,12.7,Pimpri-Chinchwad,2026-07,flash,floor_mat,False,train
IMG900595,img/placeholder/0595.png,procedural_placeholder,False,Battery,Lead-acid,BAT-PB,21.1,Mumbai,2026-04,shade,cluttered_yard,False,train
IMG900596,img/placeholder/0596.png,procedural_placeholder,False,Mixed plastic,HIPS,PLA-HIPS,17.9,Nagpur,2025-10,flash,plain,False,train
IMG900597,img/placeholder/0597.png,procedural_placeholder,False,Cable,Armoured / data cable,CBL-ARM,46.3,Nashik,2026-01,indoor_tube,floor_mat,False,train
IMG900598,img/placeholder/0598.png,procedural_placeholder,False,CRT,Deflection yoke,CRT-YOK,12.2,Mumbai,2026-03,low_light,plain,True,train
IMG900599,img/placeholder/0599.png,procedural_placeholder,False,Battery,Ni-MH,BAT-NIMH,8.2,Nagpur,2025-08,daylight,cluttered_yard,True,test
IMG900600,img/placeholder/0600.png,procedural_placeholder,False,Motor & magnet-bearing,Compressor motor,MTR-CMP,17.5,Pimpri-Chinchwad,2025-11,daylight,shop_counter,True,val
IMG900601,img/placeholder/0601.png,procedural_placeholder,False,CRT,Colour TV tube,CRT-CTV,85.5,Pimpri-Chinchwad,2026-08,low_light,shop_counter,True,train
IMG900602,img/placeholder/0602.png,procedural_placeholder,False,Mixed plastic,PC/ABS blend,PLA-PCABS,7.1,Mumbai,2025-06,daylight,plain,False,train
IMG900603,img/placeholder/0603.png,procedural_placeholder,False,Battery,Ni-MH,BAT-NIMH,1.7,Mumbai,2026-01,indoor_tube,shop_counter,True,train
IMG900604,img/placeholder/0604.png,procedural_placeholder,False,LCD/LED panel,TV panel,LCD-TV,15.4,Mumbai,2026-08,daylight,plain,False,test
IMG900605,img/placeholder/0605.png,procedural_placeholder,False,Cable,Copper household wire,CBL-CU,42.9,Nagpur,2026-01,flash,cart,False,val
IMG900606,img/placeholder/0606.png,procedural_placeholder,False,Motor & magnet-bearing,Compressor motor,MTR-CMP,41.7,Nashik,2025-11,shade,cluttered_yard,True,train
IMG900607,img/placeholder/0607.png,procedural_placeholder,False,CRT,Deflection yoke,CRT-YOK,64.9,Mumbai,2026-02,daylight,plain,True,train
IMG900608,img/placeholder/0608.png,procedural_placeholder,False,Cable,Armoured / data cable,CBL-ARM,25.2,Pune,2026-07,indoor_tube,cart,True,test
IMG900609,img/placeholder/0609.png,procedural_placeholder,False,Motor & magnet-bearing,HDD assembly,MTR-HDD,9.6,Aurangabad,2026-02,daylight,floor_mat,False,test
IMG900610,img/placeholder/0610.png,procedural_placeholder,False,Battery,Li-ion laptop / phone pack,BAT-LI,6.5,Mumbai,2026-07,low_light,cluttered_yard,False,train
IMG900611,img/placeholder/0611.png,procedural_placeholder,False,PCB,GPU / add-on card,PCB-GPU,3.2,Pimpri-Chinchwad,2025-06,low_light,cluttered_yard,True,test
IMG900612,img/placeholder/0612.png,procedural_placeholder,False,LCD/LED panel,TV panel,LCD-TV,87.6,Nashik,2026-01,low_light,cluttered_yard,True,test
IMG900613,img/placeholder/0613.png,procedural_placeholder,False,Mixed plastic,ABS casing,PLA-ABS,77.0,Mumbai,2025-03,daylight,cart,True,train
IMG900614,img/placeholder/0614.png,procedural_placeholder,False,Mixed plastic,HIPS,PLA-HIPS,59.4,Pimpri-Chinchwad,2026-02,daylight,cluttered_yard,False,train
IMG900615,img/placeholder/0615.png,procedural_placeholder,False,CRT,Monochrome monitor tube,CRT-MON,33.8,Pune,2025-05,daylight,cart,True,train
IMG900616,img/placeholder/0616.png,procedural_placeholder,False,PCB,Mixed populated board,PCB-MIX,2.8,Pune,2026-06,shade,cart,False,train
IMG900617,img/placeholder/0617.png,procedural_placeholder,False,PCB,TV / appliance board (low grade),PCB-LOW,3.7,Pimpri-Chinchwad,2025-09,indoor_tube,cluttered_yard,True,test
IMG900618,img/placeholder/0618.png,procedural_placeholder,False,PCB,Motherboard (high grade),PCB-MBH,4.9,Nashik,2025-04,indoor_tube,floor_mat,True,train
IMG900619,img/placeholder/0619.png,procedural_placeholder,False,PCB,GPU / add-on card,PCB-GPU,30.6,Pune,2025-12,daylight,floor_mat,False,test
IMG900620,img/placeholder/0620.png,procedural_placeholder,False,Battery,Button / coin cell,BAT-BTN,3.7,Mumbai,2025-09,shade,cluttered_yard,False,test
IMG900621,img/placeholder/0621.png,procedural_placeholder,False,Cable,Armoured / data cable,CBL-ARM,17.9,Mumbai,2025-08,shade,shop_counter,True,test
IMG900622,img/placeholder/0622.png,procedural_placeholder,False,Cable,Aluminium cable,CBL-AL,17.5,Nashik,2026-08,daylight,floor_mat,True,train
IMG900623,img/placeholder/0623.png,procedural_placeholder,False,Battery,Button / coin cell,BAT-BTN,11.9,Nagpur,2025-06,flash,cluttered_yard,False,test
IMG900624,img/placeholder/0624.png,procedural_placeholder,False,Mixed plastic,HIPS,PLA-HIPS,33.3,Pune,2025-11,daylight,floor_mat,True,train
IMG900625,img/placeholder/0625.png,procedural_placeholder,False,PCB,RAM / gold-finger,PCB-RAM,2.4,Pune,2026-07,low_light,cart,True,train
IMG900626,img/placeholder/0626.png,procedural_placeholder,False,Mixed plastic,Mixed dirty,PLA-MIX,30.8,Nagpur,2026-05,daylight,cart,False,train
IMG900627,img/placeholder/0627.png,procedural_placeholder,False,Cable,Mixed insulated,CBL-MIX,32.7,Mumbai,2026-06,low_light,cluttered_yard,False,val
IMG900628,img/placeholder/0628.png,procedural_placeholder,False,Cable,Aluminium cable,CBL-AL,24.8,Nagpur,2025-12,shade,floor_mat,False,train
IMG900629,img/placeholder/0629.png,procedural_placeholder,False,Mixed plastic,HIPS,PLA-HIPS,34.0,Nagpur,2026-06,indoor_tube,cluttered_yard,False,val
IMG900630,img/placeholder/0630.png,procedural_placeholder,False,CRT,Deflection yoke,CRT-YOK,13.4,Nagpur,2025-04,indoor_tube,shop_counter,True,train
IMG900631,img/placeholder/0631.png,procedural_placeholder,False,PCB,RAM / gold-finger,PCB-RAM,8.4,Mumbai,2025-10,flash,cart,False,train
IMG900632,img/placeholder/0632.png,procedural_placeholder,False,Cable,Mixed insulated,CBL-MIX,70.6,Pune,2025-07,low_light,shop_counter,True,train
IMG900633,img/placeholder/0633.png,procedural_placeholder,False,PCB,RAM / gold-finger,PCB-RAM,11.8,Mumbai,2026-08,low_light,shop_counter,False,train
IMG900634,img/placeholder/0634.png,procedural_placeholder,False,PCB,Mixed populated board,PCB-MIX,4.7,Pune,2025-09,flash,floor_mat,True,test
IMG900635,img/placeholder/0635.png,procedural_placeholder,False,Mixed plastic,ABS casing,PLA-ABS,60.7,Nashik,2026-07,shade,cluttered_yard,False,train
IMG900636,img/placeholder/0636.png,procedural_placeholder,False,Mixed plastic,HIPS,PLA-HIPS,17.4,Aurangabad,2025-08,indoor_tube,cluttered_yard,True,train
IMG900637,img/placeholder/0637.png,procedural_placeholder,False,Mixed plastic,PC/ABS blend,PLA-PCABS,46.6,Mumbai,2025-11,shade,cart,False,train
IMG900638,img/placeholder/0638.png,procedural_placeholder,False,Mixed plastic,PC/ABS blend,PLA-PCABS,44.6,Pune,2025-04,daylight,cart,False,train
IMG900639,img/placeholder/0639.png,procedural_placeholder,False,PCB,TV / appliance board (low grade),PCB-LOW,6.4,Nagpur,2025-04,daylight,floor_mat,False,train
IMG900640,img/placeholder/0640.png,procedural_placeholder,False,Cable,Armoured / data cable,CBL-ARM,65.1,Mumbai,2026-07,daylight,floor_mat,False,val
IMG900641,img/placeholder/0641.png,procedural_placeholder,False,Motor & magnet-bearing,HDD assembly,MTR-HDD,22.3,Aurangabad,2025-11,shade,cart,False,val
IMG900642,img/placeholder/0642.png,procedural_placeholder,False,Cable,Armoured / data cable,CBL-ARM,35.5,Pune,2026-08,indoor_tube,cluttered_yard,True,train
IMG900643,img/placeholder/0643.png,procedural_placeholder,False,Cable,Armoured / data cable,CBL-ARM,38.6,Aurangabad,2025-04,shade,cluttered_yard,True,test
IMG900644,img/placeholder/0644.png,procedural_placeholder,False,PCB,Mixed populated board,PCB-MIX,4.4,Mumbai,2026-07,daylight,floor_mat,True,train
IMG900645,img/placeholder/0645.png,procedural_placeholder,False,Battery,Button / coin cell,BAT-BTN,1.1,Nagpur,2025-12,flash,shop_counter,True,train
IMG900646,img/placeholder/0646.png,procedural_placeholder,False,Mixed plastic,HIPS,PLA-HIPS,38.4,Pune,2026-06,shade,plain,True,train
IMG900647,img/placeholder/0647.png,procedural_placeholder,False,Battery,Li-ion laptop / phone pack,BAT-LI,1.0,Pune,2025-09,daylight,floor_mat,True,test
IMG900648,img/placeholder/0648.png,procedural_placeholder,False,Cable,Aluminium cable,CBL-AL,160.0,Nagpur,2025-07,indoor_tube,cluttered_yard,False,train
IMG900649,img/placeholder/0649.png,procedural_placeholder,False,Mixed plastic,HIPS,PLA-HIPS,33.5,Pune,2025-03,daylight,cart,False,train
IMG900650,img/placeholder/0650.png,procedural_placeholder,False,Cable,Copper household wire,CBL-CU,12.6,Nagpur,2026-05,indoor_tube,cluttered_yard,True,train
IMG900651,img/placeholder/0651.png,procedural_placeholder,False,Mixed plastic,ABS casing,PLA-ABS,133.6,Mumbai,2026-02,indoor_tube,cart,False,train
IMG900652,img/placeholder/0652.png,procedural_placeholder,False,Cable,Copper household wire,CBL-CU,77.4,Mumbai,2025-05,flash,shop_counter,True,train
IMG900653,img/placeholder/0653.png,procedural_placeholder,False,Cable,Aluminium cable,CBL-AL,44.3,Mumbai,2026-08,shade,cluttered_yard,True,train
IMG900654,img/placeholder/0654.png,procedural_placeholder,False,Cable,Armoured / data cable,CBL-ARM,50.2,Mumbai,2026-05,daylight,cart,True,train
IMG900655,img/placeholder/0655.png,procedural_placeholder,False,PCB,GPU / add-on card,PCB-GPU,1.8,Aurangabad,2025-07,shade,floor_mat,True,train
IMG900656,img/placeholder/0656.png,procedural_placeholder,False,Cable,Mixed insulated,CBL-MIX,26.0,Pimpri-Chinchwad,2026-03,flash,cluttered_yard,False,test
IMG900657,img/placeholder/0657.png,procedural_placeholder,False,Battery,Ni-MH,BAT-NIMH,7.7,Nagpur,2026-05,low_light,cart,False,test
IMG900658,img/placeholder/0658.png,procedural_placeholder,False,Mixed plastic,ABS casing,PLA-ABS,14.8,Mumbai,2025-08,flash,plain,True,test
IMG900659,img/placeholder/0659.png,procedural_placeholder,False,Battery,Lead-acid,BAT-PB,5.1,Mumbai,2025-09,flash,cluttered_yard,True,train
IMG900660,img/placeholder/0660.png,procedural_placeholder,False,Cable,Mixed insulated,CBL-MIX,8.6,Mumbai,2025-09,daylight,cluttered_yard,True,test
IMG900661,img/placeholder/0661.png,procedural_placeholder,False,CRT,Colour TV tube,CRT-CTV,53.3,Pune,2025-12,shade,cluttered_yard,False,test
IMG900662,img/placeholder/0662.png,procedural_placeholder,False,Mixed plastic,ABS casing,PLA-ABS,77.9,Aurangabad,2025-12,flash,cart,False,train
IMG900663,img/placeholder/0663.png,procedural_placeholder,False,Cable,Aluminium cable,CBL-AL,8.4,Pune,2025-04,flash,floor_mat,False,train
IMG900664,img/placeholder/0664.png,procedural_placeholder,False,Cable,Copper household wire,CBL-CU,28.2,Pimpri-Chinchwad,2025-08,shade,cluttered_yard,True,train
IMG900665,img/placeholder/0665.png,procedural_placeholder,False,Battery,Button / coin cell,BAT-BTN,18.7,Pune,2025-07,low_light,shop_counter,False,train
IMG900666,img/placeholder/0666.png,procedural_placeholder,False,PCB,TV / appliance board (low grade),PCB-LOW,4.4,Pune,2026-02,shade,shop_counter,False,train
IMG900667,img/placeholder/0667.png,procedural_placeholder,False,Mixed plastic,ABS casing,PLA-ABS,12.8,Mumbai,2026-08,daylight,shop_counter,False,val
IMG900668,img/placeholder/0668.png,procedural_placeholder,False,Motor & magnet-bearing,HDD assembly,MTR-HDD,13.6,Pune,2026-08,daylight,cart,False,val
IMG900669,img/placeholder/0669.png,procedural_placeholder,False,Battery,Lead-acid,BAT-PB,50.5,Nagpur,2025-12,daylight,cluttered_yard,True,train
IMG900670,img/placeholder/0670.png,procedural_placeholder,False,Mixed plastic,ABS casing,PLA-ABS,25.2,Pune,2026-05,daylight,cart,False,train
IMG900671,img/placeholder/0671.png,procedural_placeholder,False,CRT,Colour TV tube,CRT-CTV,111.5,Pimpri-Chinchwad,2025-06,shade,cluttered_yard,False,train
IMG900672,img/placeholder/0672.png,procedural_placeholder,False,Battery,Lead-acid,BAT-PB,5.4,Nagpur,2025-12,low_light,cluttered_yard,False,val
IMG900673,img/placeholder/0673.png,procedural_placeholder,False,Cable,Armoured / data cable,CBL-ARM,87.1,Nashik,2025-07,low_light,floor_mat,True,train
IMG900674,img/placeholder/0674.png,procedural_placeholder,False,Cable,Mixed insulated,CBL-MIX,68.4,Pune,2025-06,flash,shop_counter,False,train
IMG900675,img/placeholder/0675.png,procedural_placeholder,False,Battery,Li-ion laptop / phone pack,BAT-LI,36.3,Pune,2025-06,indoor_tube,cluttered_yard,False,train
IMG900676,img/placeholder/0676.png,procedural_placeholder,False,Cable,Aluminium cable,CBL-AL,64.3,Pune,2026-05,shade,cluttered_yard,False,train
IMG900677,img/placeholder/0677.png,procedural_placeholder,False,PCB,TV / appliance board (low grade),PCB-LOW,15.1,Pimpri-Chinchwad,2026-04,indoor_tube,floor_mat,False,train
IMG900678,img/placeholder/0678.png,procedural_placeholder,False,Cable,Mixed insulated,CBL-MIX,21.8,Mumbai,2026-04,daylight,floor_mat,False,train
IMG900679,img/placeholder/0679.png,procedural_placeholder,False,PCB,RAM / gold-finger,PCB-RAM,12.8,Mumbai,2025-08,flash,floor_mat,False,train
IMG900680,img/placeholder/0680.png,procedural_placeholder,False,Cable,Mixed insulated,CBL-MIX,29.2,Nagpur,2026-06,daylight,shop_counter,True,train
IMG900681,img/placeholder/0681.png,procedural_placeholder,False,Mixed plastic,ABS casing,PLA-ABS,10.1,Pune,2026-06,indoor_tube,cluttered_yard,True,test
IMG900682,img/placeholder/0682.png,procedural_placeholder,False,Battery,Button / coin cell,BAT-BTN,2.7,Nagpur,2026-04,daylight,shop_counter,False,train
IMG900683,img/placeholder/0683.png,procedural_placeholder,False,Motor & magnet-bearing,Compressor motor,MTR-CMP,9.5,Mumbai,2025-07,shade,cart,True,train
IMG900684,img/placeholder/0684.png,procedural_placeholder,False,Battery,Li-ion laptop / phone pack,BAT-LI,1.2,Mumbai,2026-01,shade,cluttered_yard,True,train
IMG900685,img/placeholder/0685.png,procedural_placeholder,False,Mixed plastic,PC/ABS blend,PLA-PCABS,23.2,Nashik,2026-04,indoor_tube,cluttered_yard,True,train
IMG900686,img/placeholder/0686.png,procedural_placeholder,False,Battery,Button / coin cell,BAT-BTN,0.9,Pimpri-Chinchwad,2025-08,daylight,plain,False,train
IMG900687,img/placeholder/0687.png,procedural_placeholder,False,Battery,Li-ion laptop / phone pack,BAT-LI,2.2,Nagpur,2026-01,daylight,cart,False,train
IMG900688,img/placeholder/0688.png,procedural_placeholder,False,Mixed plastic,HIPS,PLA-HIPS,106.0,Mumbai,2026-06,daylight,floor_mat,False,train
IMG900689,img/placeholder/0689.png,procedural_placeholder,False,Cable,Armoured / data cable,CBL-ARM,100.5,Mumbai,2025-03,shade,plain,False,val
IMG900690,img/placeholder/0690.png,procedural_placeholder,False,Mixed plastic,HIPS,PLA-HIPS,143.4,Pune,2025-09,indoor_tube,cluttered_yard,False,train
IMG900691,img/placeholder/0691.png,procedural_placeholder,False,Cable,Armoured / data cable,CBL-ARM,40.1,Pimpri-Chinchwad,2026-08,flash,cluttered_yard,False,train
IMG900692,img/placeholder/0692.png,procedural_placeholder,False,Battery,Ni-MH,BAT-NIMH,10.6,Pimpri-Chinchwad,2025-06,low_light,cluttered_yard,False,train
IMG900693,img/placeholder/0693.png,procedural_placeholder,False,PCB,RAM / gold-finger,PCB-RAM,10.7,Mumbai,2026-04,shade,shop_counter,False,train
IMG900694,img/placeholder/0694.png,procedural_placeholder,False,Mixed plastic,ABS casing,PLA-ABS,94.7,Mumbai,2025-05,daylight,cart,False,test
IMG900695,img/placeholder/0695.png,procedural_placeholder,False,PCB,RAM / gold-finger,PCB-RAM,7.9,Aurangabad,2026-03,low_light,shop_counter,True,train
IMG900696,img/placeholder/0696.png,procedural_placeholder,False,Mixed plastic,PC/ABS blend,PLA-PCABS,28.0,Nagpur,2026-03,daylight,cart,False,test
IMG900697,img/placeholder/0697.png,procedural_placeholder,False,Cable,Armoured / data cable,CBL-ARM,83.0,Pune,2026-07,daylight,floor_mat,False,train
IMG900698,img/placeholder/0698.png,procedural_placeholder,False,Cable,Armoured / data cable,CBL-ARM,93.3,Pune,2025-11,indoor_tube,floor_mat,False,train
IMG900699,img/placeholder/0699.png,procedural_placeholder,False,Battery,Li-ion laptop / phone pack,BAT-LI,11.5,Mumbai,2025-11,shade,cart,False,test
IMG900700,img/placeholder/0700.png,procedural_placeholder,False,Mixed plastic,HIPS,PLA-HIPS,44.7,Aurangabad,2025-10,shade,plain,True,train
IMG900701,img/placeholder/0701.png,procedural_placeholder,False,Cable,Copper household wire,CBL-CU,74.2,Aurangabad,2026-03,shade,floor_mat,False,train
IMG900702,img/placeholder/0702.png,procedural_placeholder,False,PCB,GPU / add-on card,PCB-GPU,8.3,Nashik,2025-04,daylight,cluttered_yard,True,train
IMG900703,img/placeholder/0703.png,procedural_placeholder,False,Mixed plastic,ABS casing,PLA-ABS,47.1,Nagpur,2025-09,daylight,cluttered_yard,True,train
IMG900704,img/placeholder/0704.png,procedural_placeholder,False,Mixed plastic,PC/ABS blend,PLA-PCABS,15.7,Pimpri-Chinchwad,2025-03,low_light,shop_counter,False,train
IMG900705,img/placeholder/0705.png,procedural_placeholder,False,Battery,Ni-MH,BAT-NIMH,46.2,Mumbai,2026-06,indoor_tube,cluttered_yard,True,train
IMG900706,img/placeholder/0706.png,procedural_placeholder,False,Battery,Button / coin cell,BAT-BTN,2.3,Mumbai,2025-10,daylight,cluttered_yard,False,train
IMG900707,img/placeholder/0707.png,procedural_placeholder,False,PCB,Mixed populated board,PCB-MIX,4.8,Pune,2026-03,indoor_tube,cluttered_yard,True,train
IMG900708,img/placeholder/0708.png,procedural_placeholder,False,CRT,Colour TV tube,CRT-CTV,20.1,Nashik,2025-12,flash,cart,True,train
IMG900709,img/placeholder/0709.png,procedural_placeholder,False,Cable,Aluminium cable,CBL-AL,29.1,Pune,2025-05,indoor_tube,cluttered_yard,False,train
IMG900710,img/placeholder/0710.png,procedural_placeholder,False,Cable,Copper household wire,CBL-CU,3.6,Mumbai,2025-12,indoor_tube,cluttered_yard,False,val
IMG900711,img/placeholder/0711.png,procedural_placeholder,False,PCB,GPU / add-on card,PCB-GPU,7.0,Mumbai,2026-07,daylight,floor_mat,False,test
IMG900712,img/placeholder/0712.png,procedural_placeholder,False,Mixed plastic,HIPS,PLA-HIPS,44.2,Mumbai,2026-02,low_light,floor_mat,True,train
IMG900713,img/placeholder/0713.png,procedural_placeholder,False,Cable,Aluminium cable,CBL-AL,41.8,Aurangabad,2025-03,low_light,floor_mat,True,train
IMG900714,img/placeholder/0714.png,procedural_placeholder,False,CRT,Deflection yoke,CRT-YOK,15.5,Pimpri-Chinchwad,2025-06,low_light,cluttered_yard,False,train
IMG900715,img/placeholder/0715.png,procedural_placeholder,False,Cable,Copper household wire,CBL-CU,32.1,Mumbai,2026-04,shade,shop_counter,False,train
IMG900716,img/placeholder/0716.png,procedural_placeholder,False,Mixed plastic,PC/ABS blend,PLA-PCABS,25.8,Pune,2025-08,shade,plain,False,train
IMG900717,img/placeholder/0717.png,procedural_placeholder,False,PCB,Mixed populated board,PCB-MIX,4.4,Nashik,2026-05,low_light,floor_mat,True,train
IMG900718,img/placeholder/0718.png,procedural_placeholder,False,CRT,Deflection yoke,CRT-YOK,83.9,Mumbai,2025-05,indoor_tube,cluttered_yard,False,train
IMG900719,img/placeholder/0719.png,procedural_placeholder,False,PCB,Motherboard (high grade),PCB-MBH,1.5,Pimpri-Chinchwad,2025-07,low_light,cluttered_yard,False,train
IMG900720,img/placeholder/0720.png,procedural_placeholder,False,CRT,Colour TV tube,CRT-CTV,39.6,Nashik,2025-10,daylight,cart,True,train
IMG900721,img/placeholder/0721.png,procedural_placeholder,False,Motor & magnet-bearing,Speaker magnet,MTR-SPK,8.2,Nashik,2025-11,indoor_tube,cart,False,train
IMG900722,img/placeholder/0722.png,procedural_placeholder,False,LCD/LED panel,Monitor panel,LCD-MON,19.1,Nashik,2026-03,indoor_tube,floor_mat,False,train
IMG900723,img/placeholder/0723.png,procedural_placeholder,False,PCB,Motherboard (high grade),PCB-MBH,6.2,Pune,2026-07,indoor_tube,cluttered_yard,False,test
IMG900724,img/placeholder/0724.png,procedural_placeholder,False,LCD/LED panel,Backlight assembly,LCD-BLA,6.8,Aurangabad,2025-07,daylight,shop_counter,False,train
IMG900725,img/placeholder/0725.png,procedural_placeholder,False,PCB,Mixed populated board,PCB-MIX,12.0,Pune,2026-08,indoor_tube,cluttered_yard,False,train
IMG900726,img/placeholder/0726.png,procedural_placeholder,False,LCD/LED panel,Laptop panel,LCD-LAP,22.3,Pune,2026-01,daylight,cluttered_yard,False,test
IMG900727,img/placeholder/0727.png,procedural_placeholder,False,Battery,Ni-MH,BAT-NIMH,5.2,Pune,2025-11,shade,cluttered_yard,False,val
IMG900728,img/placeholder/0728.png,procedural_placeholder,False,Battery,Ni-MH,BAT-NIMH,1.0,Pune,2025-05,low_light,shop_counter,False,train
IMG900729,img/placeholder/0729.png,procedural_placeholder,False,Mixed plastic,Mixed dirty,PLA-MIX,84.8,Mumbai,2025-10,flash,plain,True,train
IMG900730,img/placeholder/0730.png,procedural_placeholder,False,Mixed plastic,PC/ABS blend,PLA-PCABS,19.4,Mumbai,2025-03,shade,cart,True,train
IMG900731,img/placeholder/0731.png,procedural_placeholder,False,CRT,Deflection yoke,CRT-YOK,55.9,Pune,2026-02,shade,floor_mat,True,train
IMG900732,img/placeholder/0732.png,procedural_placeholder,False,Motor & magnet-bearing,HDD assembly,MTR-HDD,8.5,Mumbai,2025-06,indoor_tube,cluttered_yard,False,train
IMG900733,img/placeholder/0733.png,procedural_placeholder,False,Mixed plastic,HIPS,PLA-HIPS,25.3,Pimpri-Chinchwad,2025-11,shade,cluttered_yard,False,train
IMG900734,img/placeholder/0734.png,procedural_placeholder,False,PCB,RAM / gold-finger,PCB-RAM,2.7,Mumbai,2026-07,indoor_tube,floor_mat,False,val
IMG900735,img/placeholder/0735.png,procedural_placeholder,False,Motor & magnet-bearing,Speaker magnet,MTR-SPK,29.0,Pune,2026-01,indoor_tube,cluttered_yard,True,train
IMG900736,img/placeholder/0736.png,procedural_placeholder,False,Mixed plastic,HIPS,PLA-HIPS,79.2,Nagpur,2025-03,shade,floor_mat,True,train
IMG900737,img/placeholder/0737.png,procedural_placeholder,False,Cable,Mixed insulated,CBL-MIX,9.9,Mumbai,2025-09,shade,cluttered_yard,False,test
IMG900738,img/placeholder/0738.png,procedural_placeholder,False,Cable,Copper household wire,CBL-CU,51.0,Aurangabad,2025-05,flash,cluttered_yard,False,train
IMG900739,img/placeholder/0739.png,procedural_placeholder,False,Mixed plastic,Mixed dirty,PLA-MIX,21.2,Nagpur,2025-11,low_light,cluttered_yard,False,train
IMG900740,img/placeholder/0740.png,procedural_placeholder,False,Battery,Ni-MH,BAT-NIMH,14.4,Aurangabad,2026-05,shade,shop_counter,False,train
IMG900741,img/placeholder/0741.png,procedural_placeholder,False,Battery,Ni-MH,BAT-NIMH,3.2,Aurangabad,2025-12,indoor_tube,cluttered_yard,False,train
IMG900742,img/placeholder/0742.png,procedural_placeholder,False,CRT,Deflection yoke,CRT-YOK,10.7,Aurangabad,2025-07,shade,floor_mat,False,test
IMG900743,img/placeholder/0743.png,procedural_placeholder,False,Motor & magnet-bearing,Speaker magnet,MTR-SPK,36.2,Nashik,2025-08,shade,cluttered_yard,False,train
IMG900744,img/placeholder/0744.png,procedural_placeholder,False,CRT,Colour TV tube,CRT-CTV,36.5,Mumbai,2025-05,indoor_tube,floor_mat,False,val
IMG900745,img/placeholder/0745.png,procedural_placeholder,False,Motor & magnet-bearing,Compressor motor,MTR-CMP,12.8,Aurangabad,2026-05,indoor_tube,shop_counter,True,train
IMG900746,img/placeholder/0746.png,procedural_placeholder,False,Motor & magnet-bearing,Compressor motor,MTR-CMP,27.2,Nashik,2026-01,low_light,shop_counter,True,train
IMG900747,img/placeholder/0747.png,procedural_placeholder,False,Cable,Aluminium cable,CBL-AL,33.9,Pimpri-Chinchwad,2025-03,daylight,shop_counter,True,train
IMG900748,img/placeholder/0748.png,procedural_placeholder,False,Mixed plastic,ABS casing,PLA-ABS,56.9,Pune,2026-07,flash,floor_mat,True,val
IMG900749,img/placeholder/0749.png,procedural_placeholder,False,Motor & magnet-bearing,Small AC/DC motor,MTR-SML,20.9,Mumbai,2026-04,low_light,cluttered_yard,False,train
IMG900750,img/placeholder/0750.png,procedural_placeholder,False,Mixed plastic,PC/ABS blend,PLA-PCABS,86.7,Mumbai,2025-08,shade,cluttered_yard,False,train
IMG900751,img/placeholder/0751.png,procedural_placeholder,False,PCB,GPU / add-on card,PCB-GPU,4.8,Aurangabad,2025-03,low_light,cart,False,train
IMG900752,img/placeholder/0752.png,procedural_placeholder,False,Mixed plastic,Mixed dirty,PLA-MIX,49.6,Nashik,2026-03,indoor_tube,floor_mat,False,train
IMG900753,img/placeholder/0753.png,procedural_placeholder,False,CRT,Colour TV tube,CRT-CTV,24.9,Pimpri-Chinchwad,2025-10,indoor_tube,cluttered_yard,False,test
IMG900754,img/placeholder/0754.png,procedural_placeholder,False,Motor & magnet-bearing,Speaker magnet,MTR-SPK,23.4,Nashik,2025-08,low_light,cluttered_yard,True,train
IMG900755,img/placeholder/0755.png,procedural_placeholder,False,Battery,Ni-MH,BAT-NIMH,11.1,Mumbai,2025-11,low_light,shop_counter,True,train
IMG900756,img/placeholder/0756.png,procedural_placeholder,False,Battery,Ni-MH,BAT-NIMH,6.5,Mumbai,2026-08,shade,cart,False,train
IMG900757,img/placeholder/0757.png,procedural_placeholder,False,Battery,Li-ion laptop / phone pack,BAT-LI,7.5,Aurangabad,2025-04,low_light,cart,False,train
IMG900758,img/placeholder/0758.png,procedural_placeholder,False,Mixed plastic,ABS casing,PLA-ABS,13.1,Pune,2026-06,daylight,cart,True,val
IMG900759,img/placeholder/0759.png,procedural_placeholder,False,Motor & magnet-bearing,Compressor motor,MTR-CMP,10.4,Nagpur,2025-09,shade,cart,True,train
IMG900760,img/placeholder/0760.png,procedural_placeholder,False,LCD/LED panel,TV panel,LCD-TV,26.6,Mumbai,2025-05,flash,cluttered_yard,True,train
IMG900761,img/placeholder/0761.png,procedural_placeholder,False,PCB,RAM / gold-finger,PCB-RAM,2.8,Mumbai,2026-04,indoor_tube,floor_mat,False,train
IMG900762,img/placeholder/0762.png,procedural_placeholder,False,Motor & magnet-bearing,Small AC/DC motor,MTR-SML,18.9,Pimpri-Chinchwad,2025-03,shade,cart,True,train
IMG900763,img/placeholder/0763.png,procedural_placeholder,False,Mixed plastic,ABS casing,PLA-ABS,43.6,Mumbai,2025-11,shade,cluttered_yard,True,train
IMG900764,img/placeholder/0764.png,procedural_placeholder,False,Mixed plastic,Mixed dirty,PLA-MIX,16.1,Nashik,2025-03,daylight,shop_counter,False,train
IMG900765,img/placeholder/0765.png,procedural_placeholder,False,PCB,Motherboard (high grade),PCB-MBH,43.3,Mumbai,2025-12,indoor_tube,cluttered_yard,False,train
IMG900766,img/placeholder/0766.png,procedural_placeholder,False,Motor & magnet-bearing,Compressor motor,MTR-CMP,11.1,Nagpur,2025-03,low_light,shop_counter,True,test
IMG900767,img/placeholder/0767.png,procedural_placeholder,False,PCB,TV / appliance board (low grade),PCB-LOW,14.2,Mumbai,2026-01,shade,cluttered_yard,False,train
IMG900768,img/placeholder/0768.png,procedural_placeholder,False,PCB,TV / appliance board (low grade),PCB-LOW,1.1,Aurangabad,2025-06,indoor_tube,cart,False,train
IMG900769,img/placeholder/0769.png,procedural_placeholder,False,Mixed plastic,ABS casing,PLA-ABS,23.4,Pune,2026-07,daylight,shop_counter,True,val
IMG900770,img/placeholder/0770.png,procedural_placeholder,False,Motor & magnet-bearing,Compressor motor,MTR-CMP,7.3,Aurangabad,2026-08,shade,cluttered_yard,True,train
IMG900771,img/placeholder/0771.png,procedural_placeholder,False,Mixed plastic,PC/ABS blend,PLA-PCABS,82.1,Pune,2026-05,daylight,floor_mat,True,train
IMG900772,img/placeholder/0772.png,procedural_placeholder,False,CRT,Colour TV tube,CRT-CTV,57.3,Nagpur,2026-06,daylight,cart,True,train
IMG900773,img/placeholder/0773.png,procedural_placeholder,False,Cable,Copper household wire,CBL-CU,1.8,Mumbai,2026-04,daylight,shop_counter,True,train
IMG900774,img/placeholder/0774.png,procedural_placeholder,False,Cable,Mixed insulated,CBL-MIX,32.7,Mumbai,2026-05,indoor_tube,floor_mat,True,train
IMG900775,img/placeholder/0775.png,procedural_placeholder,False,Cable,Armoured / data cable,CBL-ARM,23.2,Pimpri-Chinchwad,2025-11,daylight,shop_counter,False,val
IMG900776,img/placeholder/0776.png,procedural_placeholder,False,Battery,Button / coin cell,BAT-BTN,3.7,Mumbai,2025-09,shade,cluttered_yard,True,train
IMG900777,img/placeholder/0777.png,procedural_placeholder,False,PCB,RAM / gold-finger,PCB-RAM,0.7,Pune,2026-08,shade,floor_mat,True,val
IMG900778,img/placeholder/0778.png,procedural_placeholder,False,Mixed plastic,Mixed dirty,PLA-MIX,34.5,Mumbai,2026-01,flash,floor_mat,False,val
IMG900779,img/placeholder/0779.png,procedural_placeholder,False,Mixed plastic,ABS casing,PLA-ABS,69.3,Mumbai,2025-10,shade,cluttered_yard,False,val
IMG900780,img/placeholder/0780.png,procedural_placeholder,False,PCB,Motherboard (high grade),PCB-MBH,19.5,Pune,2026-02,daylight,cluttered_yard,False,test
IMG900781,img/placeholder/0781.png,procedural_placeholder,False,Motor & magnet-bearing,HDD assembly,MTR-HDD,122.2,Nagpur,2025-07,daylight,floor_mat,False,train
IMG900782,img/placeholder/0782.png,procedural_placeholder,False,CRT,Deflection yoke,CRT-YOK,76.7,Pune,2025-08,low_light,cart,True,train
IMG900783,img/placeholder/0783.png,procedural_placeholder,False,Mixed plastic,ABS casing,PLA-ABS,67.4,Pune,2025-11,daylight,plain,False,train
IMG900784,img/placeholder/0784.png,procedural_placeholder,False,Mixed plastic,PC/ABS blend,PLA-PCABS,13.9,Mumbai,2025-10,daylight,cluttered_yard,False,val
IMG900785,img/placeholder/0785.png,procedural_placeholder,False,PCB,RAM / gold-finger,PCB-RAM,12.4,Nashik,2025-04,daylight,floor_mat,True,train
IMG900786,img/placeholder/0786.png,procedural_placeholder,False,Mixed plastic,PC/ABS blend,PLA-PCABS,61.2,Nashik,2026-05,indoor_tube,cart,False,train
IMG900787,img/placeholder/0787.png,procedural_placeholder,False,Motor & magnet-bearing,HDD assembly,MTR-HDD,7.4,Aurangabad,2025-12,shade,shop_counter,False,train
IMG900788,img/placeholder/0788.png,procedural_placeholder,False,Mixed plastic,HIPS,PLA-HIPS,36.7,Nashik,2025-10,indoor_tube,floor_mat,True,train
IMG900789,img/placeholder/0789.png,procedural_placeholder,False,Motor & magnet-bearing,Compressor motor,MTR-CMP,19.6,Aurangabad,2025-06,indoor_tube,cart,True,train
IMG900790,img/placeholder/0790.png,procedural_placeholder,False,Mixed plastic,Mixed dirty,PLA-MIX,17.0,Mumbai,2025-10,shade,floor_mat,True,test
IMG900791,img/placeholder/0791.png,procedural_placeholder,False,Motor & magnet-bearing,Speaker magnet,MTR-SPK,18.7,Aurangabad,2025-04,low_light,cart,False,train
IMG900792,img/placeholder/0792.png,procedural_placeholder,False,Mixed plastic,PC/ABS blend,PLA-PCABS,23.0,Mumbai,2026-03,indoor_tube,shop_counter,True,test
IMG900793,img/placeholder/0793.png,procedural_placeholder,False,Cable,Mixed insulated,CBL-MIX,40.6,Nagpur,2025-12,indoor_tube,cluttered_yard,True,train
IMG900794,img/placeholder/0794.png,procedural_placeholder,False,Battery,Lead-acid,BAT-PB,4.5,Nagpur,2026-04,indoor_tube,plain,False,train
IMG900795,img/placeholder/0795.png,procedural_placeholder,False,Battery,Li-ion laptop / phone pack,BAT-LI,6.7,Pune,2025-07,low_light,cluttered_yard,False,train
IMG900796,img/placeholder/0796.png,procedural_placeholder,False,Mixed plastic,Mixed dirty,PLA-MIX,58.1,Mumbai,2025-04,daylight,cluttered_yard,True,train
IMG900797,img/placeholder/0797.png,procedural_placeholder,False,Cable,Aluminium cable,CBL-AL,28.6,Pune,2026-01,daylight,cart,True,train
IMG900798,img/placeholder/0798.png,procedural_placeholder,False,Mixed plastic,HIPS,PLA-HIPS,51.9,Pune,2026-02,daylight,cluttered_yard,False,train
IMG900799,img/placeholder/0799.png,procedural_placeholder,False,Battery,Button / coin cell,BAT-BTN,3.2,Nashik,2026-03,indoor_tube,cluttered_yard,False,train
IMG900800,img/placeholder/0800.png,procedural_placeholder,False,Cable,Armoured / data cable,CBL-ARM,22.1,Mumbai,2026-06,daylight,shop_counter,True,val
IMG900801,img/placeholder/0801.png,procedural_placeholder,False,Motor & magnet-bearing,Compressor motor,MTR-CMP,11.5,Aurangabad,2026-07,indoor_tube,floor_mat,False,test
IMG900802,img/placeholder/0802.png,procedural_placeholder,False,Cable,Copper household wire,CBL-CU,27.6,Pune,2026-04,low_light,cart,False,train
IMG900803,img/placeholder/0803.png,procedural_placeholder,False,CRT,Monochrome monitor tube,CRT-MON,58.4,Mumbai,2025-12,shade,floor_mat,False,train
IMG900804,img/placeholder/0804.png,procedural_placeholder,False,CRT,Deflection yoke,CRT-YOK,22.3,Pimpri-Chinchwad,2026-01,daylight,cluttered_yard,True,val
IMG900805,img/placeholder/0805.png,procedural_placeholder,False,Battery,Li-ion laptop / phone pack,BAT-LI,5.4,Nashik,2025-05,daylight,cluttered_yard,False,val
IMG900806,img/placeholder/0806.png,procedural_placeholder,False,Motor & magnet-bearing,Compressor motor,MTR-CMP,39.6,Nashik,2026-01,shade,floor_mat,False,train
IMG900807,img/placeholder/0807.png,procedural_placeholder,False,Cable,Aluminium cable,CBL-AL,7.8,Mumbai,2026-04,indoor_tube,floor_mat,True,test
IMG900808,img/placeholder/0808.png,procedural_placeholder,False,Motor & magnet-bearing,Speaker magnet,MTR-SPK,45.3,Pune,2025-08,shade,cluttered_yard,False,train
IMG900809,img/placeholder/0809.png,procedural_placeholder,False,Cable,Mixed insulated,CBL-MIX,98.6,Pune,2025-04,shade,cluttered_yard,False,test
IMG900810,img/placeholder/0810.png,procedural_placeholder,False,Cable,Mixed insulated,CBL-MIX,43.2,Mumbai,2026-01,daylight,floor_mat,False,train
IMG900811,img/placeholder/0811.png,procedural_placeholder,False,CRT,Colour TV tube,CRT-CTV,39.8,Aurangabad,2026-01,indoor_tube,cluttered_yard,False,train
IMG900812,img/placeholder/0812.png,procedural_placeholder,False,Mixed plastic,ABS casing,PLA-ABS,26.6,Pune,2025-06,daylight,cart,False,test
IMG900813,img/placeholder/0813.png,procedural_placeholder,False,CRT,Colour TV tube,CRT-CTV,86.7,Nagpur,2026-07,daylight,cluttered_yard,True,train
IMG900814,img/placeholder/0814.png,procedural_placeholder,False,Mixed plastic,Mixed dirty,PLA-MIX,48.0,Mumbai,2025-12,shade,floor_mat,True,train
IMG900815,img/placeholder/0815.png,procedural_placeholder,False,CRT,Colour TV tube,CRT-CTV,25.2,Aurangabad,2026-01,flash,cart,True,train
IMG900816,img/placeholder/0816.png,procedural_placeholder,False,Cable,Aluminium cable,CBL-AL,61.8,Nashik,2026-05,daylight,cart,False,train
IMG900817,img/placeholder/0817.png,procedural_placeholder,False,Cable,Copper household wire,CBL-CU,21.8,Pune,2025-08,daylight,cluttered_yard,True,test
IMG900818,img/placeholder/0818.png,procedural_placeholder,False,PCB,Motherboard (high grade),PCB-MBH,7.1,Pune,2025-03,daylight,cluttered_yard,False,train
IMG900819,img/placeholder/0819.png,procedural_placeholder,False,Battery,Ni-MH,BAT-NIMH,9.3,Mumbai,2025-12,indoor_tube,floor_mat,True,test
IMG900820,img/placeholder/0820.png,procedural_placeholder,False,Battery,Ni-MH,BAT-NIMH,6.0,Mumbai,2026-03,indoor_tube,cart,False,val
IMG900821,img/placeholder/0821.png,procedural_placeholder,False,Cable,Copper household wire,CBL-CU,25.8,Pimpri-Chinchwad,2026-05,daylight,cluttered_yard,False,train
IMG900822,img/placeholder/0822.png,procedural_placeholder,False,Cable,Mixed insulated,CBL-MIX,77.3,Nashik,2026-02,shade,cluttered_yard,True,val
IMG900823,img/placeholder/0823.png,procedural_placeholder,False,Battery,Li-ion laptop / phone pack,BAT-LI,2.7,Nagpur,2026-01,low_light,cluttered_yard,False,val
IMG900824,img/placeholder/0824.png,procedural_placeholder,False,CRT,Colour TV tube,CRT-CTV,60.3,Mumbai,2025-08,daylight,cluttered_yard,False,train
IMG900825,img/placeholder/0825.png,procedural_placeholder,False,Cable,Aluminium cable,CBL-AL,22.6,Pune,2026-03,shade,cluttered_yard,False,train
IMG900826,img/placeholder/0826.png,procedural_placeholder,False,Cable,Mixed insulated,CBL-MIX,27.5,Aurangabad,2025-08,indoor_tube,cluttered_yard,False,train
IMG900827,img/placeholder/0827.png,procedural_placeholder,False,PCB,Mixed populated board,PCB-MIX,5.2,Aurangabad,2026-05,indoor_tube,plain,True,train
IMG900828,img/placeholder/0828.png,procedural_placeholder,False,Cable,Copper household wire,CBL-CU,69.6,Nagpur,2026-06,indoor_tube,cart,True,train
IMG900829,img/placeholder/0829.png,procedural_placeholder,False,Mixed plastic,Mixed dirty,PLA-MIX,25.0,Pimpri-Chinchwad,2025-10,indoor_tube,cluttered_yard,False,train
IMG900830,img/placeholder/0830.png,procedural_placeholder,False,PCB,TV / appliance board (low grade),PCB-LOW,29.0,Mumbai,2025-03,low_light,plain,True,train
IMG900831,img/placeholder/0831.png,procedural_placeholder,False,PCB,RAM / gold-finger,PCB-RAM,7.2,Nashik,2025-07,indoor_tube,cluttered_yard,False,test
IMG900832,img/placeholder/0832.png,procedural_placeholder,False,Mixed plastic,PC/ABS blend,PLA-PCABS,23.6,Pune,2026-05,low_light,floor_mat,False,val
IMG900833,img/placeholder/0833.png,procedural_placeholder,False,Cable,Mixed insulated,CBL-MIX,47.1,Pune,2026-02,shade,shop_counter,False,test
IMG900834,img/placeholder/0834.png,procedural_placeholder,False,PCB,GPU / add-on card,PCB-GPU,29.6,Mumbai,2026-08,indoor_tube,plain,False,val
IMG900835,img/placeholder/0835.png,procedural_placeholder,False,PCB,TV / appliance board (low grade),PCB-LOW,1.3,Mumbai,2026-01,daylight,cluttered_yard,True,val
IMG900836,img/placeholder/0836.png,procedural_placeholder,False,Motor & magnet-bearing,Small AC/DC motor,MTR-SML,64.8,Pune,2025-07,daylight,shop_counter,False,train
IMG900837,img/placeholder/0837.png,procedural_placeholder,False,Motor & magnet-bearing,Compressor motor,MTR-CMP,25.4,Mumbai,2025-10,daylight,cart,True,train
IMG900838,img/placeholder/0838.png,procedural_placeholder,False,Cable,Armoured / data cable,CBL-ARM,43.0,Nashik,2026-04,flash,shop_counter,True,train
IMG900839,img/placeholder/0839.png,procedural_placeholder,False,Mixed plastic,PC/ABS blend,PLA-PCABS,83.5,Pimpri-Chinchwad,2026-08,low_light,shop_counter,False,train
IMG900840,img/placeholder/0840.png,procedural_placeholder,False,PCB,Mixed populated board,PCB-MIX,5.2,Aurangabad,2025-04,shade,plain,False,val
IMG900841,img/placeholder/0841.png,procedural_placeholder,False,PCB,RAM / gold-finger,PCB-RAM,5.8,Mumbai,2026-07,shade,cluttered_yard,True,train
IMG900842,img/placeholder/0842.png,procedural_placeholder,False,Battery,Button / coin cell,BAT-BTN,7.6,Mumbai,2026-04,shade,cluttered_yard,True,train
IMG900843,img/placeholder/0843.png,procedural_placeholder,False,Mixed plastic,HIPS,PLA-HIPS,35.8,Nashik,2026-05,indoor_tube,plain,True,train
IMG900844,img/placeholder/0844.png,procedural_placeholder,False,Cable,Copper household wire,CBL-CU,87.3,Nagpur,2025-07,shade,cart,True,train
IMG900845,img/placeholder/0845.png,procedural_placeholder,False,Cable,Copper household wire,CBL-CU,17.5,Pune,2025-09,indoor_tube,cluttered_yard,False,train
IMG900846,img/placeholder/0846.png,procedural_placeholder,False,CRT,Colour TV tube,CRT-CTV,38.0,Mumbai,2026-02,flash,floor_mat,False,train
IMG900847,img/placeholder/0847.png,procedural_placeholder,False,CRT,Deflection yoke,CRT-YOK,27.2,Mumbai,2025-09,daylight,shop_counter,False,train
IMG900848,img/placeholder/0848.png,procedural_placeholder,False,Cable,Mixed insulated,CBL-MIX,25.2,Nagpur,2025-06,shade,cluttered_yard,True,train
IMG900849,img/placeholder/0849.png,procedural_placeholder,False,Cable,Armoured / data cable,CBL-ARM,45.9,Mumbai,2025-06,shade,cart,True,train
IMG900850,img/placeholder/0850.png,procedural_placeholder,False,Motor & magnet-bearing,Compressor motor,MTR-CMP,31.3,Pimpri-Chinchwad,2025-12,daylight,floor_mat,False,train
IMG900851,img/placeholder/0851.png,procedural_placeholder,False,Battery,Li-ion laptop / phone pack,BAT-LI,3.9,Aurangabad,2025-06,daylight,floor_mat,False,train
IMG900852,img/placeholder/0852.png,procedural_placeholder,False,Cable,Aluminium cable,CBL-AL,104.8,Mumbai,2025-06,shade,cart,True,train
IMG900853,img/placeholder/0853.png,procedural_placeholder,False,Motor & magnet-bearing,Compressor motor,MTR-CMP,9.1,Mumbai,2026-08,shade,floor_mat,False,test
IMG900854,img/placeholder/0854.png,procedural_placeholder,False,Battery,Ni-MH,BAT-NIMH,90.0,Pune,2026-04,indoor_tube,cluttered_yard,False,train
IMG900855,img/placeholder/0855.png,procedural_placeholder,False,Cable,Aluminium cable,CBL-AL,20.6,Pune,2025-10,daylight,cluttered_yard,False,train
IMG900856,img/placeholder/0856.png,procedural_placeholder,False,Cable,Copper household wire,CBL-CU,28.8,Pimpri-Chinchwad,2025-03,indoor_tube,cluttered_yard,False,test
IMG900857,img/placeholder/0857.png,procedural_placeholder,False,Mixed plastic,ABS casing,PLA-ABS,54.5,Nashik,2025-11,indoor_tube,cart,False,train
IMG900858,img/placeholder/0858.png,procedural_placeholder,False,Motor & magnet-bearing,Speaker magnet,MTR-SPK,23.3,Mumbai,2026-04,daylight,plain,True,train
IMG900859,img/placeholder/0859.png,procedural_placeholder,False,PCB,GPU / add-on card,PCB-GPU,9.1,Pimpri-Chinchwad,2025-03,indoor_tube,cart,True,train
IMG900860,img/placeholder/0860.png,procedural_placeholder,False,Battery,Lead-acid,BAT-PB,3.6,Aurangabad,2025-07,flash,floor_mat,False,train
IMG900861,img/placeholder/0861.png,procedural_placeholder,False,Mixed plastic,Mixed dirty,PLA-MIX,88.6,Mumbai,2025-09,indoor_tube,floor_mat,False,train
IMG900862,img/placeholder/0862.png,procedural_placeholder,False,LCD/LED panel,Monitor panel,LCD-MON,10.6,Nashik,2025-08,daylight,plain,False,val
IMG900863,img/placeholder/0863.png,procedural_placeholder,False,LCD/LED panel,TV panel,LCD-TV,42.9,Nashik,2025-03,indoor_tube,plain,True,train
IMG900864,img/placeholder/0864.png,procedural_placeholder,False,Mixed plastic,Mixed dirty,PLA-MIX,50.9,Pimpri-Chinchwad,2025-09,low_light,cluttered_yard,False,train
IMG900865,img/placeholder/0865.png,procedural_placeholder,False,Motor & magnet-bearing,Speaker magnet,MTR-SPK,3.9,Nashik,2026-02,daylight,floor_mat,False,train
IMG900866,img/placeholder/0866.png,procedural_placeholder,False,PCB,RAM / gold-finger,PCB-RAM,5.4,Nagpur,2025-11,flash,cluttered_yard,True,train
IMG900867,img/placeholder/0867.png,procedural_placeholder,False,Motor & magnet-bearing,HDD assembly,MTR-HDD,19.0,Aurangabad,2026-03,indoor_tube,shop_counter,True,train
IMG900868,img/placeholder/0868.png,procedural_placeholder,False,Cable,Aluminium cable,CBL-AL,19.8,Pimpri-Chinchwad,2025-08,low_light,cart,True,train
IMG900869,img/placeholder/0869.png,procedural_placeholder,False,PCB,TV / appliance board (low grade),PCB-LOW,9.6,Pimpri-Chinchwad,2025-06,shade,floor_mat,True,train
IMG900870,img/placeholder/0870.png,procedural_placeholder,False,Motor & magnet-bearing,Compressor motor,MTR-CMP,35.4,Mumbai,2025-08,indoor_tube,cart,True,train
IMG900871,img/placeholder/0871.png,procedural_placeholder,False,Motor & magnet-bearing,Speaker magnet,MTR-SPK,12.9,Aurangabad,2025-03,indoor_tube,cluttered_yard,True,train
IMG900872,img/placeholder/0872.png,procedural_placeholder,False,CRT,Deflection yoke,CRT-YOK,51.1,Pune,2026-04,indoor_tube,plain,False,train
IMG900873,img/placeholder/0873.png,procedural_placeholder,False,Cable,Armoured / data cable,CBL-ARM,24.9,Mumbai,2026-03,indoor_tube,shop_counter,False,train
IMG900874,img/placeholder/0874.png,procedural_placeholder,False,LCD/LED panel,Backlight assembly,LCD-BLA,13.9,Pune,2025-11,daylight,cart,False,train
IMG900875,img/placeholder/0875.png,procedural_placeholder,False,Cable,Aluminium cable,CBL-AL,29.1,Mumbai,2026-04,low_light,cluttered_yard,True,train
IMG900876,img/placeholder/0876.png,procedural_placeholder,False,PCB,TV / appliance board (low grade),PCB-LOW,3.6,Pimpri-Chinchwad,2026-02,indoor_tube,shop_counter,False,train
IMG900877,img/placeholder/0877.png,procedural_placeholder,False,Cable,Aluminium cable,CBL-AL,19.1,Mumbai,2026-03,low_light,shop_counter,True,test
IMG900878,img/placeholder/0878.png,procedural_placeholder,False,Mixed plastic,HIPS,PLA-HIPS,19.6,Nashik,2025-08,daylight,cart,False,train
IMG900879,img/placeholder/0879.png,procedural_placeholder,False,CRT,Deflection yoke,CRT-YOK,42.8,Pimpri-Chinchwad,2025-06,indoor_tube,cart,False,train
IMG900880,img/placeholder/0880.png,procedural_placeholder,False,Cable,Aluminium cable,CBL-AL,23.0,Mumbai,2025-04,daylight,shop_counter,False,test
IMG900881,img/placeholder/0881.png,procedural_placeholder,False,CRT,Monochrome monitor tube,CRT-MON,20.4,Aurangabad,2025-10,shade,floor_mat,False,train
IMG900882,img/placeholder/0882.png,procedural_placeholder,False,Cable,Armoured / data cable,CBL-ARM,9.7,Mumbai,2026-05,flash,cluttered_yard,False,train
IMG900883,img/placeholder/0883.png,procedural_placeholder,False,PCB,Mixed populated board,PCB-MIX,1.5,Aurangabad,2025-12,low_light,cluttered_yard,False,train
IMG900884,img/placeholder/0884.png,procedural_placeholder,False,Motor & magnet-bearing,Compressor motor,MTR-CMP,56.3,Nagpur,2026-05,flash,cart,False,train
IMG900885,img/placeholder/0885.png,procedural_placeholder,False,Cable,Aluminium cable,CBL-AL,56.0,Mumbai,2026-02,daylight,floor_mat,False,val
IMG900886,img/placeholder/0886.png,procedural_placeholder,False,Cable,Mixed insulated,CBL-MIX,61.4,Pimpri-Chinchwad,2026-01,shade,cluttered_yard,False,train
IMG900887,img/placeholder/0887.png,procedural_placeholder,False,Cable,Aluminium cable,CBL-AL,16.6,Aurangabad,2026-03,daylight,cluttered_yard,False,train
IMG900888,img/placeholder/0888.png,procedural_placeholder,False,Mixed plastic,Mixed dirty,PLA-MIX,20.9,Nagpur,2025-04,daylight,cluttered_yard,False,train
IMG900889,img/placeholder/0889.png,procedural_placeholder,False,Mixed plastic,PC/ABS blend,PLA-PCABS,72.3,Nashik,2025-07,indoor_tube,cart,False,train
IMG900890,img/placeholder/0890.png,procedural_placeholder,False,Battery,Lead-acid,BAT-PB,2.6,Aurangabad,2026-05,daylight,shop_counter,False,train
IMG900891,img/placeholder/0891.png,procedural_placeholder,False,CRT,Colour TV tube,CRT-CTV,67.1,Nagpur,2026-03,shade,cluttered_yard,False,train
IMG900892,img/placeholder/0892.png,procedural_placeholder,False,Mixed plastic,ABS casing,PLA-ABS,37.4,Mumbai,2025-11,shade,floor_mat,True,train
IMG900893,img/placeholder/0893.png,procedural_placeholder,False,CRT,Deflection yoke,CRT-YOK,47.5,Aurangabad,2025-08,indoor_tube,cluttered_yard,False,train
IMG900894,img/placeholder/0894.png,procedural_placeholder,False,Mixed plastic,PC/ABS blend,PLA-PCABS,61.5,Mumbai,2026-08,shade,cluttered_yard,True,train
IMG900895,img/placeholder/0895.png,procedural_placeholder,False,Motor & magnet-bearing,Compressor motor,MTR-CMP,11.1,Pune,2026-01,daylight,cluttered_yard,False,train
IMG900896,img/placeholder/0896.png,procedural_placeholder,False,Battery,Lead-acid,BAT-PB,5.1,Nashik,2026-08,daylight,floor_mat,True,train
IMG900897,img/placeholder/0897.png,procedural_placeholder,False,PCB,TV / appliance board (low grade),PCB-LOW,0.8,Nashik,2026-04,shade,cluttered_yard,False,train
IMG900898,img/placeholder/0898.png,procedural_placeholder,False,LCD/LED panel,Monitor panel,LCD-MON,4.8,Nagpur,2026-05,daylight,shop_counter,False,train
IMG900899,img/placeholder/0899.png,procedural_placeholder,False,Battery,Li-ion laptop / phone pack,BAT-LI,4.3,Mumbai,2026-02,daylight,floor_mat,False,train
IMG900900,img/placeholder/0900.png,procedural_placeholder,False,LCD/LED panel,Backlight assembly,LCD-BLA,32.4,Aurangabad,2025-04,indoor_tube,floor_mat,False,train
IMG900901,img/placeholder/0901.png,procedural_placeholder,False,Mixed plastic,Mixed dirty,PLA-MIX,98.9,Nagpur,2026-08,flash,cart,False,test
IMG900902,img/placeholder/0902.png,procedural_placeholder,False,PCB,RAM / gold-finger,PCB-RAM,12.3,Aurangabad,2026-03,indoor_tube,floor_mat,False,train
IMG900903,img/placeholder/0903.png,procedural_placeholder,False,Cable,Aluminium cable,CBL-AL,29.7,Pimpri-Chinchwad,2026-08,shade,cluttered_yard,False,train
IMG900904,img/placeholder/0904.png,procedural_placeholder,False,Mixed plastic,Mixed dirty,PLA-MIX,60.1,Pune,2025-03,flash,shop_counter,False,train
IMG900905,img/placeholder/0905.png,procedural_placeholder,False,Mixed plastic,PC/ABS blend,PLA-PCABS,112.2,Mumbai,2025-08,daylight,shop_counter,False,train
IMG900906,img/placeholder/0906.png,procedural_placeholder,False,Battery,Button / coin cell,BAT-BTN,34.6,Aurangabad,2025-03,indoor_tube,cluttered_yard,False,train
IMG900907,img/placeholder/0907.png,procedural_placeholder,False,Cable,Aluminium cable,CBL-AL,15.5,Mumbai,2026-04,daylight,cart,False,val
IMG900908,img/placeholder/0908.png,procedural_placeholder,False,CRT,Deflection yoke,CRT-YOK,40.0,Mumbai,2025-03,daylight,floor_mat,True,train
IMG900909,img/placeholder/0909.png,procedural_placeholder,False,Mixed plastic,HIPS,PLA-HIPS,29.3,Aurangabad,2025-09,low_light,cart,True,train
IMG900910,img/placeholder/0910.png,procedural_placeholder,False,Cable,Mixed insulated,CBL-MIX,28.4,Aurangabad,2025-04,low_light,cluttered_yard,False,train
IMG900911,img/placeholder/0911.png,procedural_placeholder,False,Battery,Lead-acid,BAT-PB,4.6,Mumbai,2026-05,daylight,cluttered_yard,True,test
IMG900912,img/placeholder/0912.png,procedural_placeholder,False,Mixed plastic,PC/ABS blend,PLA-PCABS,81.2,Aurangabad,2025-12,daylight,floor_mat,False,train
IMG900913,img/placeholder/0913.png,procedural_placeholder,False,Battery,Ni-MH,BAT-NIMH,4.1,Mumbai,2025-11,shade,floor_mat,True,val
IMG900914,img/placeholder/0914.png,procedural_placeholder,False,PCB,Motherboard (high grade),PCB-MBH,8.0,Pune,2026-03,daylight,cart,False,train
IMG900915,img/placeholder/0915.png,procedural_placeholder,False,Cable,Aluminium cable,CBL-AL,160.0,Pimpri-Chinchwad,2025-06,daylight,plain,True,train
IMG900916,img/placeholder/0916.png,procedural_placeholder,False,Cable,Armoured / data cable,CBL-ARM,15.7,Mumbai,2026-07,daylight,shop_counter,False,train
IMG900917,img/placeholder/0917.png,procedural_placeholder,False,Cable,Aluminium cable,CBL-AL,63.2,Pune,2026-03,shade,cluttered_yard,False,train
IMG900918,img/placeholder/0918.png,procedural_placeholder,False,PCB,TV / appliance board (low grade),PCB-LOW,19.1,Nashik,2025-09,shade,cluttered_yard,False,val
IMG900919,img/placeholder/0919.png,procedural_placeholder,False,CRT,Monochrome monitor tube,CRT-MON,65.1,Aurangabad,2026-05,daylight,floor_mat,False,train
IMG900920,img/placeholder/0920.png,procedural_placeholder,False,Mixed plastic,ABS casing,PLA-ABS,31.4,Pimpri-Chinchwad,2026-01,indoor_tube,cluttered_yard,False,test
IMG900921,img/placeholder/0921.png,procedural_placeholder,False,Cable,Mixed insulated,CBL-MIX,11.2,Pune,2025-03,shade,floor_mat,True,train
IMG900922,img/placeholder/0922.png,procedural_placeholder,False,LCD/LED panel,Laptop panel,LCD-LAP,30.4,Aurangabad,2025-12,shade,cluttered_yard,True,train
IMG900923,img/placeholder/0923.png,procedural_placeholder,False,Mixed plastic,HIPS,PLA-HIPS,16.6,Mumbai,2025-08,indoor_tube,shop_counter,False,test
IMG900924,img/placeholder/0924.png,procedural_placeholder,False,CRT,Monochrome monitor tube,CRT-MON,44.7,Nashik,2026-01,daylight,cluttered_yard,True,train
IMG900925,img/placeholder/0925.png,procedural_placeholder,False,Motor & magnet-bearing,Speaker magnet,MTR-SPK,27.3,Nashik,2026-05,indoor_tube,floor_mat,False,train
IMG900926,img/placeholder/0926.png,procedural_placeholder,False,PCB,Motherboard (high grade),PCB-MBH,7.3,Nagpur,2026-05,daylight,floor_mat,False,train
IMG900927,img/placeholder/0927.png,procedural_placeholder,False,Motor & magnet-bearing,Small AC/DC motor,MTR-SML,19.8,Mumbai,2025-05,indoor_tube,cluttered_yard,False,train
IMG900928,img/placeholder/0928.png,procedural_placeholder,False,LCD/LED panel,Backlight assembly,LCD-BLA,8.4,Mumbai,2026-03,indoor_tube,floor_mat,True,train
IMG900929,img/placeholder/0929.png,procedural_placeholder,False,Mixed plastic,PC/ABS blend,PLA-PCABS,7.8,Mumbai,2026-06,low_light,cart,False,train
IMG900930,img/placeholder/0930.png,procedural_placeholder,False,Mixed plastic,Mixed dirty,PLA-MIX,59.5,Aurangabad,2025-07,daylight,plain,True,train
IMG900931,img/placeholder/0931.png,procedural_placeholder,False,Cable,Aluminium cable,CBL-AL,6.8,Nagpur,2025-09,shade,plain,True,test
IMG900932,img/placeholder/0932.png,procedural_placeholder,False,Cable,Mixed insulated,CBL-MIX,19.2,Pune,2026-01,indoor_tube,floor_mat,True,test
IMG900933,img/placeholder/0933.png,procedural_placeholder,False,Mixed plastic,PC/ABS blend,PLA-PCABS,81.5,Mumbai,2025-05,daylight,floor_mat,False,val
IMG900934,img/placeholder/0934.png,procedural_placeholder,False,Cable,Armoured / data cable,CBL-ARM,41.9,Nashik,2025-10,flash,cart,True,train
IMG900935,img/placeholder/0935.png,procedural_placeholder,False,Battery,Li-ion laptop / phone pack,BAT-LI,5.1,Mumbai,2025-09,daylight,cluttered_yard,False,train
IMG900936,img/placeholder/0936.png,procedural_placeholder,False,PCB,GPU / add-on card,PCB-GPU,4.9,Mumbai,2026-01,indoor_tube,cluttered_yard,True,train
IMG900937,img/placeholder/0937.png,procedural_placeholder,False,PCB,RAM / gold-finger,PCB-RAM,6.8,Pune,2026-08,shade,cluttered_yard,False,test
IMG900938,img/placeholder/0938.png,procedural_placeholder,False,PCB,RAM / gold-finger,PCB-RAM,1.4,Nagpur,2025-10,daylight,cluttered_yard,False,train
IMG900939,img/placeholder/0939.png,procedural_placeholder,False,Mixed plastic,PC/ABS blend,PLA-PCABS,27.8,Mumbai,2025-12,low_light,cart,False,train
IMG900940,img/placeholder/0940.png,procedural_placeholder,False,PCB,Mixed populated board,PCB-MIX,8.0,Nashik,2025-12,indoor_tube,floor_mat,False,test
IMG900941,img/placeholder/0941.png,procedural_placeholder,False,Mixed plastic,PC/ABS blend,PLA-PCABS,157.6,Pune,2026-08,daylight,floor_mat,True,train
IMG900942,img/placeholder/0942.png,procedural_placeholder,False,Cable,Copper household wire,CBL-CU,58.7,Mumbai,2025-12,daylight,cluttered_yard,True,test
IMG900943,img/placeholder/0943.png,procedural_placeholder,False,CRT,Colour TV tube,CRT-CTV,61.9,Mumbai,2025-07,daylight,cluttered_yard,False,test
IMG900944,img/placeholder/0944.png,procedural_placeholder,False,LCD/LED panel,Backlight assembly,LCD-BLA,15.8,Pimpri-Chinchwad,2026-07,indoor_tube,cluttered_yard,True,train
IMG900945,img/placeholder/0945.png,procedural_placeholder,False,Battery,Ni-MH,BAT-NIMH,6.4,Mumbai,2026-04,indoor_tube,cart,False,train
IMG900946,img/placeholder/0946.png,procedural_placeholder,False,CRT,Monochrome monitor tube,CRT-MON,28.5,Nashik,2025-10,indoor_tube,cluttered_yard,False,train
IMG900947,img/placeholder/0947.png,procedural_placeholder,False,Cable,Aluminium cable,CBL-AL,21.1,Pimpri-Chinchwad,2025-03,daylight,plain,False,train
IMG900948,img/placeholder/0948.png,procedural_placeholder,False,Cable,Mixed insulated,CBL-MIX,21.3,Mumbai,2026-08,daylight,plain,False,train
IMG900949,img/placeholder/0949.png,procedural_placeholder,False,Mixed plastic,ABS casing,PLA-ABS,41.1,Aurangabad,2025-06,shade,cluttered_yard,False,val
IMG900950,img/placeholder/0950.png,procedural_placeholder,False,CRT,Deflection yoke,CRT-YOK,53.3,Aurangabad,2025-11,daylight,floor_mat,True,train
IMG900951,img/placeholder/0951.png,procedural_placeholder,False,PCB,RAM / gold-finger,PCB-RAM,4.5,Mumbai,2026-02,low_light,cluttered_yard,False,train
IMG900952,img/placeholder/0952.png,procedural_placeholder,False,Cable,Aluminium cable,CBL-AL,14.9,Mumbai,2026-08,indoor_tube,cluttered_yard,True,train
IMG900953,img/placeholder/0953.png,procedural_placeholder,False,CRT,Deflection yoke,CRT-YOK,41.4,Nashik,2025-04,flash,shop_counter,True,train
IMG900954,img/placeholder/0954.png,procedural_placeholder,False,PCB,Motherboard (high grade),PCB-MBH,34.2,Pune,2026-07,shade,shop_counter,True,train
IMG900955,img/placeholder/0955.png,procedural_placeholder,False,Mixed plastic,ABS casing,PLA-ABS,45.6,Aurangabad,2025-12,daylight,cluttered_yard,False,train
IMG900956,img/placeholder/0956.png,procedural_placeholder,False,PCB,TV / appliance board (low grade),PCB-LOW,11.6,Mumbai,2025-06,shade,floor_mat,False,val
IMG900957,img/placeholder/0957.png,procedural_placeholder,False,PCB,RAM / gold-finger,PCB-RAM,13.1,Pimpri-Chinchwad,2026-06,low_light,floor_mat,False,val
IMG900958,img/placeholder/0958.png,procedural_placeholder,False,Mixed plastic,Mixed dirty,PLA-MIX,38.8,Nagpur,2026-07,indoor_tube,cart,False,val
IMG900959,img/placeholder/0959.png,procedural_placeholder,False,Cable,Aluminium cable,CBL-AL,59.5,Pimpri-Chinchwad,2025-08,shade,plain,False,train
IMG900960,img/placeholder/0960.png,procedural_placeholder,False,Mixed plastic,ABS casing,PLA-ABS,89.0,Nagpur,2025-07,shade,floor_mat,False,train
IMG900961,img/placeholder/0961.png,procedural_placeholder,False,LCD/LED panel,TV panel,LCD-TV,8.3,Mumbai,2025-09,indoor_tube,floor_mat,False,train
IMG900962,img/placeholder/0962.png,procedural_placeholder,False,PCB,Motherboard (high grade),PCB-MBH,3.4,Mumbai,2026-08,indoor_tube,floor_mat,False,train
IMG900963,img/placeholder/0963.png,procedural_placeholder,False,CRT,Monochrome monitor tube,CRT-MON,30.0,Mumbai,2025-05,low_light,cluttered_yard,False,train
IMG900964,img/placeholder/0964.png,procedural_placeholder,False,Battery,Ni-MH,BAT-NIMH,11.5,Nashik,2025-07,daylight,floor_mat,False,test
IMG900965,img/placeholder/0965.png,procedural_placeholder,False,Mixed plastic,PC/ABS blend,PLA-PCABS,7.9,Nagpur,2025-11,flash,floor_mat,False,train
IMG900966,img/placeholder/0966.png,procedural_placeholder,False,Mixed plastic,HIPS,PLA-HIPS,29.3,Aurangabad,2026-08,low_light,floor_mat,True,train
IMG900967,img/placeholder/0967.png,procedural_placeholder,False,Motor & magnet-bearing,Compressor motor,MTR-CMP,25.7,Mumbai,2026-01,daylight,cluttered_yard,False,val
IMG900968,img/placeholder/0968.png,procedural_placeholder,False,Cable,Armoured / data cable,CBL-ARM,34.2,Mumbai,2025-08,shade,cart,True,test
IMG900969,img/placeholder/0969.png,procedural_placeholder,False,CRT,Monochrome monitor tube,CRT-MON,38.4,Nagpur,2025-04,indoor_tube,cluttered_yard,True,val
IMG900970,img/placeholder/0970.png,procedural_placeholder,False,Battery,Li-ion laptop / phone pack,BAT-LI,6.5,Nashik,2026-05,low_light,cart,False,train
IMG900971,img/placeholder/0971.png,procedural_placeholder,False,PCB,Motherboard (high grade),PCB-MBH,2.1,Pune,2026-02,shade,cart,True,train
IMG900972,img/placeholder/0972.png,procedural_placeholder,False,CRT,Deflection yoke,CRT-YOK,41.7,Nashik,2026-08,indoor_tube,cluttered_yard,False,train
IMG900973,img/placeholder/0973.png,procedural_placeholder,False,CRT,Colour TV tube,CRT-CTV,53.2,Pimpri-Chinchwad,2025-08,flash,cluttered_yard,False,train
IMG900974,img/placeholder/0974.png,procedural_placeholder,False,Cable,Copper household wire,CBL-CU,14.4,Pune,2026-08,daylight,cluttered_yard,True,test
IMG900975,img/placeholder/0975.png,procedural_placeholder,False,Motor & magnet-bearing,Small AC/DC motor,MTR-SML,6.3,Mumbai,2025-06,daylight,floor_mat,True,val
IMG900976,img/placeholder/0976.png,procedural_placeholder,False,Battery,Button / coin cell,BAT-BTN,2.7,Nashik,2025-06,low_light,cart,False,train
IMG900977,img/placeholder/0977.png,procedural_placeholder,False,CRT,Monochrome monitor tube,CRT-MON,30.5,Mumbai,2026-06,daylight,cluttered_yard,False,train
IMG900978,img/placeholder/0978.png,procedural_placeholder,False,Mixed plastic,Mixed dirty,PLA-MIX,53.5,Mumbai,2025-08,indoor_tube,shop_counter,False,train
IMG900979,img/placeholder/0979.png,procedural_placeholder,False,Motor & magnet-bearing,Speaker magnet,MTR-SPK,20.1,Pune,2026-04,daylight,cart,False,val
IMG900980,img/placeholder/0980.png,procedural_placeholder,False,Cable,Aluminium cable,CBL-AL,12.9,Pune,2025-03,shade,cluttered_yard,False,test
IMG900981,img/placeholder/0981.png,procedural_placeholder,False,PCB,GPU / add-on card,PCB-GPU,1.9,Pune,2026-06,shade,cluttered_yard,False,train
IMG900982,img/placeholder/0982.png,procedural_placeholder,False,Cable,Armoured / data cable,CBL-ARM,22.0,Nashik,2025-03,indoor_tube,plain,True,train
IMG900983,img/placeholder/0983.png,procedural_placeholder,False,Motor & magnet-bearing,HDD assembly,MTR-HDD,5.4,Mumbai,2025-07,daylight,cluttered_yard,False,test
IMG900984,img/placeholder/0984.png,procedural_placeholder,False,Cable,Aluminium cable,CBL-AL,20.4,Nagpur,2026-04,daylight,cluttered_yard,True,train
IMG900985,img/placeholder/0985.png,procedural_placeholder,False,PCB,RAM / gold-finger,PCB-RAM,4.6,Pune,2026-02,daylight,floor_mat,False,train
IMG900986,img/placeholder/0986.png,procedural_placeholder,False,Motor & magnet-bearing,Compressor motor,MTR-CMP,21.4,Pune,2026-02,daylight,cart,False,train
IMG900987,img/placeholder/0987.png,procedural_placeholder,False,Cable,Armoured / data cable,CBL-ARM,27.7,Mumbai,2025-07,flash,cluttered_yard,True,train
IMG900988,img/placeholder/0988.png,procedural_placeholder,False,Motor & magnet-bearing,Compressor motor,MTR-CMP,11.1,Nashik,2025-11,low_light,cluttered_yard,True,train
IMG900989,img/placeholder/0989.png,procedural_placeholder,False,PCB,TV / appliance board (low grade),PCB-LOW,14.0,Pune,2026-01,daylight,cluttered_yard,True,train
IMG900990,img/placeholder/0990.png,procedural_placeholder,False,Motor & magnet-bearing,Speaker magnet,MTR-SPK,21.6,Mumbai,2026-04,daylight,cluttered_yard,False,test
IMG900991,img/placeholder/0991.png,procedural_placeholder,False,LCD/LED panel,Laptop panel,LCD-LAP,3.6,Pune,2025-05,daylight,cluttered_yard,True,train
IMG900992,img/placeholder/0992.png,procedural_placeholder,False,Cable,Aluminium cable,CBL-AL,8.4,Nashik,2025-03,indoor_tube,cart,True,train
IMG900993,img/placeholder/0993.png,procedural_placeholder,False,LCD/LED panel,Laptop panel,LCD-LAP,7.2,Pune,2026-03,flash,floor_mat,True,test
IMG900994,img/placeholder/0994.png,procedural_placeholder,False,Motor & magnet-bearing,Small AC/DC motor,MTR-SML,34.9,Nashik,2026-01,indoor_tube,floor_mat,True,train
IMG900995,img/placeholder/0995.png,procedural_placeholder,False,Mixed plastic,Mixed dirty,PLA-MIX,38.2,Mumbai,2026-04,low_light,floor_mat,True,test
IMG900996,img/placeholder/0996.png,procedural_placeholder,False,CRT,Deflection yoke,CRT-YOK,44.1,Aurangabad,2025-10,shade,cluttered_yard,False,train
IMG900997,img/placeholder/0997.png,procedural_placeholder,False,Battery,Button / coin cell,BAT-BTN,5.6,Aurangabad,2025-11,shade,floor_mat,False,train
IMG900998,img/placeholder/0998.png,procedural_placeholder,False,Mixed plastic,HIPS,PLA-HIPS,69.2,Mumbai,2026-03,shade,floor_mat,False,test
IMG900999,img/placeholder/0999.png,procedural_placeholder,False,Cable,Armoured / data cable,CBL-ARM,117.9,Pimpri-Chinchwad,2025-06,indoor_tube,cluttered_yard,False,train
IMG901000,img/placeholder/1000.png,procedural_placeholder,False,Cable,Mixed insulated,CBL-MIX,27.8,Pimpri-Chinchwad,2026-05,daylight,floor_mat,True,train
IMG901001,img/placeholder/1001.png,procedural_placeholder,False,Mixed plastic,HIPS,PLA-HIPS,36.1,Pimpri-Chinchwad,2026-01,low_light,cluttered_yard,True,train
IMG901002,img/placeholder/1002.png,procedural_placeholder,False,Cable,Mixed insulated,CBL-MIX,27.5,Nashik,2025-07,daylight,floor_mat,True,train
IMG901003,img/placeholder/1003.png,procedural_placeholder,False,CRT,Monochrome monitor tube,CRT-MON,58.3,Mumbai,2025-04,shade,floor_mat,True,test
IMG901004,img/placeholder/1004.png,procedural_placeholder,False,Cable,Mixed insulated,CBL-MIX,48.9,Nagpur,2026-01,daylight,cluttered_yard,False,test
IMG901005,img/placeholder/1005.png,procedural_placeholder,False,Motor & magnet-bearing,Compressor motor,MTR-CMP,13.9,Mumbai,2025-11,low_light,floor_mat,True,train
IMG901006,img/placeholder/1006.png,procedural_placeholder,False,Cable,Armoured / data cable,CBL-ARM,10.0,Mumbai,2025-11,shade,floor_mat,False,train
IMG901007,img/placeholder/1007.png,procedural_placeholder,False,Cable,Armoured / data cable,CBL-ARM,13.9,Aurangabad,2025-05,daylight,cluttered_yard,False,train
IMG901008,img/placeholder/1008.png,procedural_placeholder,False,Mixed plastic,ABS casing,PLA-ABS,91.5,Mumbai,2025-04,daylight,floor_mat,True,train
IMG901009,img/placeholder/1009.png,procedural_placeholder,False,Battery,Li-ion laptop / phone pack,BAT-LI,7.1,Nashik,2025-03,shade,cluttered_yard,False,val
IMG901010,img/placeholder/1010.png,procedural_placeholder,False,PCB,Motherboard (high grade),PCB-MBH,39.2,Mumbai,2025-12,shade,plain,False,train
IMG901011,img/placeholder/1011.png,procedural_placeholder,False,PCB,GPU / add-on card,PCB-GPU,14.0,Aurangabad,2025-05,daylight,cart,True,train
IMG901012,img/placeholder/1012.png,procedural_placeholder,False,Cable,Mixed insulated,CBL-MIX,55.7,Pimpri-Chinchwad,2026-08,daylight,cart,True,train
IMG901013,img/placeholder/1013.png,procedural_placeholder,False,Motor & magnet-bearing,HDD assembly,MTR-HDD,4.4,Pune,2026-04,daylight,shop_counter,False,train
IMG901014,img/placeholder/1014.png,procedural_placeholder,False,Motor & magnet-bearing,Compressor motor,MTR-CMP,122.5,Pimpri-Chinchwad,2025-07,indoor_tube,cluttered_yard,False,train
IMG901015,img/placeholder/1015.png,procedural_placeholder,False,CRT,Monochrome monitor tube,CRT-MON,70.2,Mumbai,2026-06,daylight,cart,True,train
IMG901016,img/placeholder/1016.png,procedural_placeholder,False,Motor & magnet-bearing,HDD assembly,MTR-HDD,14.1,Mumbai,2026-08,daylight,shop_counter,True,val
IMG901017,img/placeholder/1017.png,procedural_placeholder,False,Mixed plastic,ABS casing,PLA-ABS,26.8,Pimpri-Chinchwad,2026-06,daylight,floor_mat,False,train
IMG901018,img/placeholder/1018.png,procedural_placeholder,False,Battery,Ni-MH,BAT-NIMH,2.8,Nashik,2026-01,indoor_tube,shop_counter,True,val
IMG901019,img/placeholder/1019.png,procedural_placeholder,False,LCD/LED panel,Backlight assembly,LCD-BLA,1.9,Pune,2026-05,shade,floor_mat,False,train
IMG901020,img/placeholder/1020.png,procedural_placeholder,False,Mixed plastic,HIPS,PLA-HIPS,31.5,Mumbai,2026-01,daylight,cluttered_yard,False,test
IMG901021,img/placeholder/1021.png,procedural_placeholder,False,Motor & magnet-bearing,HDD assembly,MTR-HDD,24.4,Pimpri-Chinchwad,2025-03,indoor_tube,cart,False,test
IMG901022,img/placeholder/1022.png,procedural_placeholder,False,Mixed plastic,ABS casing,PLA-ABS,55.5,Mumbai,2026-03,daylight,cluttered_yard,False,train
IMG901023,img/placeholder/1023.png,procedural_placeholder,False,PCB,RAM / gold-finger,PCB-RAM,4.8,Pune,2026-04,daylight,cluttered_yard,False,train
IMG901024,img/placeholder/1024.png,procedural_placeholder,False,Mixed plastic,PC/ABS blend,PLA-PCABS,164.7,Aurangabad,2025-08,flash,floor_mat,True,train
IMG901025,img/placeholder/1025.png,procedural_placeholder,False,PCB,Motherboard (high grade),PCB-MBH,29.8,Mumbai,2025-12,low_light,shop_counter,False,train
IMG901026,img/placeholder/1026.png,procedural_placeholder,False,PCB,RAM / gold-finger,PCB-RAM,8.3,Pimpri-Chinchwad,2026-01,daylight,shop_counter,False,test
IMG901027,img/placeholder/1027.png,procedural_placeholder,False,Cable,Copper household wire,CBL-CU,34.2,Mumbai,2025-07,shade,floor_mat,False,test
IMG901028,img/placeholder/1028.png,procedural_placeholder,False,Mixed plastic,PC/ABS blend,PLA-PCABS,19.3,Nashik,2026-05,shade,shop_counter,True,train
IMG901029,img/placeholder/1029.png,procedural_placeholder,False,PCB,RAM / gold-finger,PCB-RAM,45.0,Mumbai,2025-10,shade,plain,True,train
IMG901030,img/placeholder/1030.png,procedural_placeholder,False,PCB,Mixed populated board,PCB-MIX,16.1,Pune,2026-02,daylight,cart,True,train
IMG901031,img/placeholder/1031.png,procedural_placeholder,False,Cable,Aluminium cable,CBL-AL,40.9,Mumbai,2026-07,flash,floor_mat,False,train
IMG901032,img/placeholder/1032.png,procedural_placeholder,False,Mixed plastic,Mixed dirty,PLA-MIX,15.5,Pimpri-Chinchwad,2025-06,flash,shop_counter,False,train
IMG901033,img/placeholder/1033.png,procedural_placeholder,False,Mixed plastic,PC/ABS blend,PLA-PCABS,23.5,Nashik,2025-10,flash,cluttered_yard,False,train
IMG901034,img/placeholder/1034.png,procedural_placeholder,False,Battery,Ni-MH,BAT-NIMH,8.0,Aurangabad,2026-07,low_light,cluttered_yard,False,train
IMG901035,img/placeholder/1035.png,procedural_placeholder,False,PCB,TV / appliance board (low grade),PCB-LOW,10.9,Mumbai,2025-05,indoor_tube,cluttered_yard,False,train
IMG901036,img/placeholder/1036.png,procedural_placeholder,False,Mixed plastic,ABS casing,PLA-ABS,50.4,Pune,2025-09,shade,plain,False,val
IMG901037,img/placeholder/1037.png,procedural_placeholder,False,Cable,Mixed insulated,CBL-MIX,15.1,Pune,2025-03,daylight,shop_counter,False,train
IMG901038,img/placeholder/1038.png,procedural_placeholder,False,Mixed plastic,PC/ABS blend,PLA-PCABS,37.7,Pune,2025-12,daylight,cart,True,train
IMG901039,img/placeholder/1039.png,procedural_placeholder,False,Cable,Armoured / data cable,CBL-ARM,68.7,Mumbai,2026-02,low_light,plain,True,test
IMG901040,img/placeholder/1040.png,procedural_placeholder,False,Mixed plastic,ABS casing,PLA-ABS,27.0,Mumbai,2025-03,shade,cluttered_yard,False,train
IMG901041,img/placeholder/1041.png,procedural_placeholder,False,PCB,RAM / gold-finger,PCB-RAM,4.5,Pune,2025-10,shade,cluttered_yard,True,train
IMG901042,img/placeholder/1042.png,procedural_placeholder,False,Cable,Copper household wire,CBL-CU,26.0,Nagpur,2026-08,daylight,floor_mat,False,test
IMG901043,img/placeholder/1043.png,procedural_placeholder,False,Motor & magnet-bearing,Small AC/DC motor,MTR-SML,31.7,Nagpur,2025-03,low_light,floor_mat,True,val
IMG901044,img/placeholder/1044.png,procedural_placeholder,False,CRT,Deflection yoke,CRT-YOK,33.2,Pimpri-Chinchwad,2025-12,indoor_tube,floor_mat,False,train
IMG901045,img/placeholder/1045.png,procedural_placeholder,False,PCB,RAM / gold-finger,PCB-RAM,1.2,Pimpri-Chinchwad,2025-03,indoor_tube,cluttered_yard,False,test
IMG901046,img/placeholder/1046.png,procedural_placeholder,False,Mixed plastic,HIPS,PLA-HIPS,51.0,Mumbai,2025-04,low_light,plain,True,train
IMG901047,img/placeholder/1047.png,procedural_placeholder,False,Cable,Aluminium cable,CBL-AL,9.5,Aurangabad,2026-07,daylight,plain,True,train
IMG901048,img/placeholder/1048.png,procedural_placeholder,False,Mixed plastic,Mixed dirty,PLA-MIX,51.8,Aurangabad,2025-09,indoor_tube,floor_mat,True,val
IMG901049,img/placeholder/1049.png,procedural_placeholder,False,Motor & magnet-bearing,Compressor motor,MTR-CMP,21.4,Nagpur,2025-05,daylight,shop_counter,False,train
IMG901050,img/placeholder/1050.png,procedural_placeholder,False,PCB,GPU / add-on card,PCB-GPU,21.4,Pune,2025-07,indoor_tube,shop_counter,False,train
IMG901051,img/placeholder/1051.png,procedural_placeholder,False,Cable,Mixed insulated,CBL-MIX,2.3,Pimpri-Chinchwad,2026-05,low_light,floor_mat,False,test
IMG901052,img/placeholder/1052.png,procedural_placeholder,False,Motor & magnet-bearing,HDD assembly,MTR-HDD,16.3,Pimpri-Chinchwad,2026-03,low_light,cluttered_yard,False,train
IMG901053,img/placeholder/1053.png,procedural_placeholder,False,Battery,Button / coin cell,BAT-BTN,2.7,Nashik,2026-08,shade,cart,False,train
IMG901054,img/placeholder/1054.png,procedural_placeholder,False,CRT,Colour TV tube,CRT-CTV,35.2,Mumbai,2025-12,shade,cluttered_yard,True,train
IMG901055,img/placeholder/1055.png,procedural_placeholder,False,Motor & magnet-bearing,Speaker magnet,MTR-SPK,11.5,Pimpri-Chinchwad,2025-05,low_light,plain,True,train
IMG901056,img/placeholder/1056.png,procedural_placeholder,False,LCD/LED panel,Backlight assembly,LCD-BLA,6.9,Pimpri-Chinchwad,2026-02,shade,floor_mat,True,train
IMG901057,img/placeholder/1057.png,procedural_placeholder,False,Battery,Ni-MH,BAT-NIMH,4.9,Pune,2025-09,flash,cart,True,train
IMG901058,img/placeholder/1058.png,procedural_placeholder,False,Battery,Lead-acid,BAT-PB,11.5,Aurangabad,2026-08,daylight,cluttered_yard,False,train
IMG901059,img/placeholder/1059.png,procedural_placeholder,False,CRT,Deflection yoke,CRT-YOK,88.7,Pune,2026-01,shade,cart,True,train
IMG901060,img/placeholder/1060.png,procedural_placeholder,False,Cable,Armoured / data cable,CBL-ARM,32.1,Pune,2026-02,flash,shop_counter,False,train
IMG901061,img/placeholder/1061.png,procedural_placeholder,False,Motor & magnet-bearing,Compressor motor,MTR-CMP,36.0,Nashik,2025-12,daylight,cart,False,train
IMG901062,img/placeholder/1062.png,procedural_placeholder,False,Cable,Copper household wire,CBL-CU,87.5,Mumbai,2026-07,low_light,cluttered_yard,True,train
IMG901063,img/placeholder/1063.png,procedural_placeholder,False,PCB,TV / appliance board (low grade),PCB-LOW,5.3,Nagpur,2026-07,daylight,cluttered_yard,True,test
IMG901064,img/placeholder/1064.png,procedural_placeholder,False,Mixed plastic,PC/ABS blend,PLA-PCABS,56.0,Mumbai,2025-05,shade,plain,False,test
IMG901065,img/placeholder/1065.png,procedural_placeholder,False,Battery,Ni-MH,BAT-NIMH,1.3,Aurangabad,2026-06,daylight,floor_mat,False,val
IMG901066,img/placeholder/1066.png,procedural_placeholder,False,Battery,Ni-MH,BAT-NIMH,14.4,Pune,2025-11,daylight,cluttered_yard,True,test
IMG901067,img/placeholder/1067.png,procedural_placeholder,False,Mixed plastic,PC/ABS blend,PLA-PCABS,16.4,Mumbai,2025-05,daylight,cluttered_yard,False,train
IMG901068,img/placeholder/1068.png,procedural_placeholder,False,Motor & magnet-bearing,HDD assembly,MTR-HDD,7.1,Pune,2025-11,daylight,cluttered_yard,True,train
IMG901069,img/placeholder/1069.png,procedural_placeholder,False,CRT,Monochrome monitor tube,CRT-MON,18.7,Mumbai,2025-06,indoor_tube,shop_counter,False,train
IMG901070,img/placeholder/1070.png,procedural_placeholder,False,Motor & magnet-bearing,Speaker magnet,MTR-SPK,13.7,Aurangabad,2026-05,flash,cluttered_yard,False,train
IMG901071,img/placeholder/1071.png,procedural_placeholder,False,Cable,Mixed insulated,CBL-MIX,56.8,Mumbai,2026-07,flash,cart,True,train
IMG901072,img/placeholder/1072.png,procedural_placeholder,False,PCB,Mixed populated board,PCB-MIX,3.1,Pune,2025-08,shade,cart,False,train
IMG901073,img/placeholder/1073.png,procedural_placeholder,False,Motor & magnet-bearing,Small AC/DC motor,MTR-SML,35.9,Mumbai,2025-03,flash,shop_counter,True,train
IMG901074,img/placeholder/1074.png,procedural_placeholder,False,Motor & magnet-bearing,Compressor motor,MTR-CMP,62.5,Aurangabad,2026-04,low_light,cluttered_yard,True,train
IMG901075,img/placeholder/1075.png,procedural_placeholder,False,Cable,Mixed insulated,CBL-MIX,21.0,Nashik,2026-05,daylight,plain,False,train
IMG901076,img/placeholder/1076.png,procedural_placeholder,False,Cable,Aluminium cable,CBL-AL,11.5,Pune,2026-01,shade,cluttered_yard,True,test
IMG901077,img/placeholder/1077.png,procedural_placeholder,False,Cable,Copper household wire,CBL-CU,21.8,Mumbai,2025-05,indoor_tube,cluttered_yard,False,train
IMG901078,img/placeholder/1078.png,procedural_placeholder,False,PCB,Motherboard (high grade),PCB-MBH,18.4,Mumbai,2025-10,daylight,floor_mat,False,train
IMG901079,img/placeholder/1079.png,procedural_placeholder,False,Mixed plastic,ABS casing,PLA-ABS,43.6,Nagpur,2025-03,flash,floor_mat,False,train
IMG901080,img/placeholder/1080.png,procedural_placeholder,False,Cable,Copper household wire,CBL-CU,12.2,Pune,2025-09,low_light,floor_mat,False,train
IMG901081,img/placeholder/1081.png,procedural_placeholder,False,Motor & magnet-bearing,Compressor motor,MTR-CMP,24.8,Pimpri-Chinchwad,2025-12,indoor_tube,shop_counter,False,train
IMG901082,img/placeholder/1082.png,procedural_placeholder,False,CRT,Colour TV tube,CRT-CTV,68.0,Aurangabad,2025-07,indoor_tube,cart,True,train
IMG901083,img/placeholder/1083.png,procedural_placeholder,False,Mixed plastic,Mixed dirty,PLA-MIX,42.8,Aurangabad,2025-06,indoor_tube,cluttered_yard,True,train
IMG901084,img/placeholder/1084.png,procedural_placeholder,False,Cable,Copper household wire,CBL-CU,76.3,Pimpri-Chinchwad,2026-06,indoor_tube,shop_counter,False,train
IMG901085,img/placeholder/1085.png,procedural_placeholder,False,Mixed plastic,Mixed dirty,PLA-MIX,15.3,Mumbai,2025-07,low_light,shop_counter,False,test
IMG901086,img/placeholder/1086.png,procedural_placeholder,False,LCD/LED panel,TV panel,LCD-TV,18.1,Pimpri-Chinchwad,2025-07,indoor_tube,plain,False,test
IMG901087,img/placeholder/1087.png,procedural_placeholder,False,Cable,Armoured / data cable,CBL-ARM,69.4,Aurangabad,2026-02,shade,floor_mat,False,train
IMG901088,img/placeholder/1088.png,procedural_placeholder,False,Cable,Mixed insulated,CBL-MIX,68.2,Pune,2026-04,shade,cluttered_yard,True,train
IMG901089,img/placeholder/1089.png,procedural_placeholder,False,LCD/LED panel,Backlight assembly,LCD-BLA,11.7,Aurangabad,2026-04,indoor_tube,cart,True,test
IMG901090,img/placeholder/1090.png,procedural_placeholder,False,PCB,GPU / add-on card,PCB-GPU,11.1,Mumbai,2025-11,daylight,cluttered_yard,True,train
IMG901091,img/placeholder/1091.png,procedural_placeholder,False,Motor & magnet-bearing,HDD assembly,MTR-HDD,24.0,Pimpri-Chinchwad,2025-05,flash,cluttered_yard,False,train
IMG901092,img/placeholder/1092.png,procedural_placeholder,False,Battery,Li-ion laptop / phone pack,BAT-LI,30.0,Nashik,2026-03,indoor_tube,cluttered_yard,True,train
IMG901093,img/placeholder/1093.png,procedural_placeholder,False,Battery,Li-ion laptop / phone pack,BAT-LI,15.4,Mumbai,2026-07,daylight,cluttered_yard,True,train
IMG901094,img/placeholder/1094.png,procedural_placeholder,False,Cable,Aluminium cable,CBL-AL,46.6,Mumbai,2025-04,daylight,floor_mat,True,val
IMG901095,img/placeholder/1095.png,procedural_placeholder,False,Motor & magnet-bearing,Small AC/DC motor,MTR-SML,9.4,Pune,2025-06,shade,cart,False,train
IMG901096,img/placeholder/1096.png,procedural_placeholder,False,PCB,Motherboard (high grade),PCB-MBH,6.8,Mumbai,2026-01,indoor_tube,cluttered_yard,True,train
IMG901097,img/placeholder/1097.png,procedural_placeholder,False,CRT,Colour TV tube,CRT-CTV,26.1,Nagpur,2026-07,indoor_tube,cart,True,val
IMG901098,img/placeholder/1098.png,procedural_placeholder,False,Motor & magnet-bearing,Speaker magnet,MTR-SPK,80.7,Pune,2026-05,low_light,floor_mat,False,train
IMG901099,img/placeholder/1099.png,procedural_placeholder,False,Battery,Button / coin cell,BAT-BTN,11.4,Nashik,2025-06,daylight,cluttered_yard,False,train
IMG901100,img/placeholder/1100.png,procedural_placeholder,False,Motor & magnet-bearing,Speaker magnet,MTR-SPK,20.0,Pune,2025-11,indoor_tube,floor_mat,False,val
IMG901101,img/placeholder/1101.png,procedural_placeholder,False,Motor & magnet-bearing,Compressor motor,MTR-CMP,16.6,Mumbai,2025-04,indoor_tube,cluttered_yard,True,train
IMG901102,img/placeholder/1102.png,procedural_placeholder,False,Cable,Copper household wire,CBL-CU,12.4,Pune,2026-07,daylight,floor_mat,False,val
IMG901103,img/placeholder/1103.png,procedural_placeholder,False,Cable,Armoured / data cable,CBL-ARM,18.2,Mumbai,2025-11,shade,cluttered_yard,True,train
IMG901104,img/placeholder/1104.png,procedural_placeholder,False,Cable,Aluminium cable,CBL-AL,142.9,Mumbai,2025-12,flash,floor_mat,False,test
IMG901105,img/placeholder/1105.png,procedural_placeholder,False,Cable,Aluminium cable,CBL-AL,23.4,Nashik,2025-07,low_light,shop_counter,True,train
IMG901106,img/placeholder/1106.png,procedural_placeholder,False,Cable,Mixed insulated,CBL-MIX,39.4,Aurangabad,2026-05,daylight,floor_mat,True,val
IMG901107,img/placeholder/1107.png,procedural_placeholder,False,Cable,Aluminium cable,CBL-AL,81.3,Nagpur,2025-04,flash,plain,False,train
IMG901108,img/placeholder/1108.png,procedural_placeholder,False,CRT,Colour TV tube,CRT-CTV,73.0,Pimpri-Chinchwad,2026-01,indoor_tube,cluttered_yard,True,train
IMG901109,img/placeholder/1109.png,procedural_placeholder,False,LCD/LED panel,Monitor panel,LCD-MON,9.3,Nashik,2025-11,low_light,plain,False,val
IMG901110,img/placeholder/1110.png,procedural_placeholder,False,Motor & magnet-bearing,HDD assembly,MTR-HDD,21.8,Pune,2026-03,low_light,cluttered_yard,True,train
IMG901111,img/placeholder/1111.png,procedural_placeholder,False,PCB,RAM / gold-finger,PCB-RAM,2.9,Mumbai,2026-05,daylight,cluttered_yard,False,train
IMG901112,img/placeholder/1112.png,procedural_placeholder,False,Cable,Armoured / data cable,CBL-ARM,21.0,Nagpur,2026-01,indoor_tube,cluttered_yard,True,train
IMG901113,img/placeholder/1113.png,procedural_placeholder,False,Battery,Li-ion laptop / phone pack,BAT-LI,7.3,Nagpur,2026-07,shade,floor_mat,True,train
IMG901114,img/placeholder/1114.png,procedural_placeholder,False,Mixed plastic,PC/ABS blend,PLA-PCABS,17.8,Pune,2026-03,low_light,cluttered_yard,True,test
IMG901115,img/placeholder/1115.png,procedural_placeholder,False,Cable,Aluminium cable,CBL-AL,69.0,Nagpur,2026-05,flash,cluttered_yard,False,val
IMG901116,img/placeholder/1116.png,procedural_placeholder,False,Cable,Mixed insulated,CBL-MIX,34.1,Mumbai,2026-01,daylight,floor_mat,False,test
IMG901117,img/placeholder/1117.png,procedural_placeholder,False,Mixed plastic,ABS casing,PLA-ABS,30.0,Pimpri-Chinchwad,2026-08,low_light,plain,False,train
IMG901118,img/placeholder/1118.png,procedural_placeholder,False,Cable,Copper household wire,CBL-CU,39.3,Pune,2025-04,daylight,floor_mat,False,test
IMG901119,img/placeholder/1119.png,procedural_placeholder,False,CRT,Colour TV tube,CRT-CTV,51.9,Mumbai,2025-11,flash,floor_mat,True,train
IMG901120,img/placeholder/1120.png,procedural_placeholder,False,CRT,Monochrome monitor tube,CRT-MON,69.4,Pune,2025-08,low_light,cluttered_yard,False,train
IMG901121,img/placeholder/1121.png,procedural_placeholder,False,Battery,Ni-MH,BAT-NIMH,6.8,Aurangabad,2026-01,daylight,floor_mat,True,train
IMG901122,img/placeholder/1122.png,procedural_placeholder,False,Cable,Copper household wire,CBL-CU,9.9,Mumbai,2025-08,indoor_tube,plain,False,train
IMG901123,img/placeholder/1123.png,procedural_placeholder,False,Battery,Ni-MH,BAT-NIMH,2.4,Mumbai,2025-03,low_light,shop_counter,True,train
IMG901124,img/placeholder/1124.png,procedural_placeholder,False,Battery,Ni-MH,BAT-NIMH,4.6,Nagpur,2026-08,daylight,cart,False,val
IMG901125,img/placeholder/1125.png,procedural_placeholder,False,Mixed plastic,PC/ABS blend,PLA-PCABS,6.3,Mumbai,2026-02,shade,cart,False,train
IMG901126,img/placeholder/1126.png,procedural_placeholder,False,Cable,Aluminium cable,CBL-AL,20.4,Pimpri-Chinchwad,2025-09,daylight,floor_mat,False,test
IMG901127,img/placeholder/1127.png,procedural_placeholder,False,Mixed plastic,PC/ABS blend,PLA-PCABS,40.9,Aurangabad,2026-03,shade,floor_mat,True,train
IMG901128,img/placeholder/1128.png,procedural_placeholder,False,Battery,Lead-acid,BAT-PB,13.7,Mumbai,2025-04,daylight,floor_mat,True,test
IMG901129,img/placeholder/1129.png,procedural_placeholder,False,Cable,Copper household wire,CBL-CU,30.7,Pune,2025-04,daylight,cluttered_yard,False,train
IMG901130,img/placeholder/1130.png,procedural_placeholder,False,Motor & magnet-bearing,Compressor motor,MTR-CMP,2.7,Pune,2025-06,shade,floor_mat,True,train
IMG901131,img/placeholder/1131.png,procedural_placeholder,False,Cable,Copper household wire,CBL-CU,50.9,Pune,2025-09,flash,plain,False,test
IMG901132,img/placeholder/1132.png,procedural_placeholder,False,Mixed plastic,ABS casing,PLA-ABS,43.5,Pune,2025-12,daylight,floor_mat,False,train
IMG901133,img/placeholder/1133.png,procedural_placeholder,False,Motor & magnet-bearing,HDD assembly,MTR-HDD,13.1,Aurangabad,2025-03,daylight,shop_counter,True,train
IMG901134,img/placeholder/1134.png,procedural_placeholder,False,Battery,Ni-MH,BAT-NIMH,2.5,Pune,2025-03,shade,cart,False,test
IMG901135,img/placeholder/1135.png,procedural_placeholder,False,Mixed plastic,Mixed dirty,PLA-MIX,15.4,Pune,2025-07,indoor_tube,floor_mat,False,train
IMG901136,img/placeholder/1136.png,procedural_placeholder,False,PCB,TV / appliance board (low grade),PCB-LOW,2.2,Pune,2026-01,daylight,floor_mat,False,train
IMG901137,img/placeholder/1137.png,procedural_placeholder,False,CRT,Monochrome monitor tube,CRT-MON,24.5,Aurangabad,2026-08,daylight,shop_counter,True,train
IMG901138,img/placeholder/1138.png,procedural_placeholder,False,CRT,Deflection yoke,CRT-YOK,120.4,Aurangabad,2025-11,flash,shop_counter,False,train
IMG901139,img/placeholder/1139.png,procedural_placeholder,False,Cable,Aluminium cable,CBL-AL,52.5,Mumbai,2025-05,shade,cluttered_yard,False,train
IMG901140,img/placeholder/1140.png,procedural_placeholder,False,PCB,RAM / gold-finger,PCB-RAM,26.6,Aurangabad,2025-07,low_light,cart,False,test
IMG901141,img/placeholder/1141.png,procedural_placeholder,False,CRT,Colour TV tube,CRT-CTV,16.9,Pune,2026-07,daylight,shop_counter,False,test
IMG901142,img/placeholder/1142.png,procedural_placeholder,False,Cable,Aluminium cable,CBL-AL,59.5,Pimpri-Chinchwad,2025-05,low_light,cluttered_yard,True,train
IMG901143,img/placeholder/1143.png,procedural_placeholder,False,Cable,Copper household wire,CBL-CU,15.3,Mumbai,2026-07,daylight,cluttered_yard,True,train
IMG901144,img/placeholder/1144.png,procedural_placeholder,False,Cable,Aluminium cable,CBL-AL,59.4,Nashik,2026-07,indoor_tube,floor_mat,True,val
IMG901145,img/placeholder/1145.png,procedural_placeholder,False,Cable,Copper household wire,CBL-CU,15.1,Pimpri-Chinchwad,2025-08,low_light,floor_mat,False,train
IMG901146,img/placeholder/1146.png,procedural_placeholder,False,LCD/LED panel,Backlight assembly,LCD-BLA,9.8,Mumbai,2025-12,daylight,cluttered_yard,False,train
IMG901147,img/placeholder/1147.png,procedural_placeholder,False,Motor & magnet-bearing,Compressor motor,MTR-CMP,103.7,Mumbai,2025-11,shade,floor_mat,False,train
IMG901148,img/placeholder/1148.png,procedural_placeholder,False,LCD/LED panel,TV panel,LCD-TV,8.6,Pimpri-Chinchwad,2026-08,low_light,floor_mat,False,train
IMG901149,img/placeholder/1149.png,procedural_placeholder,False,Cable,Mixed insulated,CBL-MIX,4.3,Aurangabad,2026-03,daylight,cart,False,train
IMG901150,img/placeholder/1150.png,procedural_placeholder,False,CRT,Deflection yoke,CRT-YOK,106.8,Nagpur,2026-05,indoor_tube,cluttered_yard,False,train
IMG901151,img/placeholder/1151.png,procedural_placeholder,False,Mixed plastic,HIPS,PLA-HIPS,45.1,Nagpur,2026-02,shade,cart,False,train
IMG901152,img/placeholder/1152.png,procedural_placeholder,False,CRT,Deflection yoke,CRT-YOK,38.4,Mumbai,2025-04,daylight,cluttered_yard,False,train
IMG901153,img/placeholder/1153.png,procedural_placeholder,False,Mixed plastic,ABS casing,PLA-ABS,8.4,Mumbai,2026-05,daylight,floor_mat,False,train
IMG901154,img/placeholder/1154.png,procedural_placeholder,False,Mixed plastic,Mixed dirty,PLA-MIX,10.5,Aurangabad,2026-02,indoor_tube,floor_mat,False,train
IMG901155,img/placeholder/1155.png,procedural_placeholder,False,Cable,Mixed insulated,CBL-MIX,41.5,Pune,2026-02,daylight,floor_mat,True,train
IMG901156,img/placeholder/1156.png,procedural_placeholder,False,PCB,TV / appliance board (low grade),PCB-LOW,11.9,Aurangabad,2026-02,daylight,shop_counter,True,train
IMG901157,img/placeholder/1157.png,procedural_placeholder,False,Cable,Armoured / data cable,CBL-ARM,24.5,Mumbai,2025-06,daylight,plain,True,val
IMG901158,img/placeholder/1158.png,procedural_placeholder,False,LCD/LED panel,TV panel,LCD-TV,25.2,Nashik,2025-12,indoor_tube,floor_mat,False,train
IMG901159,img/placeholder/1159.png,procedural_placeholder,False,Motor & magnet-bearing,Small AC/DC motor,MTR-SML,21.3,Pune,2025-10,indoor_tube,floor_mat,False,train
IMG901160,img/placeholder/1160.png,procedural_placeholder,False,Cable,Armoured / data cable,CBL-ARM,160.0,Pune,2025-05,low_light,shop_counter,True,val
IMG901161,img/placeholder/1161.png,procedural_placeholder,False,Cable,Copper household wire,CBL-CU,67.4,Aurangabad,2026-05,indoor_tube,cluttered_yard,True,test
IMG901162,img/placeholder/1162.png,procedural_placeholder,False,PCB,RAM / gold-finger,PCB-RAM,8.2,Mumbai,2025-09,daylight,cart,False,train
IMG901163,img/placeholder/1163.png,procedural_placeholder,False,Cable,Mixed insulated,CBL-MIX,6.8,Nashik,2025-08,shade,shop_counter,False,val
IMG901164,img/placeholder/1164.png,procedural_placeholder,False,Motor & magnet-bearing,Speaker magnet,MTR-SPK,26.8,Pune,2025-09,daylight,cart,True,train
IMG901165,img/placeholder/1165.png,procedural_placeholder,False,Mixed plastic,ABS casing,PLA-ABS,5.8,Aurangabad,2025-11,indoor_tube,cluttered_yard,False,test
IMG901166,img/placeholder/1166.png,procedural_placeholder,False,Motor & magnet-bearing,Speaker magnet,MTR-SPK,36.0,Nashik,2026-04,daylight,floor_mat,True,train
IMG901167,img/placeholder/1167.png,procedural_placeholder,False,LCD/LED panel,Backlight assembly,LCD-BLA,4.3,Pimpri-Chinchwad,2025-06,daylight,shop_counter,True,train
IMG901168,img/placeholder/1168.png,procedural_placeholder,False,PCB,TV / appliance board (low grade),PCB-LOW,2.3,Pune,2026-06,daylight,shop_counter,False,train
IMG901169,img/placeholder/1169.png,procedural_placeholder,False,CRT,Monochrome monitor tube,CRT-MON,57.0,Mumbai,2025-06,daylight,cart,True,test
IMG901170,img/placeholder/1170.png,procedural_placeholder,False,PCB,RAM / gold-finger,PCB-RAM,21.8,Nagpur,2026-08,flash,cart,False,train
IMG901171,img/placeholder/1171.png,procedural_placeholder,False,CRT,Deflection yoke,CRT-YOK,21.6,Mumbai,2026-05,indoor_tube,floor_mat,True,train
IMG901172,img/placeholder/1172.png,procedural_placeholder,False,Battery,Lead-acid,BAT-PB,7.6,Mumbai,2026-07,shade,floor_mat,True,train
IMG901173,img/placeholder/1173.png,procedural_placeholder,False,Mixed plastic,ABS casing,PLA-ABS,37.0,Mumbai,2026-04,daylight,plain,True,train
IMG901174,img/placeholder/1174.png,procedural_placeholder,False,Mixed plastic,ABS casing,PLA-ABS,4.0,Aurangabad,2026-08,low_light,cluttered_yard,False,train
IMG901175,img/placeholder/1175.png,procedural_placeholder,False,Mixed plastic,PC/ABS blend,PLA-PCABS,45.9,Nashik,2026-04,indoor_tube,cluttered_yard,True,test
IMG901176,img/placeholder/1176.png,procedural_placeholder,False,PCB,GPU / add-on card,PCB-GPU,1.5,Pune,2026-08,daylight,cluttered_yard,False,train
IMG901177,img/placeholder/1177.png,procedural_placeholder,False,Motor & magnet-bearing,Small AC/DC motor,MTR-SML,28.5,Nagpur,2026-06,shade,cluttered_yard,False,train
IMG901178,img/placeholder/1178.png,procedural_placeholder,False,Battery,Button / coin cell,BAT-BTN,1.7,Aurangabad,2025-05,low_light,floor_mat,False,train
IMG901179,img/placeholder/1179.png,procedural_placeholder,False,Mixed plastic,HIPS,PLA-HIPS,71.1,Mumbai,2026-08,daylight,plain,False,train
IMG901180,img/placeholder/1180.png,procedural_placeholder,False,Mixed plastic,ABS casing,PLA-ABS,18.0,Pune,2026-03,daylight,shop_counter,False,train
IMG901181,img/placeholder/1181.png,procedural_placeholder,False,Mixed plastic,Mixed dirty,PLA-MIX,48.2,Nashik,2025-09,daylight,cluttered_yard,True,train
IMG901182,img/placeholder/1182.png,procedural_placeholder,False,Mixed plastic,PC/ABS blend,PLA-PCABS,50.9,Nagpur,2026-02,daylight,cluttered_yard,True,train
IMG901183,img/placeholder/1183.png,procedural_placeholder,False,Battery,Li-ion laptop / phone pack,BAT-LI,4.1,Pune,2025-11,shade,cart,True,train
IMG901184,img/placeholder/1184.png,procedural_placeholder,False,PCB,GPU / add-on card,PCB-GPU,8.6,Aurangabad,2025-07,indoor_tube,floor_mat,False,train
IMG901185,img/placeholder/1185.png,procedural_placeholder,False,LCD/LED panel,TV panel,LCD-TV,24.0,Nashik,2025-10,daylight,floor_mat,False,train
IMG901186,img/placeholder/1186.png,procedural_placeholder,False,Mixed plastic,ABS casing,PLA-ABS,45.3,Mumbai,2026-06,shade,cart,True,train
IMG901187,img/placeholder/1187.png,procedural_placeholder,False,Cable,Copper household wire,CBL-CU,16.1,Mumbai,2025-08,indoor_tube,plain,False,val
IMG901188,img/placeholder/1188.png,procedural_placeholder,False,Cable,Copper household wire,CBL-CU,47.1,Nashik,2025-08,daylight,cluttered_yard,False,train
IMG901189,img/placeholder/1189.png,procedural_placeholder,False,PCB,RAM / gold-finger,PCB-RAM,2.1,Mumbai,2025-05,shade,cluttered_yard,True,val
IMG901190,img/placeholder/1190.png,procedural_placeholder,False,Cable,Armoured / data cable,CBL-ARM,6.3,Nashik,2026-04,daylight,cluttered_yard,False,train
IMG901191,img/placeholder/1191.png,procedural_placeholder,False,Cable,Mixed insulated,CBL-MIX,44.8,Mumbai,2026-01,shade,floor_mat,False,test
IMG901192,img/placeholder/1192.png,procedural_placeholder,False,PCB,Mixed populated board,PCB-MIX,12.1,Mumbai,2026-05,flash,floor_mat,False,val
IMG901193,img/placeholder/1193.png,procedural_placeholder,False,Cable,Armoured / data cable,CBL-ARM,76.6,Mumbai,2025-03,shade,shop_counter,False,train
IMG901194,img/placeholder/1194.png,procedural_placeholder,False,Motor & magnet-bearing,Speaker magnet,MTR-SPK,13.6,Aurangabad,2026-06,indoor_tube,floor_mat,True,val
IMG901195,img/placeholder/1195.png,procedural_placeholder,False,Cable,Mixed insulated,CBL-MIX,160.0,Pune,2025-06,shade,floor_mat,True,val
IMG901196,img/placeholder/1196.png,procedural_placeholder,False,LCD/LED panel,Monitor panel,LCD-MON,5.3,Nashik,2026-06,daylight,shop_counter,False,val
IMG901197,img/placeholder/1197.png,procedural_placeholder,False,Battery,Button / coin cell,BAT-BTN,15.0,Pune,2025-10,flash,floor_mat,True,train
IMG901198,img/placeholder/1198.png,procedural_placeholder,False,Motor & magnet-bearing,HDD assembly,MTR-HDD,5.0,Mumbai,2026-08,indoor_tube,cluttered_yard,False,train
IMG901199,img/placeholder/1199.png,procedural_placeholder,False,Cable,Mixed insulated,CBL-MIX,12.9,Mumbai,2026-03,low_light,cart,False,train
IMG901200,img/placeholder/1200.png,procedural_placeholder,False,Cable,Aluminium cable,CBL-AL,34.5,Aurangabad,2026-05,daylight,shop_counter,False,train
IMG901201,img/placeholder/1201.png,procedural_placeholder,False,Battery,Button / coin cell,BAT-BTN,5.5,Mumbai,2026-02,indoor_tube,floor_mat,True,train
IMG901202,img/placeholder/1202.png,procedural_placeholder,False,Cable,Copper household wire,CBL-CU,38.4,Pune,2025-09,shade,floor_mat,False,train
IMG901203,img/placeholder/1203.png,procedural_placeholder,False,Motor & magnet-bearing,Speaker magnet,MTR-SPK,33.0,Pune,2025-08,low_light,cart,True,val
IMG901204,img/placeholder/1204.png,procedural_placeholder,False,PCB,Motherboard (high grade),PCB-MBH,4.8,Mumbai,2025-07,daylight,floor_mat,False,train
IMG901205,img/placeholder/1205.png,procedural_placeholder,False,Motor & magnet-bearing,HDD assembly,MTR-HDD,8.5,Nashik,2026-07,shade,cluttered_yard,True,val
IMG901206,img/placeholder/1206.png,procedural_placeholder,False,Cable,Copper household wire,CBL-CU,32.0,Aurangabad,2025-05,daylight,cluttered_yard,False,train
IMG901207,img/placeholder/1207.png,procedural_placeholder,False,PCB,TV / appliance board (low grade),PCB-LOW,18.4,Pimpri-Chinchwad,2025-07,daylight,shop_counter,False,train
IMG901208,img/placeholder/1208.png,procedural_placeholder,False,Motor & magnet-bearing,Small AC/DC motor,MTR-SML,36.9,Pimpri-Chinchwad,2025-06,shade,cluttered_yard,True,test
IMG901209,img/placeholder/1209.png,procedural_placeholder,False,CRT,Deflection yoke,CRT-YOK,74.2,Pimpri-Chinchwad,2025-05,low_light,cart,False,val
IMG901210,img/placeholder/1210.png,procedural_placeholder,False,Motor & magnet-bearing,Small AC/DC motor,MTR-SML,12.4,Nagpur,2026-02,low_light,floor_mat,False,val
IMG901211,img/placeholder/1211.png,procedural_placeholder,False,Mixed plastic,HIPS,PLA-HIPS,130.8,Pimpri-Chinchwad,2025-12,shade,shop_counter,True,train
IMG901212,img/placeholder/1212.png,procedural_placeholder,False,CRT,Deflection yoke,CRT-YOK,52.1,Nashik,2025-11,daylight,cart,True,train
IMG901213,img/placeholder/1213.png,procedural_placeholder,False,Cable,Armoured / data cable,CBL-ARM,6.6,Aurangabad,2026-03,shade,plain,False,train
IMG901214,img/placeholder/1214.png,procedural_placeholder,False,CRT,Deflection yoke,CRT-YOK,16.1,Aurangabad,2026-08,daylight,floor_mat,True,val
IMG901215,img/placeholder/1215.png,procedural_placeholder,False,PCB,GPU / add-on card,PCB-GPU,2.6,Pune,2025-11,flash,cluttered_yard,False,train
IMG901216,img/placeholder/1216.png,procedural_placeholder,False,Motor & magnet-bearing,Compressor motor,MTR-CMP,20.9,Aurangabad,2025-04,indoor_tube,cart,False,train
IMG901217,img/placeholder/1217.png,procedural_placeholder,False,Cable,Aluminium cable,CBL-AL,13.0,Nashik,2026-07,indoor_tube,cluttered_yard,False,test
IMG901218,img/placeholder/1218.png,procedural_placeholder,False,Cable,Copper household wire,CBL-CU,78.0,Aurangabad,2025-09,indoor_tube,cart,False,train
IMG901219,img/placeholder/1219.png,procedural_placeholder,False,Cable,Mixed insulated,CBL-MIX,26.7,Pune,2025-04,indoor_tube,cluttered_yard,False,train
IMG901220,img/placeholder/1220.png,procedural_placeholder,False,Mixed plastic,ABS casing,PLA-ABS,32.5,Aurangabad,2025-09,daylight,cluttered_yard,False,train
IMG901221,img/placeholder/1221.png,procedural_placeholder,False,PCB,Motherboard (high grade),PCB-MBH,0.6,Mumbai,2026-08,low_light,cart,True,test
IMG901222,img/placeholder/1222.png,procedural_placeholder,False,PCB,Motherboard (high grade),PCB-MBH,6.3,Pimpri-Chinchwad,2025-03,daylight,cart,False,train
IMG901223,img/placeholder/1223.png,procedural_placeholder,False,Battery,Lead-acid,BAT-PB,15.0,Mumbai,2025-06,daylight,cluttered_yard,False,train
IMG901224,img/placeholder/1224.png,procedural_placeholder,False,Mixed plastic,PC/ABS blend,PLA-PCABS,31.2,Nashik,2026-07,indoor_tube,plain,True,train
IMG901225,img/placeholder/1225.png,procedural_placeholder,False,Cable,Mixed insulated,CBL-MIX,1.8,Nashik,2025-11,daylight,cluttered_yard,True,train
IMG901226,img/placeholder/1226.png,procedural_placeholder,False,Cable,Mixed insulated,CBL-MIX,35.3,Pune,2025-12,daylight,cart,False,train
IMG901227,img/placeholder/1227.png,procedural_placeholder,False,Mixed plastic,PC/ABS blend,PLA-PCABS,10.9,Mumbai,2026-01,daylight,cluttered_yard,False,train
IMG901228,img/placeholder/1228.png,procedural_placeholder,False,Battery,Ni-MH,BAT-NIMH,10.0,Mumbai,2025-07,daylight,cart,False,val
IMG901229,img/placeholder/1229.png,procedural_placeholder,False,Battery,Ni-MH,BAT-NIMH,9.9,Mumbai,2026-05,low_light,cluttered_yard,False,test
IMG901230,img/placeholder/1230.png,procedural_placeholder,False,CRT,Colour TV tube,CRT-CTV,10.5,Mumbai,2026-01,indoor_tube,cluttered_yard,False,val
IMG901231,img/placeholder/1231.png,procedural_placeholder,False,Mixed plastic,HIPS,PLA-HIPS,24.3,Mumbai,2026-01,shade,cart,False,test
IMG901232,img/placeholder/1232.png,procedural_placeholder,False,PCB,Mixed populated board,PCB-MIX,9.5,Mumbai,2025-10,daylight,plain,False,test
IMG901233,img/placeholder/1233.png,procedural_placeholder,False,CRT,Deflection yoke,CRT-YOK,91.9,Pimpri-Chinchwad,2026-03,shade,cluttered_yard,True,train
IMG901234,img/placeholder/1234.png,procedural_placeholder,False,Motor & magnet-bearing,Compressor motor,MTR-CMP,3.1,Nagpur,2025-06,daylight,floor_mat,False,val
IMG901235,img/placeholder/1235.png,procedural_placeholder,False,CRT,Colour TV tube,CRT-CTV,18.6,Nashik,2025-06,daylight,cluttered_yard,False,train
IMG901236,img/placeholder/1236.png,procedural_placeholder,False,Cable,Armoured / data cable,CBL-ARM,56.6,Nagpur,2026-04,daylight,cluttered_yard,False,test
IMG901237,img/placeholder/1237.png,procedural_placeholder,False,Battery,Lead-acid,BAT-PB,1.3,Mumbai,2026-05,low_light,cluttered_yard,False,val
IMG901238,img/placeholder/1238.png,procedural_placeholder,False,Cable,Aluminium cable,CBL-AL,22.6,Mumbai,2026-02,indoor_tube,plain,True,train
IMG901239,img/placeholder/1239.png,procedural_placeholder,False,PCB,Motherboard (high grade),PCB-MBH,13.6,Nashik,2025-08,daylight,floor_mat,False,train
IMG901240,img/placeholder/1240.png,procedural_placeholder,False,Mixed plastic,HIPS,PLA-HIPS,113.8,Aurangabad,2025-10,daylight,floor_mat,True,val
IMG901241,img/placeholder/1241.png,procedural_placeholder,False,Cable,Armoured / data cable,CBL-ARM,160.0,Pimpri-Chinchwad,2025-09,low_light,floor_mat,False,test
IMG901242,img/placeholder/1242.png,procedural_placeholder,False,Cable,Copper household wire,CBL-CU,26.0,Nagpur,2026-08,low_light,cluttered_yard,False,train
IMG901243,img/placeholder/1243.png,procedural_placeholder,False,Motor & magnet-bearing,Small AC/DC motor,MTR-SML,18.1,Pune,2026-03,daylight,cluttered_yard,False,test
IMG901244,img/placeholder/1244.png,procedural_placeholder,False,Mixed plastic,HIPS,PLA-HIPS,57.0,Pune,2026-04,shade,plain,False,train
IMG901245,img/placeholder/1245.png,procedural_placeholder,False,Mixed plastic,Mixed dirty,PLA-MIX,48.2,Nashik,2025-06,shade,cluttered_yard,True,train
IMG901246,img/placeholder/1246.png,procedural_placeholder,False,PCB,RAM / gold-finger,PCB-RAM,12.6,Mumbai,2025-12,daylight,floor_mat,False,val
IMG901247,img/placeholder/1247.png,procedural_placeholder,False,Cable,Copper household wire,CBL-CU,41.1,Mumbai,2026-02,daylight,cart,False,train
IMG901248,img/placeholder/1248.png,procedural_placeholder,False,LCD/LED panel,Monitor panel,LCD-MON,11.6,Nashik,2025-10,shade,cart,False,train
IMG901249,img/placeholder/1249.png,procedural_placeholder,False,Battery,Button / coin cell,BAT-BTN,20.7,Pune,2026-06,indoor_tube,floor_mat,False,train
IMG901250,img/placeholder/1250.png,procedural_placeholder,False,Cable,Armoured / data cable,CBL-ARM,23.3,Mumbai,2026-08,indoor_tube,cluttered_yard,True,test
IMG901251,img/placeholder/1251.png,procedural_placeholder,False,Motor & magnet-bearing,Compressor motor,MTR-CMP,28.2,Mumbai,2026-05,indoor_tube,cluttered_yard,False,train
IMG901252,img/placeholder/1252.png,procedural_placeholder,False,Motor & magnet-bearing,HDD assembly,MTR-HDD,18.8,Nashik,2026-03,low_light,cart,True,train
IMG901253,img/placeholder/1253.png,procedural_placeholder,False,Motor & magnet-bearing,Compressor motor,MTR-CMP,10.4,Nashik,2025-07,daylight,cluttered_yard,True,train
IMG901254,img/placeholder/1254.png,procedural_placeholder,False,PCB,Mixed populated board,PCB-MIX,16.6,Aurangabad,2026-02,indoor_tube,cluttered_yard,True,train
IMG901255,img/placeholder/1255.png,procedural_placeholder,False,CRT,Deflection yoke,CRT-YOK,22.7,Nagpur,2026-06,indoor_tube,cluttered_yard,True,train
IMG901256,img/placeholder/1256.png,procedural_placeholder,False,Motor & magnet-bearing,HDD assembly,MTR-HDD,7.0,Aurangabad,2025-11,flash,shop_counter,True,val
IMG901257,img/placeholder/1257.png,procedural_placeholder,False,Cable,Mixed insulated,CBL-MIX,6.5,Mumbai,2025-09,shade,cluttered_yard,False,train
IMG901258,img/placeholder/1258.png,procedural_placeholder,False,Cable,Mixed insulated,CBL-MIX,51.3,Nashik,2025-06,low_light,shop_counter,True,train
IMG901259,img/placeholder/1259.png,procedural_placeholder,False,Mixed plastic,Mixed dirty,PLA-MIX,23.7,Mumbai,2025-12,daylight,cluttered_yard,True,train
IMG901260,img/placeholder/1260.png,procedural_placeholder,False,PCB,GPU / add-on card,PCB-GPU,15.0,Mumbai,2026-06,low_light,shop_counter,True,train
IMG901261,img/placeholder/1261.png,procedural_placeholder,False,Cable,Armoured / data cable,CBL-ARM,27.4,Pimpri-Chinchwad,2026-04,shade,cluttered_yard,False,test
IMG901262,img/placeholder/1262.png,procedural_placeholder,False,Mixed plastic,ABS casing,PLA-ABS,2.4,Nashik,2025-10,daylight,floor_mat,True,train
IMG901263,img/placeholder/1263.png,procedural_placeholder,False,Mixed plastic,ABS casing,PLA-ABS,50.7,Mumbai,2026-03,indoor_tube,cart,False,test
IMG901264,img/placeholder/1264.png,procedural_placeholder,False,CRT,Colour TV tube,CRT-CTV,44.4,Pimpri-Chinchwad,2025-09,shade,cart,True,val
IMG901265,img/placeholder/1265.png,procedural_placeholder,False,LCD/LED panel,Monitor panel,LCD-MON,16.8,Mumbai,2025-10,indoor_tube,cluttered_yard,True,val
IMG901266,img/placeholder/1266.png,procedural_placeholder,False,Battery,Li-ion laptop / phone pack,BAT-LI,7.0,Nashik,2026-04,low_light,cluttered_yard,True,val
IMG901267,img/placeholder/1267.png,procedural_placeholder,False,Mixed plastic,PC/ABS blend,PLA-PCABS,23.3,Mumbai,2025-09,shade,cluttered_yard,False,train
IMG901268,img/placeholder/1268.png,procedural_placeholder,False,Battery,Lead-acid,BAT-PB,1.0,Mumbai,2025-08,low_light,plain,False,train
IMG901269,img/placeholder/1269.png,procedural_placeholder,False,LCD/LED panel,Monitor panel,LCD-MON,7.1,Mumbai,2025-08,indoor_tube,cart,False,train
IMG901270,img/placeholder/1270.png,procedural_placeholder,False,Mixed plastic,PC/ABS blend,PLA-PCABS,14.2,Pune,2025-06,low_light,shop_counter,False,test
IMG901271,img/placeholder/1271.png,procedural_placeholder,False,Mixed plastic,ABS casing,PLA-ABS,57.6,Aurangabad,2025-06,daylight,cluttered_yard,True,test
IMG901272,img/placeholder/1272.png,procedural_placeholder,False,Motor & magnet-bearing,Small AC/DC motor,MTR-SML,9.7,Pune,2025-04,shade,cluttered_yard,True,val
IMG901273,img/placeholder/1273.png,procedural_placeholder,False,Motor & magnet-bearing,Speaker magnet,MTR-SPK,15.0,Pune,2025-08,shade,cart,False,train
IMG901274,img/placeholder/1274.png,procedural_placeholder,False,LCD/LED panel,Laptop panel,LCD-LAP,7.8,Pune,2026-08,indoor_tube,floor_mat,True,train
IMG901275,img/placeholder/1275.png,procedural_placeholder,False,Battery,Ni-MH,BAT-NIMH,8.3,Pune,2025-11,indoor_tube,cluttered_yard,False,val
IMG901276,img/placeholder/1276.png,procedural_placeholder,False,Cable,Armoured / data cable,CBL-ARM,34.7,Pune,2026-07,shade,cluttered_yard,True,train
IMG901277,img/placeholder/1277.png,procedural_placeholder,False,Cable,Armoured / data cable,CBL-ARM,74.8,Pimpri-Chinchwad,2026-04,flash,floor_mat,True,test
IMG901278,img/placeholder/1278.png,procedural_placeholder,False,Cable,Armoured / data cable,CBL-ARM,52.7,Mumbai,2025-06,daylight,plain,True,train
IMG901279,img/placeholder/1279.png,procedural_placeholder,False,Mixed plastic,Mixed dirty,PLA-MIX,11.8,Pune,2025-07,daylight,floor_mat,False,train
IMG901280,img/placeholder/1280.png,procedural_placeholder,False,Cable,Mixed insulated,CBL-MIX,43.7,Mumbai,2026-02,daylight,floor_mat,False,train
IMG901281,img/placeholder/1281.png,procedural_placeholder,False,PCB,TV / appliance board (low grade),PCB-LOW,5.2,Mumbai,2025-06,daylight,cluttered_yard,False,train
IMG901282,img/placeholder/1282.png,procedural_placeholder,False,PCB,Motherboard (high grade),PCB-MBH,2.3,Aurangabad,2026-08,daylight,plain,True,train
IMG901283,img/placeholder/1283.png,procedural_placeholder,False,LCD/LED panel,Backlight assembly,LCD-BLA,14.7,Nashik,2025-05,daylight,cluttered_yard,False,train
IMG901284,img/placeholder/1284.png,procedural_placeholder,False,Cable,Armoured / data cable,CBL-ARM,9.6,Aurangabad,2025-12,daylight,floor_mat,False,val
IMG901285,img/placeholder/1285.png,procedural_placeholder,False,Cable,Armoured / data cable,CBL-ARM,7.4,Aurangabad,2026-03,shade,cluttered_yard,True,train
IMG901286,img/placeholder/1286.png,procedural_placeholder,False,Motor & magnet-bearing,Compressor motor,MTR-CMP,33.4,Nashik,2025-05,indoor_tube,cluttered_yard,True,train
IMG901287,img/placeholder/1287.png,procedural_placeholder,False,Cable,Copper household wire,CBL-CU,17.1,Pune,2025-08,daylight,shop_counter,True,train
IMG901288,img/placeholder/1288.png,procedural_placeholder,False,Cable,Aluminium cable,CBL-AL,113.3,Mumbai,2026-01,daylight,cluttered_yard,True,train
IMG901289,img/placeholder/1289.png,procedural_placeholder,False,PCB,Mixed populated board,PCB-MIX,12.0,Aurangabad,2026-05,shade,cart,True,test
IMG901290,img/placeholder/1290.png,procedural_placeholder,False,PCB,Mixed populated board,PCB-MIX,8.3,Mumbai,2025-04,daylight,plain,True,train
IMG901291,img/placeholder/1291.png,procedural_placeholder,False,Motor & magnet-bearing,HDD assembly,MTR-HDD,7.9,Mumbai,2025-05,daylight,shop_counter,False,val
IMG901292,img/placeholder/1292.png,procedural_placeholder,False,CRT,Deflection yoke,CRT-YOK,19.8,Pimpri-Chinchwad,2025-03,daylight,cluttered_yard,True,train
IMG901293,img/placeholder/1293.png,procedural_placeholder,False,Mixed plastic,ABS casing,PLA-ABS,149.5,Mumbai,2025-04,daylight,plain,False,test
IMG901294,img/placeholder/1294.png,procedural_placeholder,False,Motor & magnet-bearing,Small AC/DC motor,MTR-SML,28.2,Aurangabad,2025-10,shade,cart,True,test
IMG901295,img/placeholder/1295.png,procedural_placeholder,False,LCD/LED panel,Laptop panel,LCD-LAP,21.4,Pimpri-Chinchwad,2025-11,shade,floor_mat,True,train
IMG901296,img/placeholder/1296.png,procedural_placeholder,False,Mixed plastic,HIPS,PLA-HIPS,51.1,Pimpri-Chinchwad,2026-07,daylight,plain,False,val
IMG901297,img/placeholder/1297.png,procedural_placeholder,False,Mixed plastic,ABS casing,PLA-ABS,109.2,Nagpur,2026-08,shade,cart,True,val
IMG901298,img/placeholder/1298.png,procedural_placeholder,False,Cable,Armoured / data cable,CBL-ARM,52.8,Mumbai,2025-07,low_light,cluttered_yard,True,val
IMG901299,img/placeholder/1299.png,procedural_placeholder,False,Motor & magnet-bearing,Small AC/DC motor,MTR-SML,26.2,Mumbai,2025-04,shade,floor_mat,False,train
IMG901300,img/placeholder/1300.png,procedural_placeholder,False,Mixed plastic,Mixed dirty,PLA-MIX,39.4,Pimpri-Chinchwad,2026-03,daylight,cart,True,train
IMG901301,img/placeholder/1301.png,procedural_placeholder,False,Cable,Aluminium cable,CBL-AL,34.1,Mumbai,2025-03,indoor_tube,cluttered_yard,True,train
IMG901302,img/placeholder/1302.png,procedural_placeholder,False,PCB,GPU / add-on card,PCB-GPU,11.7,Nashik,2026-08,indoor_tube,cluttered_yard,False,val
IMG901303,img/placeholder/1303.png,procedural_placeholder,False,CRT,Colour TV tube,CRT-CTV,29.5,Pimpri-Chinchwad,2025-12,low_light,cluttered_yard,False,train
IMG901304,img/placeholder/1304.png,procedural_placeholder,False,CRT,Deflection yoke,CRT-YOK,12.0,Nashik,2026-05,flash,cluttered_yard,True,val
IMG901305,img/placeholder/1305.png,procedural_placeholder,False,Battery,Lead-acid,BAT-PB,10.4,Nashik,2025-06,low_light,cluttered_yard,False,train
IMG901306,img/placeholder/1306.png,procedural_placeholder,False,Battery,Li-ion laptop / phone pack,BAT-LI,15.4,Mumbai,2025-11,daylight,shop_counter,False,train
IMG901307,img/placeholder/1307.png,procedural_placeholder,False,Battery,Lead-acid,BAT-PB,20.9,Mumbai,2026-04,shade,cluttered_yard,False,test
IMG901308,img/placeholder/1308.png,procedural_placeholder,False,LCD/LED panel,TV panel,LCD-TV,19.0,Nagpur,2025-03,daylight,floor_mat,True,val
IMG901309,img/placeholder/1309.png,procedural_placeholder,False,Cable,Mixed insulated,CBL-MIX,48.8,Nagpur,2025-06,shade,cluttered_yard,False,train
IMG901310,img/placeholder/1310.png,procedural_placeholder,False,CRT,Deflection yoke,CRT-YOK,24.1,Nashik,2025-06,daylight,plain,True,test
IMG901311,img/placeholder/1311.png,procedural_placeholder,False,Battery,Ni-MH,BAT-NIMH,4.7,Aurangabad,2026-03,indoor_tube,floor_mat,True,train
IMG901312,img/placeholder/1312.png,procedural_placeholder,False,PCB,RAM / gold-finger,PCB-RAM,45.0,Pimpri-Chinchwad,2025-05,indoor_tube,shop_counter,True,train
IMG901313,img/placeholder/1313.png,procedural_placeholder,False,CRT,Monochrome monitor tube,CRT-MON,21.3,Pimpri-Chinchwad,2025-12,shade,floor_mat,True,train
IMG901314,img/placeholder/1314.png,procedural_placeholder,False,CRT,Deflection yoke,CRT-YOK,42.4,Pune,2025-09,daylight,cluttered_yard,False,val
IMG901315,img/placeholder/1315.png,procedural_placeholder,False,Motor & magnet-bearing,Compressor motor,MTR-CMP,9.7,Nagpur,2026-07,shade,cluttered_yard,False,test
IMG901316,img/placeholder/1316.png,procedural_placeholder,False,Motor & magnet-bearing,Speaker magnet,MTR-SPK,18.0,Pimpri-Chinchwad,2025-05,daylight,cluttered_yard,True,test
IMG901317,img/placeholder/1317.png,procedural_placeholder,False,Cable,Armoured / data cable,CBL-ARM,56.9,Mumbai,2026-01,low_light,cluttered_yard,False,val
IMG901318,img/placeholder/1318.png,procedural_placeholder,False,LCD/LED panel,TV panel,LCD-TV,79.0,Aurangabad,2025-08,indoor_tube,shop_counter,True,train
IMG901319,img/placeholder/1319.png,procedural_placeholder,False,PCB,Mixed populated board,PCB-MIX,4.2,Nagpur,2025-06,daylight,shop_counter,False,train
IMG901320,img/placeholder/1320.png,procedural_placeholder,False,Battery,Button / coin cell,BAT-BTN,13.1,Nagpur,2025-08,indoor_tube,cluttered_yard,True,test
IMG901321,img/placeholder/1321.png,procedural_placeholder,False,LCD/LED panel,TV panel,LCD-TV,15.1,Mumbai,2026-04,indoor_tube,plain,False,train
IMG901322,img/placeholder/1322.png,procedural_placeholder,False,Mixed plastic,ABS casing,PLA-ABS,19.8,Nashik,2025-03,daylight,cluttered_yard,True,train
IMG901323,img/placeholder/1323.png,procedural_placeholder,False,Cable,Aluminium cable,CBL-AL,19.2,Pune,2026-07,shade,cluttered_yard,False,train
IMG901324,img/placeholder/1324.png,procedural_placeholder,False,Mixed plastic,ABS casing,PLA-ABS,29.0,Mumbai,2025-08,flash,floor_mat,False,train
IMG901325,img/placeholder/1325.png,procedural_placeholder,False,Cable,Copper household wire,CBL-CU,86.9,Mumbai,2025-10,low_light,cluttered_yard,False,val
IMG901326,img/placeholder/1326.png,procedural_placeholder,False,PCB,RAM / gold-finger,PCB-RAM,8.5,Nagpur,2026-01,daylight,cluttered_yard,True,train
IMG901327,img/placeholder/1327.png,procedural_placeholder,False,Mixed plastic,Mixed dirty,PLA-MIX,12.6,Nashik,2026-01,indoor_tube,floor_mat,True,val
IMG901328,img/placeholder/1328.png,procedural_placeholder,False,LCD/LED panel,Laptop panel,LCD-LAP,20.6,Pimpri-Chinchwad,2025-05,indoor_tube,cart,False,train
IMG901329,img/placeholder/1329.png,procedural_placeholder,False,Battery,Lead-acid,BAT-PB,9.7,Pune,2025-05,daylight,floor_mat,False,train
IMG901330,img/placeholder/1330.png,procedural_placeholder,False,CRT,Monochrome monitor tube,CRT-MON,13.3,Mumbai,2025-06,daylight,cluttered_yard,False,train
IMG901331,img/placeholder/1331.png,procedural_placeholder,False,PCB,Mixed populated board,PCB-MIX,15.9,Pune,2026-08,indoor_tube,cluttered_yard,True,train
IMG901332,img/placeholder/1332.png,procedural_placeholder,False,Cable,Copper household wire,CBL-CU,31.1,Nagpur,2025-11,shade,cluttered_yard,True,train
IMG901333,img/placeholder/1333.png,procedural_placeholder,False,Cable,Armoured / data cable,CBL-ARM,25.2,Aurangabad,2025-11,flash,floor_mat,False,test
IMG901334,img/placeholder/1334.png,procedural_placeholder,False,Cable,Copper household wire,CBL-CU,15.5,Mumbai,2026-07,indoor_tube,cluttered_yard,True,train
IMG901335,img/placeholder/1335.png,procedural_placeholder,False,CRT,Monochrome monitor tube,CRT-MON,21.7,Pune,2025-11,shade,cart,False,val
IMG901336,img/placeholder/1336.png,procedural_placeholder,False,Cable,Aluminium cable,CBL-AL,41.7,Nagpur,2025-05,shade,cluttered_yard,True,train
IMG901337,img/placeholder/1337.png,procedural_placeholder,False,Cable,Armoured / data cable,CBL-ARM,18.7,Aurangabad,2026-05,shade,cluttered_yard,False,train
IMG901338,img/placeholder/1338.png,procedural_placeholder,False,PCB,RAM / gold-finger,PCB-RAM,11.9,Nagpur,2026-07,daylight,plain,False,train
IMG901339,img/placeholder/1339.png,procedural_placeholder,False,Cable,Armoured / data cable,CBL-ARM,6.9,Aurangabad,2025-05,indoor_tube,floor_mat,False,val
IMG901340,img/placeholder/1340.png,procedural_placeholder,False,PCB,Mixed populated board,PCB-MIX,8.8,Nashik,2025-03,low_light,plain,True,train
IMG901341,img/placeholder/1341.png,procedural_placeholder,False,Mixed plastic,Mixed dirty,PLA-MIX,6.3,Aurangabad,2025-07,low_light,cluttered_yard,True,train
IMG901342,img/placeholder/1342.png,procedural_placeholder,False,LCD/LED panel,TV panel,LCD-TV,4.9,Nashik,2026-06,daylight,cluttered_yard,True,val
IMG901343,img/placeholder/1343.png,procedural_placeholder,False,Mixed plastic,Mixed dirty,PLA-MIX,82.1,Pimpri-Chinchwad,2025-09,low_light,cluttered_yard,False,train
IMG901344,img/placeholder/1344.png,procedural_placeholder,False,CRT,Deflection yoke,CRT-YOK,29.0,Pimpri-Chinchwad,2025-08,daylight,cluttered_yard,True,test
IMG901345,img/placeholder/1345.png,procedural_placeholder,False,Cable,Copper household wire,CBL-CU,23.6,Pune,2026-03,shade,floor_mat,False,train
IMG901346,img/placeholder/1346.png,procedural_placeholder,False,Battery,Li-ion laptop / phone pack,BAT-LI,8.2,Pune,2026-02,indoor_tube,cluttered_yard,True,train
IMG901347,img/placeholder/1347.png,procedural_placeholder,False,Cable,Copper household wire,CBL-CU,57.9,Mumbai,2026-04,daylight,plain,True,train
IMG901348,img/placeholder/1348.png,procedural_placeholder,False,Mixed plastic,ABS casing,PLA-ABS,31.6,Pune,2026-01,daylight,floor_mat,True,train
IMG901349,img/placeholder/1349.png,procedural_placeholder,False,Battery,Lead-acid,BAT-PB,8.5,Aurangabad,2026-05,low_light,cart,False,train
IMG901350,img/placeholder/1350.png,procedural_placeholder,False,Cable,Aluminium cable,CBL-AL,55.3,Aurangabad,2025-10,daylight,floor_mat,False,train
IMG901351,img/placeholder/1351.png,procedural_placeholder,False,Battery,Li-ion laptop / phone pack,BAT-LI,1.3,Pimpri-Chinchwad,2025-11,low_light,cart,False,val
IMG901352,img/placeholder/1352.png,procedural_placeholder,False,CRT,Colour TV tube,CRT-CTV,96.3,Nashik,2026-03,low_light,shop_counter,False,test
IMG901353,img/placeholder/1353.png,procedural_placeholder,False,CRT,Deflection yoke,CRT-YOK,14.9,Pimpri-Chinchwad,2026-08,daylight,floor_mat,False,train
IMG901354,img/placeholder/1354.png,procedural_placeholder,False,CRT,Monochrome monitor tube,CRT-MON,25.7,Nagpur,2025-08,low_light,shop_counter,True,train
IMG901355,img/placeholder/1355.png,procedural_placeholder,False,PCB,GPU / add-on card,PCB-GPU,5.4,Nashik,2025-12,flash,shop_counter,False,train
IMG901356,img/placeholder/1356.png,procedural_placeholder,False,LCD/LED panel,Laptop panel,LCD-LAP,7.0,Mumbai,2025-06,flash,plain,False,train
IMG901357,img/placeholder/1357.png,procedural_placeholder,False,Cable,Armoured / data cable,CBL-ARM,52.0,Mumbai,2026-06,indoor_tube,shop_counter,True,train
IMG901358,img/placeholder/1358.png,procedural_placeholder,False,PCB,TV / appliance board (low grade),PCB-LOW,9.5,Mumbai,2026-06,shade,cart,True,val
IMG901359,img/placeholder/1359.png,procedural_placeholder,False,Cable,Copper household wire,CBL-CU,85.1,Aurangabad,2026-05,shade,shop_counter,True,test
IMG901360,img/placeholder/1360.png,procedural_placeholder,False,Mixed plastic,HIPS,PLA-HIPS,61.6,Pune,2026-03,daylight,cluttered_yard,True,val
IMG901361,img/placeholder/1361.png,procedural_placeholder,False,Motor & magnet-bearing,HDD assembly,MTR-HDD,7.5,Aurangabad,2025-10,shade,cluttered_yard,False,train
IMG901362,img/placeholder/1362.png,procedural_placeholder,False,LCD/LED panel,Backlight assembly,LCD-BLA,13.8,Aurangabad,2025-08,daylight,cluttered_yard,True,train
IMG901363,img/placeholder/1363.png,procedural_placeholder,False,LCD/LED panel,Laptop panel,LCD-LAP,13.4,Pune,2026-01,indoor_tube,cart,True,train
IMG901364,img/placeholder/1364.png,procedural_placeholder,False,PCB,Mixed populated board,PCB-MIX,8.6,Mumbai,2026-04,daylight,cluttered_yard,False,train
IMG901365,img/placeholder/1365.png,procedural_placeholder,False,Mixed plastic,PC/ABS blend,PLA-PCABS,51.0,Aurangabad,2025-11,shade,floor_mat,True,train
IMG901366,img/placeholder/1366.png,procedural_placeholder,False,PCB,Motherboard (high grade),PCB-MBH,1.8,Nashik,2025-03,low_light,floor_mat,True,train
IMG901367,img/placeholder/1367.png,procedural_placeholder,False,Cable,Armoured / data cable,CBL-ARM,6.3,Mumbai,2026-07,shade,cluttered_yard,True,val
IMG901368,img/placeholder/1368.png,procedural_placeholder,False,Cable,Copper household wire,CBL-CU,28.5,Pune,2025-08,daylight,cluttered_yard,False,train
IMG901369,img/placeholder/1369.png,procedural_placeholder,False,Mixed plastic,HIPS,PLA-HIPS,63.0,Pune,2025-09,shade,cluttered_yard,True,train
IMG901370,img/placeholder/1370.png,procedural_placeholder,False,PCB,Mixed populated board,PCB-MIX,1.3,Mumbai,2026-08,low_light,cart,False,train
IMG901371,img/placeholder/1371.png,procedural_placeholder,False,LCD/LED panel,TV panel,LCD-TV,20.8,Nashik,2025-03,daylight,shop_counter,False,train
IMG901372,img/placeholder/1372.png,procedural_placeholder,False,Motor & magnet-bearing,HDD assembly,MTR-HDD,95.8,Pimpri-Chinchwad,2026-06,daylight,shop_counter,False,train
IMG901373,img/placeholder/1373.png,procedural_placeholder,False,PCB,Motherboard (high grade),PCB-MBH,15.0,Pune,2026-08,low_light,shop_counter,True,train
IMG901374,img/placeholder/1374.png,procedural_placeholder,False,LCD/LED panel,Laptop panel,LCD-LAP,18.7,Pune,2026-08,low_light,cluttered_yard,False,train
IMG901375,img/placeholder/1375.png,procedural_placeholder,False,CRT,Monochrome monitor tube,CRT-MON,18.0,Mumbai,2025-08,daylight,cluttered_yard,False,train
IMG901376,img/placeholder/1376.png,procedural_placeholder,False,PCB,TV / appliance board (low grade),PCB-LOW,2.4,Pimpri-Chinchwad,2026-07,shade,cluttered_yard,True,train
IMG901377,img/placeholder/1377.png,procedural_placeholder,False,PCB,Mixed populated board,PCB-MIX,4.4,Pune,2025-10,shade,shop_counter,True,train
IMG901378,img/placeholder/1378.png,procedural_placeholder,False,Cable,Aluminium cable,CBL-AL,39.2,Pune,2026-03,daylight,floor_mat,False,train
IMG901379,img/placeholder/1379.png,procedural_placeholder,False,Cable,Aluminium cable,CBL-AL,10.8,Mumbai,2025-07,flash,shop_counter,True,test
IMG901380,img/placeholder/1380.png,procedural_placeholder,False,Motor & magnet-bearing,Small AC/DC motor,MTR-SML,38.3,Aurangabad,2025-03,indoor_tube,floor_mat,False,train
IMG901381,img/placeholder/1381.png,procedural_placeholder,False,Battery,Lead-acid,BAT-PB,17.5,Pune,2026-02,daylight,cluttered_yard,True,train
IMG901382,img/placeholder/1382.png,procedural_placeholder,False,CRT,Monochrome monitor tube,CRT-MON,44.9,Nashik,2025-08,shade,floor_mat,False,train
IMG901383,img/placeholder/1383.png,procedural_placeholder,False,Mixed plastic,HIPS,PLA-HIPS,81.2,Nashik,2026-06,shade,cluttered_yard,False,test
IMG901384,img/placeholder/1384.png,procedural_placeholder,False,Cable,Copper household wire,CBL-CU,32.3,Aurangabad,2026-03,indoor_tube,floor_mat,False,test
IMG901385,img/placeholder/1385.png,procedural_placeholder,False,Mixed plastic,Mixed dirty,PLA-MIX,49.3,Mumbai,2025-09,daylight,cluttered_yard,False,train
IMG901386,img/placeholder/1386.png,procedural_placeholder,False,Cable,Armoured / data cable,CBL-ARM,9.9,Mumbai,2026-06,shade,floor_mat,True,train
IMG901387,img/placeholder/1387.png,procedural_placeholder,False,PCB,RAM / gold-finger,PCB-RAM,9.4,Mumbai,2026-08,shade,cluttered_yard,False,val
IMG901388,img/placeholder/1388.png,procedural_placeholder,False,Mixed plastic,Mixed dirty,PLA-MIX,51.5,Pune,2026-05,low_light,shop_counter,False,train
IMG901389,img/placeholder/1389.png,procedural_placeholder,False,Motor & magnet-bearing,HDD assembly,MTR-HDD,14.9,Mumbai,2025-06,daylight,cluttered_yard,False,train
IMG901390,img/placeholder/1390.png,procedural_placeholder,False,Cable,Mixed insulated,CBL-MIX,9.6,Mumbai,2025-05,low_light,floor_mat,True,val
IMG901391,img/placeholder/1391.png,procedural_placeholder,False,Mixed plastic,HIPS,PLA-HIPS,9.2,Pune,2026-05,daylight,floor_mat,False,val
IMG901392,img/placeholder/1392.png,procedural_placeholder,False,Battery,Ni-MH,BAT-NIMH,5.3,Mumbai,2025-10,indoor_tube,cart,False,train
IMG901393,img/placeholder/1393.png,procedural_placeholder,False,PCB,Motherboard (high grade),PCB-MBH,20.8,Nagpur,2026-05,shade,plain,False,train
IMG901394,img/placeholder/1394.png,procedural_placeholder,False,Battery,Ni-MH,BAT-NIMH,3.1,Nashik,2025-04,daylight,shop_counter,False,train
IMG901395,img/placeholder/1395.png,procedural_placeholder,False,PCB,Mixed populated board,PCB-MIX,7.3,Pimpri-Chinchwad,2025-09,flash,cluttered_yard,True,train
IMG901396,img/placeholder/1396.png,procedural_placeholder,False,Mixed plastic,HIPS,PLA-HIPS,95.5,Mumbai,2026-04,shade,cluttered_yard,True,test
IMG901397,img/placeholder/1397.png,procedural_placeholder,False,CRT,Monochrome monitor tube,CRT-MON,104.7,Mumbai,2026-06,indoor_tube,cart,True,test
IMG901398,img/placeholder/1398.png,procedural_placeholder,False,CRT,Colour TV tube,CRT-CTV,14.5,Nagpur,2025-05,daylight,cluttered_yard,True,test
IMG901399,img/placeholder/1399.png,procedural_placeholder,False,CRT,Monochrome monitor tube,CRT-MON,83.0,Pimpri-Chinchwad,2025-10,daylight,cluttered_yard,False,train
IMG901400,img/placeholder/1400.png,procedural_placeholder,False,Mixed plastic,HIPS,PLA-HIPS,24.8,Aurangabad,2025-09,daylight,shop_counter,False,val
IMG901401,img/placeholder/1401.png,procedural_placeholder,False,Cable,Aluminium cable,CBL-AL,80.1,Mumbai,2026-03,flash,plain,False,train
IMG901402,img/placeholder/1402.png,procedural_placeholder,False,Mixed plastic,PC/ABS blend,PLA-PCABS,22.8,Mumbai,2025-10,shade,floor_mat,True,train
IMG901403,img/placeholder/1403.png,procedural_placeholder,False,Mixed plastic,Mixed dirty,PLA-MIX,45.7,Nagpur,2025-06,daylight,cluttered_yard,True,train
IMG901404,img/placeholder/1404.png,procedural_placeholder,False,CRT,Colour TV tube,CRT-CTV,40.7,Mumbai,2026-04,shade,cluttered_yard,True,train
IMG901405,img/placeholder/1405.png,procedural_placeholder,False,Mixed plastic,Mixed dirty,PLA-MIX,33.8,Nagpur,2025-07,daylight,shop_counter,False,test
IMG901406,img/placeholder/1406.png,procedural_placeholder,False,Cable,Aluminium cable,CBL-AL,50.6,Pune,2025-12,daylight,cluttered_yard,False,train
IMG901407,img/placeholder/1407.png,procedural_placeholder,False,CRT,Colour TV tube,CRT-CTV,39.1,Nagpur,2026-01,shade,floor_mat,False,train
IMG901408,img/placeholder/1408.png,procedural_placeholder,False,Cable,Armoured / data cable,CBL-ARM,28.0,Pune,2025-05,low_light,shop_counter,True,train
IMG901409,img/placeholder/1409.png,procedural_placeholder,False,PCB,Motherboard (high grade),PCB-MBH,3.0,Aurangabad,2026-05,low_light,cluttered_yard,False,test
IMG901410,img/placeholder/1410.png,procedural_placeholder,False,Motor & magnet-bearing,Compressor motor,MTR-CMP,9.8,Nagpur,2026-04,daylight,cluttered_yard,True,train
IMG901411,img/placeholder/1411.png,procedural_placeholder,False,Motor & magnet-bearing,Small AC/DC motor,MTR-SML,6.2,Nashik,2025-04,flash,cluttered_yard,False,test
IMG901412,img/placeholder/1412.png,procedural_placeholder,False,Motor & magnet-bearing,Small AC/DC motor,MTR-SML,62.6,Pune,2026-05,low_light,cart,False,train
IMG901413,img/placeholder/1413.png,procedural_placeholder,False,PCB,GPU / add-on card,PCB-GPU,26.6,Pune,2026-02,indoor_tube,cluttered_yard,False,train
IMG901414,img/placeholder/1414.png,procedural_placeholder,False,CRT,Colour TV tube,CRT-CTV,78.4,Mumbai,2026-07,shade,cluttered_yard,False,test
IMG901415,img/placeholder/1415.png,procedural_placeholder,False,Cable,Aluminium cable,CBL-AL,15.6,Nashik,2025-04,flash,cluttered_yard,False,train
IMG901416,img/placeholder/1416.png,procedural_placeholder,False,Battery,Button / coin cell,BAT-BTN,22.2,Pune,2026-04,daylight,floor_mat,False,test
IMG901417,img/placeholder/1417.png,procedural_placeholder,False,Mixed plastic,PC/ABS blend,PLA-PCABS,26.2,Aurangabad,2025-10,indoor_tube,floor_mat,True,train
IMG901418,img/placeholder/1418.png,procedural_placeholder,False,LCD/LED panel,Backlight assembly,LCD-BLA,34.5,Pune,2025-08,low_light,floor_mat,False,train
IMG901419,img/placeholder/1419.png,procedural_placeholder,False,Motor & magnet-bearing,HDD assembly,MTR-HDD,17.9,Pune,2025-04,shade,cluttered_yard,True,val
IMG901420,img/placeholder/1420.png,procedural_placeholder,False,LCD/LED panel,Monitor panel,LCD-MON,7.6,Pune,2026-01,indoor_tube,cart,False,train
IMG901421,img/placeholder/1421.png,procedural_placeholder,False,Battery,Button / coin cell,BAT-BTN,1.5,Pune,2026-06,daylight,floor_mat,False,train
IMG901422,img/placeholder/1422.png,procedural_placeholder,False,PCB,GPU / add-on card,PCB-GPU,2.8,Pune,2026-07,shade,cluttered_yard,False,train
IMG901423,img/placeholder/1423.png,procedural_placeholder,False,Battery,Li-ion laptop / phone pack,BAT-LI,1.7,Nashik,2025-06,shade,cart,True,val
IMG901424,img/placeholder/1424.png,procedural_placeholder,False,Cable,Armoured / data cable,CBL-ARM,50.8,Mumbai,2025-12,shade,floor_mat,True,train
IMG901425,img/placeholder/1425.png,procedural_placeholder,False,CRT,Colour TV tube,CRT-CTV,19.4,Pimpri-Chinchwad,2026-07,indoor_tube,cluttered_yard,True,test
IMG901426,img/placeholder/1426.png,procedural_placeholder,False,LCD/LED panel,Backlight assembly,LCD-BLA,16.4,Pune,2026-06,daylight,shop_counter,True,val
IMG901427,img/placeholder/1427.png,procedural_placeholder,False,Battery,Ni-MH,BAT-NIMH,6.2,Nashik,2026-01,shade,cluttered_yard,True,train
IMG901428,img/placeholder/1428.png,procedural_placeholder,False,LCD/LED panel,TV panel,LCD-TV,17.7,Aurangabad,2025-10,shade,shop_counter,False,train
IMG901429,img/placeholder/1429.png,procedural_placeholder,False,CRT,Monochrome monitor tube,CRT-MON,42.2,Pune,2026-01,daylight,cart,True,train
IMG901430,img/placeholder/1430.png,procedural_placeholder,False,Mixed plastic,HIPS,PLA-HIPS,86.2,Pune,2025-08,indoor_tube,cluttered_yard,False,train
IMG901431,img/placeholder/1431.png,procedural_placeholder,False,LCD/LED panel,Backlight assembly,LCD-BLA,16.7,Nashik,2026-06,daylight,floor_mat,False,val
IMG901432,img/placeholder/1432.png,procedural_placeholder,False,PCB,Motherboard (high grade),PCB-MBH,12.1,Nashik,2025-03,shade,plain,False,test
IMG901433,img/placeholder/1433.png,procedural_placeholder,False,Cable,Copper household wire,CBL-CU,79.1,Aurangabad,2026-01,daylight,cluttered_yard,True,val
IMG901434,img/placeholder/1434.png,procedural_placeholder,False,Cable,Aluminium cable,CBL-AL,104.7,Pune,2025-07,indoor_tube,shop_counter,False,train
IMG901435,img/placeholder/1435.png,procedural_placeholder,False,Mixed plastic,Mixed dirty,PLA-MIX,59.8,Nagpur,2025-10,low_light,plain,False,val
IMG901436,img/placeholder/1436.png,procedural_placeholder,False,Mixed plastic,Mixed dirty,PLA-MIX,16.5,Aurangabad,2025-09,shade,cluttered_yard,False,train
IMG901437,img/placeholder/1437.png,procedural_placeholder,False,PCB,GPU / add-on card,PCB-GPU,5.4,Pune,2026-05,shade,floor_mat,True,test
IMG901438,img/placeholder/1438.png,procedural_placeholder,False,CRT,Deflection yoke,CRT-YOK,30.3,Pune,2026-01,low_light,cart,True,test
IMG901439,img/placeholder/1439.png,procedural_placeholder,False,Cable,Armoured / data cable,CBL-ARM,102.1,Pimpri-Chinchwad,2025-11,low_light,cart,True,val
IMG901440,img/placeholder/1440.png,procedural_placeholder,False,PCB,GPU / add-on card,PCB-GPU,3.2,Mumbai,2026-05,flash,cluttered_yard,False,train
IMG901441,img/placeholder/1441.png,procedural_placeholder,False,Mixed plastic,ABS casing,PLA-ABS,78.1,Mumbai,2025-04,daylight,cart,False,train
IMG901442,img/placeholder/1442.png,procedural_placeholder,False,PCB,GPU / add-on card,PCB-GPU,10.4,Aurangabad,2026-08,indoor_tube,floor_mat,False,train
IMG901443,img/placeholder/1443.png,procedural_placeholder,False,CRT,Colour TV tube,CRT-CTV,12.1,Nashik,2026-06,daylight,cluttered_yard,True,train
IMG901444,img/placeholder/1444.png,procedural_placeholder,False,Motor & magnet-bearing,Compressor motor,MTR-CMP,26.4,Mumbai,2026-04,daylight,shop_counter,True,val
IMG901445,img/placeholder/1445.png,procedural_placeholder,False,Battery,Ni-MH,BAT-NIMH,1.5,Mumbai,2025-12,low_light,floor_mat,True,val
IMG901446,img/placeholder/1446.png,procedural_placeholder,False,PCB,Mixed populated board,PCB-MIX,1.4,Pune,2026-08,indoor_tube,cluttered_yard,False,train
IMG901447,img/placeholder/1447.png,procedural_placeholder,False,Cable,Armoured / data cable,CBL-ARM,39.1,Aurangabad,2025-08,daylight,shop_counter,False,train
IMG901448,img/placeholder/1448.png,procedural_placeholder,False,PCB,RAM / gold-finger,PCB-RAM,1.8,Pune,2026-01,flash,cluttered_yard,False,val
IMG901449,img/placeholder/1449.png,procedural_placeholder,False,Cable,Aluminium cable,CBL-AL,96.0,Nagpur,2025-10,shade,floor_mat,False,train
IMG901450,img/placeholder/1450.png,procedural_placeholder,False,Cable,Copper household wire,CBL-CU,20.7,Pimpri-Chinchwad,2026-01,daylight,cluttered_yard,False,train
IMG901451,img/placeholder/1451.png,procedural_placeholder,False,Cable,Armoured / data cable,CBL-ARM,15.8,Pune,2026-02,shade,cart,False,train
IMG901452,img/placeholder/1452.png,procedural_placeholder,False,Battery,Li-ion laptop / phone pack,BAT-LI,1.9,Pune,2025-11,daylight,floor_mat,False,train
IMG901453,img/placeholder/1453.png,procedural_placeholder,False,Mixed plastic,Mixed dirty,PLA-MIX,24.0,Mumbai,2026-06,indoor_tube,cluttered_yard,True,train
IMG901454,img/placeholder/1454.png,procedural_placeholder,False,Cable,Copper household wire,CBL-CU,54.2,Mumbai,2026-05,low_light,cluttered_yard,True,train
IMG901455,img/placeholder/1455.png,procedural_placeholder,False,PCB,Motherboard (high grade),PCB-MBH,3.2,Aurangabad,2026-06,daylight,cluttered_yard,False,train
IMG901456,img/placeholder/1456.png,procedural_placeholder,False,Motor & magnet-bearing,Speaker magnet,MTR-SPK,9.0,Nashik,2026-01,indoor_tube,cluttered_yard,False,test
IMG901457,img/placeholder/1457.png,procedural_placeholder,False,CRT,Deflection yoke,CRT-YOK,9.1,Pimpri-Chinchwad,2026-07,indoor_tube,floor_mat,True,train
IMG901458,img/placeholder/1458.png,procedural_placeholder,False,Mixed plastic,Mixed dirty,PLA-MIX,75.5,Mumbai,2025-08,daylight,cluttered_yard,True,train
IMG901459,img/placeholder/1459.png,procedural_placeholder,False,Motor & magnet-bearing,HDD assembly,MTR-HDD,14.7,Mumbai,2025-11,shade,floor_mat,False,test
IMG901460,img/placeholder/1460.png,procedural_placeholder,False,PCB,GPU / add-on card,PCB-GPU,3.2,Pimpri-Chinchwad,2025-03,daylight,floor_mat,True,train
IMG901461,img/placeholder/1461.png,procedural_placeholder,False,Mixed plastic,PC/ABS blend,PLA-PCABS,9.3,Aurangabad,2026-05,indoor_tube,cart,True,train
IMG901462,img/placeholder/1462.png,procedural_placeholder,False,Motor & magnet-bearing,Speaker magnet,MTR-SPK,28.3,Pune,2026-07,daylight,cart,True,train
IMG901463,img/placeholder/1463.png,procedural_placeholder,False,Cable,Mixed insulated,CBL-MIX,27.8,Nagpur,2025-03,indoor_tube,floor_mat,False,train
IMG901464,img/placeholder/1464.png,procedural_placeholder,False,Mixed plastic,PC/ABS blend,PLA-PCABS,51.6,Mumbai,2025-10,indoor_tube,cart,False,train
IMG901465,img/placeholder/1465.png,procedural_placeholder,False,PCB,TV / appliance board (low grade),PCB-LOW,6.2,Nashik,2025-06,shade,cart,True,train
IMG901466,img/placeholder/1466.png,procedural_placeholder,False,Mixed plastic,Mixed dirty,PLA-MIX,13.1,Aurangabad,2026-06,low_light,cart,False,train
IMG901467,img/placeholder/1467.png,procedural_placeholder,False,Cable,Armoured / data cable,CBL-ARM,10.8,Aurangabad,2025-04,daylight,cluttered_yard,False,train
IMG901468,img/placeholder/1468.png,procedural_placeholder,False,Cable,Armoured / data cable,CBL-ARM,28.9,Aurangabad,2026-08,indoor_tube,plain,False,train
IMG901469,img/placeholder/1469.png,procedural_placeholder,False,Cable,Mixed insulated,CBL-MIX,29.3,Nashik,2025-04,low_light,shop_counter,True,train
IMG901470,img/placeholder/1470.png,procedural_placeholder,False,Cable,Aluminium cable,CBL-AL,26.1,Aurangabad,2025-04,shade,cluttered_yard,True,train
IMG901471,img/placeholder/1471.png,procedural_placeholder,False,LCD/LED panel,TV panel,LCD-TV,21.3,Nashik,2025-12,daylight,cluttered_yard,False,train
IMG901472,img/placeholder/1472.png,procedural_placeholder,False,Cable,Mixed insulated,CBL-MIX,37.2,Pune,2025-07,daylight,cart,False,train
IMG901473,img/placeholder/1473.png,procedural_placeholder,False,Mixed plastic,HIPS,PLA-HIPS,101.6,Pune,2025-08,daylight,floor_mat,True,val
IMG901474,img/placeholder/1474.png,procedural_placeholder,False,Battery,Button / coin cell,BAT-BTN,4.1,Mumbai,2025-07,flash,cart,False,train
IMG901475,img/placeholder/1475.png,procedural_placeholder,False,Mixed plastic,ABS casing,PLA-ABS,43.7,Pune,2025-08,flash,floor_mat,False,val
IMG901476,img/placeholder/1476.png,procedural_placeholder,False,Motor & magnet-bearing,HDD assembly,MTR-HDD,16.2,Aurangabad,2026-03,daylight,cart,True,train
IMG901477,img/placeholder/1477.png,procedural_placeholder,False,PCB,RAM / gold-finger,PCB-RAM,45.0,Pimpri-Chinchwad,2025-05,daylight,cart,True,train
IMG901478,img/placeholder/1478.png,procedural_placeholder,False,Motor & magnet-bearing,Compressor motor,MTR-CMP,14.6,Aurangabad,2026-07,low_light,cluttered_yard,True,train
IMG901479,img/placeholder/1479.png,procedural_placeholder,False,Mixed plastic,Mixed dirty,PLA-MIX,17.1,Mumbai,2026-08,indoor_tube,cart,False,train
IMG901480,img/placeholder/1480.png,procedural_placeholder,False,Cable,Copper household wire,CBL-CU,12.5,Pune,2025-05,daylight,floor_mat,True,train
IMG901481,img/placeholder/1481.png,procedural_placeholder,False,CRT,Colour TV tube,CRT-CTV,45.3,Mumbai,2025-07,daylight,floor_mat,True,train
IMG901482,img/placeholder/1482.png,procedural_placeholder,False,Motor & magnet-bearing,HDD assembly,MTR-HDD,6.0,Aurangabad,2026-07,flash,cluttered_yard,True,train
IMG901483,img/placeholder/1483.png,procedural_placeholder,False,Battery,Lead-acid,BAT-PB,10.0,Aurangabad,2026-04,shade,floor_mat,True,train
IMG901484,img/placeholder/1484.png,procedural_placeholder,False,Mixed plastic,HIPS,PLA-HIPS,82.8,Pune,2025-11,shade,cluttered_yard,True,test
IMG901485,img/placeholder/1485.png,procedural_placeholder,False,Cable,Copper household wire,CBL-CU,15.6,Mumbai,2026-05,indoor_tube,floor_mat,True,train
IMG901486,img/placeholder/1486.png,procedural_placeholder,False,Mixed plastic,PC/ABS blend,PLA-PCABS,15.0,Nagpur,2026-08,low_light,cluttered_yard,True,test
IMG901487,img/placeholder/1487.png,procedural_placeholder,False,Cable,Copper household wire,CBL-CU,43.3,Mumbai,2025-06,daylight,cluttered_yard,True,train
IMG901488,img/placeholder/1488.png,procedural_placeholder,False,Cable,Aluminium cable,CBL-AL,43.2,Aurangabad,2026-08,shade,cluttered_yard,False,train
IMG901489,img/placeholder/1489.png,procedural_placeholder,False,Battery,Ni-MH,BAT-NIMH,0.9,Mumbai,2026-05,low_light,floor_mat,True,train
IMG901490,img/placeholder/1490.png,procedural_placeholder,False,Motor & magnet-bearing,Compressor motor,MTR-CMP,11.3,Mumbai,2025-09,shade,cluttered_yard,True,test
IMG901491,img/placeholder/1491.png,procedural_placeholder,False,Cable,Mixed insulated,CBL-MIX,9.2,Aurangabad,2025-10,daylight,floor_mat,False,train
IMG901492,img/placeholder/1492.png,procedural_placeholder,False,Cable,Mixed insulated,CBL-MIX,12.5,Nagpur,2026-03,daylight,cluttered_yard,True,train
IMG901493,img/placeholder/1493.png,procedural_placeholder,False,Mixed plastic,ABS casing,PLA-ABS,56.4,Nashik,2026-08,shade,cluttered_yard,True,train
IMG901494,img/placeholder/1494.png,procedural_placeholder,False,PCB,TV / appliance board (low grade),PCB-LOW,3.0,Nagpur,2025-05,indoor_tube,cluttered_yard,False,test
IMG901495,img/placeholder/1495.png,procedural_placeholder,False,Battery,Button / coin cell,BAT-BTN,5.4,Aurangabad,2025-09,indoor_tube,cluttered_yard,False,train
IMG901496,img/placeholder/1496.png,procedural_placeholder,False,Cable,Armoured / data cable,CBL-ARM,17.2,Mumbai,2025-09,daylight,floor_mat,False,val
IMG901497,img/placeholder/1497.png,procedural_placeholder,False,Cable,Copper household wire,CBL-CU,118.6,Pune,2026-04,flash,cart,False,val
IMG901498,img/placeholder/1498.png,procedural_placeholder,False,LCD/LED panel,TV panel,LCD-TV,20.9,Pune,2025-12,daylight,cart,True,val
IMG901499,img/placeholder/1499.png,procedural_placeholder,False,CRT,Monochrome monitor tube,CRT-MON,35.3,Pune,2025-06,daylight,cluttered_yard,True,train
IMG901500,img/placeholder/1500.png,procedural_placeholder,False,Motor & magnet-bearing,HDD assembly,MTR-HDD,6.9,Pune,2025-12,daylight,floor_mat,False,train
IMG901501,img/placeholder/1501.png,procedural_placeholder,False,PCB,Mixed populated board,PCB-MIX,9.9,Pune,2025-10,indoor_tube,shop_counter,True,train
IMG901502,img/placeholder/1502.png,procedural_placeholder,False,CRT,Colour TV tube,CRT-CTV,80.7,Pune,2026-06,low_light,cluttered_yard,False,val
IMG901503,img/placeholder/1503.png,procedural_placeholder,False,CRT,Monochrome monitor tube,CRT-MON,122.7,Pune,2026-08,low_light,cart,True,val
IMG901504,img/placeholder/1504.png,procedural_placeholder,False,Mixed plastic,Mixed dirty,PLA-MIX,39.1,Aurangabad,2026-02,indoor_tube,shop_counter,False,val
IMG901505,img/placeholder/1505.png,procedural_placeholder,False,Motor & magnet-bearing,HDD assembly,MTR-HDD,24.2,Pune,2026-08,daylight,floor_mat,True,train
IMG901506,img/placeholder/1506.png,procedural_placeholder,False,Cable,Aluminium cable,CBL-AL,25.7,Nashik,2026-07,flash,cart,False,train
IMG901507,img/placeholder/1507.png,procedural_placeholder,False,Mixed plastic,Mixed dirty,PLA-MIX,30.2,Nagpur,2025-11,daylight,cluttered_yard,True,train
IMG901508,img/placeholder/1508.png,procedural_placeholder,False,Battery,Li-ion laptop / phone pack,BAT-LI,1.4,Pune,2026-08,indoor_tube,cluttered_yard,False,train
IMG901509,img/placeholder/1509.png,procedural_placeholder,False,Mixed plastic,ABS casing,PLA-ABS,11.5,Nagpur,2025-04,shade,cluttered_yard,True,train
IMG901510,img/placeholder/1510.png,procedural_placeholder,False,Cable,Armoured / data cable,CBL-ARM,72.8,Mumbai,2025-12,low_light,cluttered_yard,True,test
IMG901511,img/placeholder/1511.png,procedural_placeholder,False,Motor & magnet-bearing,Speaker magnet,MTR-SPK,18.5,Nashik,2026-06,daylight,cart,True,test
IMG901512,img/placeholder/1512.png,procedural_placeholder,False,Cable,Armoured / data cable,CBL-ARM,10.6,Pune,2026-02,indoor_tube,cluttered_yard,False,train
IMG901513,img/placeholder/1513.png,procedural_placeholder,False,Mixed plastic,Mixed dirty,PLA-MIX,11.9,Pune,2025-09,daylight,cluttered_yard,False,train
IMG901514,img/placeholder/1514.png,procedural_placeholder,False,CRT,Deflection yoke,CRT-YOK,51.1,Pimpri-Chinchwad,2025-12,daylight,cluttered_yard,True,train
IMG901515,img/placeholder/1515.png,procedural_placeholder,False,Mixed plastic,HIPS,PLA-HIPS,45.8,Mumbai,2026-01,daylight,cart,True,train
IMG901516,img/placeholder/1516.png,procedural_placeholder,False,Cable,Aluminium cable,CBL-AL,59.8,Aurangabad,2025-06,shade,cluttered_yard,False,val
IMG901517,img/placeholder/1517.png,procedural_placeholder,False,PCB,RAM / gold-finger,PCB-RAM,14.1,Mumbai,2025-04,daylight,cluttered_yard,False,train
IMG901518,img/placeholder/1518.png,procedural_placeholder,False,CRT,Monochrome monitor tube,CRT-MON,33.8,Mumbai,2026-07,indoor_tube,cart,True,test
IMG901519,img/placeholder/1519.png,procedural_placeholder,False,PCB,Motherboard (high grade),PCB-MBH,14.8,Pune,2025-11,indoor_tube,cart,False,train
IMG901520,img/placeholder/1520.png,procedural_placeholder,False,Mixed plastic,PC/ABS blend,PLA-PCABS,27.7,Aurangabad,2025-05,daylight,cart,True,val
IMG901521,img/placeholder/1521.png,procedural_placeholder,False,PCB,TV / appliance board (low grade),PCB-LOW,10.9,Pune,2025-03,daylight,cluttered_yard,False,train
IMG901522,img/placeholder/1522.png,procedural_placeholder,False,Motor & magnet-bearing,Small AC/DC motor,MTR-SML,33.6,Mumbai,2026-04,daylight,cart,True,train
IMG901523,img/placeholder/1523.png,procedural_placeholder,False,PCB,RAM / gold-finger,PCB-RAM,4.5,Nagpur,2026-08,daylight,shop_counter,False,test
IMG901524,img/placeholder/1524.png,procedural_placeholder,False,LCD/LED panel,Backlight assembly,LCD-BLA,29.9,Aurangabad,2026-06,low_light,cart,True,train
IMG901525,img/placeholder/1525.png,procedural_placeholder,False,Cable,Mixed insulated,CBL-MIX,53.1,Aurangabad,2026-07,daylight,cluttered_yard,False,train
IMG901526,img/placeholder/1526.png,procedural_placeholder,False,PCB,Motherboard (high grade),PCB-MBH,5.4,Mumbai,2025-08,indoor_tube,cluttered_yard,False,train
IMG901527,img/placeholder/1527.png,procedural_placeholder,False,Motor & magnet-bearing,HDD assembly,MTR-HDD,7.9,Nashik,2026-07,shade,cart,False,train
IMG901528,img/placeholder/1528.png,procedural_placeholder,False,Battery,Li-ion laptop / phone pack,BAT-LI,4.9,Pimpri-Chinchwad,2026-04,low_light,floor_mat,False,train
IMG901529,img/placeholder/1529.png,procedural_placeholder,False,PCB,TV / appliance board (low grade),PCB-LOW,9.4,Pimpri-Chinchwad,2025-10,daylight,cluttered_yard,True,train
IMG901530,img/placeholder/1530.png,procedural_placeholder,False,Mixed plastic,HIPS,PLA-HIPS,36.5,Pune,2026-06,shade,floor_mat,False,train
IMG901531,img/placeholder/1531.png,procedural_placeholder,False,Cable,Mixed insulated,CBL-MIX,24.3,Pune,2026-01,flash,floor_mat,True,train
IMG901532,img/placeholder/1532.png,procedural_placeholder,False,Motor & magnet-bearing,Small AC/DC motor,MTR-SML,48.1,Pune,2025-08,shade,cluttered_yard,True,val
IMG901533,img/placeholder/1533.png,procedural_placeholder,False,Cable,Armoured / data cable,CBL-ARM,16.3,Pune,2026-03,low_light,shop_counter,False,train
IMG901534,img/placeholder/1534.png,procedural_placeholder,False,Cable,Armoured / data cable,CBL-ARM,10.0,Pune,2025-09,indoor_tube,cluttered_yard,False,train
IMG901535,img/placeholder/1535.png,procedural_placeholder,False,PCB,RAM / gold-finger,PCB-RAM,7.6,Pimpri-Chinchwad,2025-09,shade,plain,False,train
IMG901536,img/placeholder/1536.png,procedural_placeholder,False,Battery,Li-ion laptop / phone pack,BAT-LI,3.5,Aurangabad,2025-12,daylight,cart,False,train
IMG901537,img/placeholder/1537.png,procedural_placeholder,False,Battery,Ni-MH,BAT-NIMH,12.1,Nashik,2026-01,shade,cluttered_yard,True,test
IMG901538,img/placeholder/1538.png,procedural_placeholder,False,PCB,Motherboard (high grade),PCB-MBH,2.0,Aurangabad,2026-02,shade,cart,False,val
IMG901539,img/placeholder/1539.png,procedural_placeholder,False,Cable,Copper household wire,CBL-CU,14.4,Mumbai,2026-02,low_light,floor_mat,False,train
IMG901540,img/placeholder/1540.png,procedural_placeholder,False,Battery,Lead-acid,BAT-PB,7.9,Nagpur,2026-03,indoor_tube,shop_counter,False,train
IMG901541,img/placeholder/1541.png,procedural_placeholder,False,Cable,Copper household wire,CBL-CU,13.5,Pune,2026-05,indoor_tube,cluttered_yard,False,train
IMG901542,img/placeholder/1542.png,procedural_placeholder,False,Mixed plastic,HIPS,PLA-HIPS,55.9,Aurangabad,2026-05,flash,floor_mat,True,test
IMG901543,img/placeholder/1543.png,procedural_placeholder,False,CRT,Deflection yoke,CRT-YOK,12.6,Pune,2025-06,low_light,floor_mat,False,train
IMG901544,img/placeholder/1544.png,procedural_placeholder,False,Battery,Li-ion laptop / phone pack,BAT-LI,0.8,Pune,2025-08,shade,floor_mat,True,train
IMG901545,img/placeholder/1545.png,procedural_placeholder,False,CRT,Monochrome monitor tube,CRT-MON,46.0,Mumbai,2025-12,shade,cluttered_yard,False,val
IMG901546,img/placeholder/1546.png,procedural_placeholder,False,Cable,Copper household wire,CBL-CU,18.2,Pune,2026-02,daylight,cluttered_yard,False,train
IMG901547,img/placeholder/1547.png,procedural_placeholder,False,CRT,Deflection yoke,CRT-YOK,13.7,Mumbai,2026-04,indoor_tube,cluttered_yard,True,train
IMG901548,img/placeholder/1548.png,procedural_placeholder,False,Battery,Lead-acid,BAT-PB,20.7,Mumbai,2025-03,low_light,cluttered_yard,False,test
IMG901549,img/placeholder/1549.png,procedural_placeholder,False,Battery,Li-ion laptop / phone pack,BAT-LI,12.5,Pimpri-Chinchwad,2026-07,daylight,cart,True,val
IMG901550,img/placeholder/1550.png,procedural_placeholder,False,Battery,Li-ion laptop / phone pack,BAT-LI,6.4,Mumbai,2026-02,indoor_tube,shop_counter,False,train
IMG901551,img/placeholder/1551.png,procedural_placeholder,False,Cable,Mixed insulated,CBL-MIX,61.2,Nashik,2026-01,shade,cluttered_yard,True,test
IMG901552,img/placeholder/1552.png,procedural_placeholder,False,CRT,Deflection yoke,CRT-YOK,23.8,Mumbai,2025-07,low_light,floor_mat,False,train
IMG901553,img/placeholder/1553.png,procedural_placeholder,False,Motor & magnet-bearing,Compressor motor,MTR-CMP,34.6,Aurangabad,2026-04,shade,cluttered_yard,True,train
IMG901554,img/placeholder/1554.png,procedural_placeholder,False,Mixed plastic,Mixed dirty,PLA-MIX,35.4,Mumbai,2026-02,low_light,cluttered_yard,True,val
IMG901555,img/placeholder/1555.png,procedural_placeholder,False,Mixed plastic,HIPS,PLA-HIPS,17.3,Mumbai,2025-10,flash,cluttered_yard,False,train
IMG901556,img/placeholder/1556.png,procedural_placeholder,False,Mixed plastic,Mixed dirty,PLA-MIX,71.5,Nashik,2025-10,daylight,cluttered_yard,True,val
IMG901557,img/placeholder/1557.png,procedural_placeholder,False,Cable,Aluminium cable,CBL-AL,112.1,Pune,2026-06,flash,cluttered_yard,False,train
IMG901558,img/placeholder/1558.png,procedural_placeholder,False,Motor & magnet-bearing,HDD assembly,MTR-HDD,26.2,Mumbai,2025-04,daylight,shop_counter,True,train
IMG901559,img/placeholder/1559.png,procedural_placeholder,False,Motor & magnet-bearing,HDD assembly,MTR-HDD,16.6,Pune,2025-04,indoor_tube,cluttered_yard,False,val
IMG901560,img/placeholder/1560.png,procedural_placeholder,False,Mixed plastic,PC/ABS blend,PLA-PCABS,80.5,Aurangabad,2025-11,shade,plain,True,test
IMG901561,img/placeholder/1561.png,procedural_placeholder,False,PCB,Motherboard (high grade),PCB-MBH,3.6,Nashik,2026-02,daylight,cluttered_yard,False,test
IMG901562,img/placeholder/1562.png,procedural_placeholder,False,Mixed plastic,ABS casing,PLA-ABS,16.0,Pune,2025-08,daylight,cart,False,train
IMG901563,img/placeholder/1563.png,procedural_placeholder,False,PCB,TV / appliance board (low grade),PCB-LOW,10.4,Nagpur,2026-02,daylight,cluttered_yard,True,train
IMG901564,img/placeholder/1564.png,procedural_placeholder,False,Motor & magnet-bearing,Speaker magnet,MTR-SPK,23.6,Pune,2025-09,indoor_tube,floor_mat,False,test
IMG901565,img/placeholder/1565.png,procedural_placeholder,False,Mixed plastic,Mixed dirty,PLA-MIX,88.0,Mumbai,2025-12,flash,floor_mat,False,val
IMG901566,img/placeholder/1566.png,procedural_placeholder,False,LCD/LED panel,Monitor panel,LCD-MON,11.6,Pune,2025-06,shade,shop_counter,False,train
IMG901567,img/placeholder/1567.png,procedural_placeholder,False,Mixed plastic,ABS casing,PLA-ABS,159.0,Aurangabad,2025-04,low_light,plain,False,train
IMG901568,img/placeholder/1568.png,procedural_placeholder,False,Motor & magnet-bearing,HDD assembly,MTR-HDD,23.9,Pune,2025-04,shade,cart,True,train
IMG901569,img/placeholder/1569.png,procedural_placeholder,False,Motor & magnet-bearing,Small AC/DC motor,MTR-SML,6.3,Nagpur,2025-05,daylight,cluttered_yard,False,train
IMG901570,img/placeholder/1570.png,procedural_placeholder,False,Mixed plastic,Mixed dirty,PLA-MIX,12.7,Pune,2025-09,low_light,cluttered_yard,False,val
IMG901571,img/placeholder/1571.png,procedural_placeholder,False,Battery,Lead-acid,BAT-PB,30.1,Pimpri-Chinchwad,2025-08,indoor_tube,cluttered_yard,False,train
IMG901572,img/placeholder/1572.png,procedural_placeholder,False,Cable,Armoured / data cable,CBL-ARM,54.4,Nashik,2026-08,low_light,cluttered_yard,False,test
IMG901573,img/placeholder/1573.png,procedural_placeholder,False,CRT,Deflection yoke,CRT-YOK,33.5,Pimpri-Chinchwad,2026-07,shade,shop_counter,False,train
IMG901574,img/placeholder/1574.png,procedural_placeholder,False,Motor & magnet-bearing,Small AC/DC motor,MTR-SML,29.4,Mumbai,2026-07,daylight,floor_mat,True,train
IMG901575,img/placeholder/1575.png,procedural_placeholder,False,Battery,Li-ion laptop / phone pack,BAT-LI,2.8,Aurangabad,2025-11,shade,cluttered_yard,False,train
IMG901576,img/placeholder/1576.png,procedural_placeholder,False,Battery,Li-ion laptop / phone pack,BAT-LI,10.3,Mumbai,2025-08,indoor_tube,floor_mat,True,train
IMG901577,img/placeholder/1577.png,procedural_placeholder,False,PCB,Motherboard (high grade),PCB-MBH,4.9,Nagpur,2026-06,shade,cart,True,val
IMG901578,img/placeholder/1578.png,procedural_placeholder,False,Battery,Li-ion laptop / phone pack,BAT-LI,29.6,Pune,2025-09,low_light,cluttered_yard,False,val
IMG901579,img/placeholder/1579.png,procedural_placeholder,False,Motor & magnet-bearing,HDD assembly,MTR-HDD,15.7,Pimpri-Chinchwad,2025-05,shade,floor_mat,False,test
IMG901580,img/placeholder/1580.png,procedural_placeholder,False,Battery,Ni-MH,BAT-NIMH,25.8,Mumbai,2025-06,daylight,cluttered_yard,True,val
IMG901581,img/placeholder/1581.png,procedural_placeholder,False,Mixed plastic,Mixed dirty,PLA-MIX,30.1,Mumbai,2025-03,indoor_tube,cluttered_yard,False,train
IMG901582,img/placeholder/1582.png,procedural_placeholder,False,Mixed plastic,PC/ABS blend,PLA-PCABS,65.9,Mumbai,2025-08,daylight,cluttered_yard,True,train
IMG901583,img/placeholder/1583.png,procedural_placeholder,False,Battery,Lead-acid,BAT-PB,4.3,Mumbai,2026-02,daylight,shop_counter,False,test
IMG901584,img/placeholder/1584.png,procedural_placeholder,False,Mixed plastic,ABS casing,PLA-ABS,48.2,Mumbai,2025-08,daylight,floor_mat,False,val
IMG901585,img/placeholder/1585.png,procedural_placeholder,False,Cable,Copper household wire,CBL-CU,5.8,Pune,2026-04,flash,plain,True,val
IMG901586,img/placeholder/1586.png,procedural_placeholder,False,Mixed plastic,HIPS,PLA-HIPS,119.2,Pimpri-Chinchwad,2025-03,daylight,floor_mat,True,train
IMG901587,img/placeholder/1587.png,procedural_placeholder,False,Battery,Button / coin cell,BAT-BTN,18.5,Aurangabad,2025-08,low_light,cluttered_yard,True,train
IMG901588,img/placeholder/1588.png,procedural_placeholder,False,Battery,Lead-acid,BAT-PB,1.2,Mumbai,2026-05,low_light,shop_counter,False,test
IMG901589,img/placeholder/1589.png,procedural_placeholder,False,Mixed plastic,HIPS,PLA-HIPS,29.4,Mumbai,2025-03,indoor_tube,shop_counter,True,test
IMG901590,img/placeholder/1590.png,procedural_placeholder,False,Cable,Armoured / data cable,CBL-ARM,61.2,Nashik,2026-02,daylight,cluttered_yard,False,test
IMG901591,img/placeholder/1591.png,procedural_placeholder,False,Mixed plastic,Mixed dirty,PLA-MIX,27.4,Pimpri-Chinchwad,2025-09,indoor_tube,plain,False,test
IMG901592,img/placeholder/1592.png,procedural_placeholder,False,Mixed plastic,HIPS,PLA-HIPS,64.4,Nagpur,2026-06,indoor_tube,floor_mat,True,train
IMG901593,img/placeholder/1593.png,procedural_placeholder,False,CRT,Colour TV tube,CRT-CTV,48.6,Mumbai,2025-04,flash,cluttered_yard,True,train
IMG901594,img/placeholder/1594.png,procedural_placeholder,False,Battery,Lead-acid,BAT-PB,23.6,Aurangabad,2026-01,shade,floor_mat,False,train
IMG901595,img/placeholder/1595.png,procedural_placeholder,False,CRT,Deflection yoke,CRT-YOK,76.3,Nagpur,2026-05,indoor_tube,floor_mat,True,train
IMG901596,img/placeholder/1596.png,procedural_placeholder,False,LCD/LED panel,Backlight assembly,LCD-BLA,26.6,Pune,2025-10,indoor_tube,cluttered_yard,False,train
IMG901597,img/placeholder/1597.png,procedural_placeholder,False,Mixed plastic,Mixed dirty,PLA-MIX,68.5,Pune,2025-09,daylight,shop_counter,True,train
IMG901598,img/placeholder/1598.png,procedural_placeholder,False,Mixed plastic,HIPS,PLA-HIPS,57.6,Aurangabad,2025-10,shade,cluttered_yard,False,train
IMG901599,img/placeholder/1599.png,procedural_placeholder,False,PCB,TV / appliance board (low grade),PCB-LOW,26.8,Pimpri-Chinchwad,2026-01,low_light,floor_mat,False,val
IMG901600,img/placeholder/1600.png,procedural_placeholder,False,Cable,Mixed insulated,CBL-MIX,41.2,Pimpri-Chinchwad,2026-03,shade,cluttered_yard,False,train
IMG901601,img/placeholder/1601.png,procedural_placeholder,False,Mixed plastic,PC/ABS blend,PLA-PCABS,18.2,Pune,2026-05,daylight,shop_counter,False,val
IMG901602,img/placeholder/1602.png,procedural_placeholder,False,Motor & magnet-bearing,Compressor motor,MTR-CMP,4.5,Mumbai,2025-04,daylight,plain,False,train
IMG901603,img/placeholder/1603.png,procedural_placeholder,False,Cable,Aluminium cable,CBL-AL,63.1,Aurangabad,2025-06,low_light,cart,False,train
IMG901604,img/placeholder/1604.png,procedural_placeholder,False,Mixed plastic,Mixed dirty,PLA-MIX,35.2,Pune,2026-06,low_light,cluttered_yard,True,test
IMG901605,img/placeholder/1605.png,procedural_placeholder,False,LCD/LED panel,Laptop panel,LCD-LAP,72.6,Pimpri-Chinchwad,2025-06,shade,cart,True,train
IMG901606,img/placeholder/1606.png,procedural_placeholder,False,PCB,Mixed populated board,PCB-MIX,7.2,Pune,2026-08,daylight,floor_mat,True,train
IMG901607,img/placeholder/1607.png,procedural_placeholder,False,Cable,Aluminium cable,CBL-AL,59.5,Pune,2025-09,indoor_tube,plain,True,val
IMG901608,img/placeholder/1608.png,procedural_placeholder,False,Motor & magnet-bearing,Small AC/DC motor,MTR-SML,21.3,Nagpur,2026-04,daylight,cluttered_yard,True,train
IMG901609,img/placeholder/1609.png,procedural_placeholder,False,Battery,Button / coin cell,BAT-BTN,10.4,Nashik,2026-03,indoor_tube,floor_mat,False,train
IMG901610,img/placeholder/1610.png,procedural_placeholder,False,Cable,Copper household wire,CBL-CU,12.0,Mumbai,2025-03,flash,floor_mat,False,train
IMG901611,img/placeholder/1611.png,procedural_placeholder,False,Cable,Armoured / data cable,CBL-ARM,5.6,Mumbai,2025-09,daylight,cluttered_yard,False,train
IMG901612,img/placeholder/1612.png,procedural_placeholder,False,Motor & magnet-bearing,Speaker magnet,MTR-SPK,2.0,Nashik,2025-07,indoor_tube,shop_counter,True,train
IMG901613,img/placeholder/1613.png,procedural_placeholder,False,Battery,Li-ion laptop / phone pack,BAT-LI,21.0,Mumbai,2025-04,shade,cluttered_yard,True,train
IMG901614,img/placeholder/1614.png,procedural_placeholder,False,Cable,Armoured / data cable,CBL-ARM,18.8,Pune,2025-04,indoor_tube,floor_mat,True,train
IMG901615,img/placeholder/1615.png,procedural_placeholder,False,PCB,GPU / add-on card,PCB-GPU,3.4,Mumbai,2026-07,daylight,floor_mat,False,train
IMG901616,img/placeholder/1616.png,procedural_placeholder,False,CRT,Deflection yoke,CRT-YOK,75.3,Nagpur,2025-11,shade,cluttered_yard,False,train
IMG901617,img/placeholder/1617.png,procedural_placeholder,False,Battery,Ni-MH,BAT-NIMH,2.8,Mumbai,2025-09,low_light,cluttered_yard,False,val
IMG901618,img/placeholder/1618.png,procedural_placeholder,False,PCB,TV / appliance board (low grade),PCB-LOW,11.5,Mumbai,2025-10,daylight,floor_mat,False,train
IMG901619,img/placeholder/1619.png,procedural_placeholder,False,PCB,TV / appliance board (low grade),PCB-LOW,21.2,Nashik,2025-12,indoor_tube,floor_mat,False,test
IMG901620,img/placeholder/1620.png,procedural_placeholder,False,Motor & magnet-bearing,Speaker magnet,MTR-SPK,56.1,Mumbai,2026-03,shade,shop_counter,False,train
IMG901621,img/placeholder/1621.png,procedural_placeholder,False,Battery,Button / coin cell,BAT-BTN,5.2,Mumbai,2025-04,shade,cluttered_yard,False,train
IMG901622,img/placeholder/1622.png,procedural_placeholder,False,LCD/LED panel,Laptop panel,LCD-LAP,1.9,Nashik,2026-04,indoor_tube,cluttered_yard,False,test
IMG901623,img/placeholder/1623.png,procedural_placeholder,False,PCB,RAM / gold-finger,PCB-RAM,7.7,Mumbai,2025-07,indoor_tube,cluttered_yard,True,train
IMG901624,img/placeholder/1624.png,procedural_placeholder,False,LCD/LED panel,Monitor panel,LCD-MON,12.1,Aurangabad,2025-11,indoor_tube,cluttered_yard,False,test
IMG901625,img/placeholder/1625.png,procedural_placeholder,False,PCB,Mixed populated board,PCB-MIX,14.4,Mumbai,2025-11,low_light,cluttered_yard,False,test
IMG901626,img/placeholder/1626.png,procedural_placeholder,False,Mixed plastic,Mixed dirty,PLA-MIX,9.0,Pune,2025-05,indoor_tube,cluttered_yard,False,train
IMG901627,img/placeholder/1627.png,procedural_placeholder,False,CRT,Deflection yoke,CRT-YOK,22.2,Pune,2025-12,shade,cluttered_yard,True,val
IMG901628,img/placeholder/1628.png,procedural_placeholder,False,CRT,Deflection yoke,CRT-YOK,78.9,Pune,2025-05,low_light,floor_mat,False,val
IMG901629,img/placeholder/1629.png,procedural_placeholder,False,Mixed plastic,Mixed dirty,PLA-MIX,10.9,Pune,2025-12,low_light,cart,False,val
IMG901630,img/placeholder/1630.png,procedural_placeholder,False,Mixed plastic,Mixed dirty,PLA-MIX,39.0,Nagpur,2026-04,indoor_tube,floor_mat,False,test
IMG901631,img/placeholder/1631.png,procedural_placeholder,False,Cable,Armoured / data cable,CBL-ARM,160.0,Mumbai,2025-09,daylight,plain,False,train
IMG901632,img/placeholder/1632.png,procedural_placeholder,False,LCD/LED panel,Backlight assembly,LCD-BLA,4.3,Mumbai,2026-01,daylight,floor_mat,True,test
IMG901633,img/placeholder/1633.png,procedural_placeholder,False,Mixed plastic,HIPS,PLA-HIPS,11.3,Mumbai,2026-08,daylight,cluttered_yard,False,train
IMG901634,img/placeholder/1634.png,procedural_placeholder,False,Battery,Li-ion laptop / phone pack,BAT-LI,5.5,Nagpur,2026-07,shade,cart,True,train
IMG901635,img/placeholder/1635.png,procedural_placeholder,False,Mixed plastic,PC/ABS blend,PLA-PCABS,11.0,Aurangabad,2026-01,flash,cluttered_yard,False,train
IMG901636,img/placeholder/1636.png,procedural_placeholder,False,Battery,Lead-acid,BAT-PB,8.4,Pune,2026-01,low_light,cluttered_yard,False,val
IMG901637,img/placeholder/1637.png,procedural_placeholder,False,PCB,GPU / add-on card,PCB-GPU,8.9,Aurangabad,2026-05,daylight,cart,True,train
IMG901638,img/placeholder/1638.png,procedural_placeholder,False,Cable,Aluminium cable,CBL-AL,48.9,Mumbai,2025-12,daylight,cart,False,train
IMG901639,img/placeholder/1639.png,procedural_placeholder,False,Cable,Aluminium cable,CBL-AL,18.9,Mumbai,2025-06,indoor_tube,cluttered_yard,True,train
IMG901640,img/placeholder/1640.png,procedural_placeholder,False,Mixed plastic,Mixed dirty,PLA-MIX,25.0,Aurangabad,2025-06,indoor_tube,floor_mat,False,val
IMG901641,img/placeholder/1641.png,procedural_placeholder,False,Motor & magnet-bearing,Small AC/DC motor,MTR-SML,4.1,Aurangabad,2026-07,indoor_tube,cluttered_yard,True,val
IMG901642,img/placeholder/1642.png,procedural_placeholder,False,Cable,Aluminium cable,CBL-AL,18.3,Nashik,2025-04,indoor_tube,floor_mat,False,train
IMG901643,img/placeholder/1643.png,procedural_placeholder,False,Motor & magnet-bearing,HDD assembly,MTR-HDD,23.0,Mumbai,2025-04,indoor_tube,floor_mat,True,train
IMG901644,img/placeholder/1644.png,procedural_placeholder,False,Cable,Mixed insulated,CBL-MIX,19.4,Pune,2025-03,daylight,cart,True,train
IMG901645,img/placeholder/1645.png,procedural_placeholder,False,Motor & magnet-bearing,Small AC/DC motor,MTR-SML,10.5,Nashik,2025-06,low_light,cluttered_yard,False,train
IMG901646,img/placeholder/1646.png,procedural_placeholder,False,Mixed plastic,PC/ABS blend,PLA-PCABS,12.9,Mumbai,2025-06,daylight,shop_counter,False,val
IMG901647,img/placeholder/1647.png,procedural_placeholder,False,Mixed plastic,HIPS,PLA-HIPS,29.3,Mumbai,2026-06,shade,cluttered_yard,True,train
IMG901648,img/placeholder/1648.png,procedural_placeholder,False,Motor & magnet-bearing,HDD assembly,MTR-HDD,19.4,Mumbai,2025-12,low_light,cluttered_yard,True,train
IMG901649,img/placeholder/1649.png,procedural_placeholder,False,Battery,Li-ion laptop / phone pack,BAT-LI,20.5,Mumbai,2026-02,shade,shop_counter,False,test
IMG901650,img/placeholder/1650.png,procedural_placeholder,False,Motor & magnet-bearing,HDD assembly,MTR-HDD,14.9,Pune,2026-06,daylight,cluttered_yard,False,train
IMG901651,img/placeholder/1651.png,procedural_placeholder,False,Mixed plastic,ABS casing,PLA-ABS,104.1,Aurangabad,2026-08,daylight,shop_counter,False,train
IMG901652,img/placeholder/1652.png,procedural_placeholder,False,Cable,Mixed insulated,CBL-MIX,11.6,Mumbai,2025-11,shade,cluttered_yard,False,train
IMG901653,img/placeholder/1653.png,procedural_placeholder,False,Battery,Button / coin cell,BAT-BTN,3.4,Pune,2026-06,daylight,floor_mat,True,val
IMG901654,img/placeholder/1654.png,procedural_placeholder,False,PCB,RAM / gold-finger,PCB-RAM,1.6,Pune,2025-08,low_light,shop_counter,False,train
IMG901655,img/placeholder/1655.png,procedural_placeholder,False,Motor & magnet-bearing,Speaker magnet,MTR-SPK,22.0,Mumbai,2025-12,flash,cluttered_yard,False,train
IMG901656,img/placeholder/1656.png,procedural_placeholder,False,CRT,Colour TV tube,CRT-CTV,19.4,Mumbai,2025-09,daylight,cluttered_yard,True,train
IMG901657,img/placeholder/1657.png,procedural_placeholder,False,PCB,Motherboard (high grade),PCB-MBH,27.0,Pimpri-Chinchwad,2026-01,daylight,plain,False,train
IMG901658,img/placeholder/1658.png,procedural_placeholder,False,Mixed plastic,HIPS,PLA-HIPS,6.3,Mumbai,2026-08,indoor_tube,cart,False,train
IMG901659,img/placeholder/1659.png,procedural_placeholder,False,Cable,Copper household wire,CBL-CU,20.9,Nashik,2026-03,low_light,cluttered_yard,False,test
IMG901660,img/placeholder/1660.png,procedural_placeholder,False,Cable,Aluminium cable,CBL-AL,55.1,Nashik,2025-08,indoor_tube,floor_mat,False,train
IMG901661,img/placeholder/1661.png,procedural_placeholder,False,PCB,GPU / add-on card,PCB-GPU,12.5,Mumbai,2026-02,daylight,cluttered_yard,True,train
IMG901662,img/placeholder/1662.png,procedural_placeholder,False,LCD/LED panel,Backlight assembly,LCD-BLA,15.3,Mumbai,2026-06,low_light,floor_mat,False,train
IMG901663,img/placeholder/1663.png,procedural_placeholder,False,LCD/LED panel,Monitor panel,LCD-MON,14.7,Pimpri-Chinchwad,2026-08,daylight,cluttered_yard,False,train
IMG901664,img/placeholder/1664.png,procedural_placeholder,False,Battery,Ni-MH,BAT-NIMH,1.7,Nashik,2025-11,daylight,cluttered_yard,True,train
IMG901665,img/placeholder/1665.png,procedural_placeholder,False,Mixed plastic,ABS casing,PLA-ABS,25.2,Aurangabad,2026-01,shade,cluttered_yard,True,train
IMG901666,img/placeholder/1666.png,procedural_placeholder,False,Cable,Armoured / data cable,CBL-ARM,20.9,Pimpri-Chinchwad,2026-05,indoor_tube,cart,True,train
IMG901667,img/placeholder/1667.png,procedural_placeholder,False,Mixed plastic,ABS casing,PLA-ABS,28.0,Nashik,2026-05,shade,cluttered_yard,True,train
IMG901668,img/placeholder/1668.png,procedural_placeholder,False,Cable,Copper household wire,CBL-CU,34.2,Nagpur,2026-04,daylight,cluttered_yard,True,train
IMG901669,img/placeholder/1669.png,procedural_placeholder,False,Cable,Mixed insulated,CBL-MIX,41.3,Pune,2025-05,daylight,plain,True,train
IMG901670,img/placeholder/1670.png,procedural_placeholder,False,Mixed plastic,ABS casing,PLA-ABS,44.8,Pune,2025-07,flash,floor_mat,False,train
IMG901671,img/placeholder/1671.png,procedural_placeholder,False,Motor & magnet-bearing,Compressor motor,MTR-CMP,18.2,Pune,2026-03,low_light,cluttered_yard,True,val
IMG901672,img/placeholder/1672.png,procedural_placeholder,False,Cable,Armoured / data cable,CBL-ARM,27.6,Nashik,2026-06,flash,cluttered_yard,True,train
IMG901673,img/placeholder/1673.png,procedural_placeholder,False,PCB,GPU / add-on card,PCB-GPU,4.9,Pune,2025-10,indoor_tube,cluttered_yard,False,train
IMG901674,img/placeholder/1674.png,procedural_placeholder,False,Mixed plastic,Mixed dirty,PLA-MIX,15.1,Nashik,2025-12,low_light,floor_mat,False,test
IMG901675,img/placeholder/1675.png,procedural_placeholder,False,Mixed plastic,Mixed dirty,PLA-MIX,29.9,Nagpur,2025-12,low_light,cluttered_yard,True,train
IMG901676,img/placeholder/1676.png,procedural_placeholder,False,PCB,TV / appliance board (low grade),PCB-LOW,13.2,Nashik,2026-06,shade,cart,True,test
IMG901677,img/placeholder/1677.png,procedural_placeholder,False,Cable,Armoured / data cable,CBL-ARM,36.2,Nagpur,2026-05,shade,floor_mat,False,train
IMG901678,img/placeholder/1678.png,procedural_placeholder,False,Battery,Li-ion laptop / phone pack,BAT-LI,4.5,Nashik,2026-01,low_light,floor_mat,False,train
IMG901679,img/placeholder/1679.png,procedural_placeholder,False,LCD/LED panel,TV panel,LCD-TV,11.0,Pune,2025-10,low_light,floor_mat,False,train
IMG901680,img/placeholder/1680.png,procedural_placeholder,False,Mixed plastic,ABS casing,PLA-ABS,25.9,Pune,2026-05,flash,cluttered_yard,False,train
IMG901681,img/placeholder/1681.png,procedural_placeholder,False,Cable,Mixed insulated,CBL-MIX,26.8,Mumbai,2025-07,indoor_tube,plain,False,train
IMG901682,img/placeholder/1682.png,procedural_placeholder,False,Mixed plastic,Mixed dirty,PLA-MIX,76.6,Nashik,2025-05,indoor_tube,floor_mat,False,train
IMG901683,img/placeholder/1683.png,procedural_placeholder,False,Cable,Aluminium cable,CBL-AL,6.9,Aurangabad,2026-04,shade,cluttered_yard,True,train
IMG901684,img/placeholder/1684.png,procedural_placeholder,False,Cable,Mixed insulated,CBL-MIX,29.0,Mumbai,2025-04,indoor_tube,floor_mat,False,train
IMG901685,img/placeholder/1685.png,procedural_placeholder,False,PCB,RAM / gold-finger,PCB-RAM,5.1,Mumbai,2025-05,shade,floor_mat,False,train
IMG901686,img/placeholder/1686.png,procedural_placeholder,False,Cable,Aluminium cable,CBL-AL,13.4,Pimpri-Chinchwad,2025-12,low_light,floor_mat,False,train
IMG901687,img/placeholder/1687.png,procedural_placeholder,False,Battery,Ni-MH,BAT-NIMH,5.2,Nashik,2026-03,daylight,floor_mat,True,train
IMG901688,img/placeholder/1688.png,procedural_placeholder,False,Cable,Copper household wire,CBL-CU,28.1,Pune,2026-03,indoor_tube,shop_counter,False,train
IMG901689,img/placeholder/1689.png,procedural_placeholder,False,Mixed plastic,PC/ABS blend,PLA-PCABS,45.1,Mumbai,2025-04,daylight,floor_mat,False,test
IMG901690,img/placeholder/1690.png,procedural_placeholder,False,Mixed plastic,Mixed dirty,PLA-MIX,100.5,Aurangabad,2026-01,indoor_tube,cluttered_yard,True,train
IMG901691,img/placeholder/1691.png,procedural_placeholder,False,PCB,TV / appliance board (low grade),PCB-LOW,7.5,Nashik,2025-06,daylight,cluttered_yard,False,train
IMG901692,img/placeholder/1692.png,procedural_placeholder,False,Motor & magnet-bearing,Compressor motor,MTR-CMP,62.1,Pune,2025-12,daylight,floor_mat,False,train
IMG901693,img/placeholder/1693.png,procedural_placeholder,False,PCB,Motherboard (high grade),PCB-MBH,1.7,Nagpur,2026-06,low_light,cluttered_yard,False,train
IMG901694,img/placeholder/1694.png,procedural_placeholder,False,Battery,Button / coin cell,BAT-BTN,1.7,Pune,2025-10,daylight,shop_counter,True,train
IMG901695,img/placeholder/1695.png,procedural_placeholder,False,PCB,GPU / add-on card,PCB-GPU,3.6,Nashik,2026-01,shade,cluttered_yard,False,train
IMG901696,img/placeholder/1696.png,procedural_placeholder,False,CRT,Deflection yoke,CRT-YOK,63.5,Pimpri-Chinchwad,2025-05,indoor_tube,floor_mat,False,train
IMG901697,img/placeholder/1697.png,procedural_placeholder,False,Mixed plastic,HIPS,PLA-HIPS,30.2,Pimpri-Chinchwad,2025-05,daylight,shop_counter,False,val
IMG901698,img/placeholder/1698.png,procedural_placeholder,False,PCB,RAM / gold-finger,PCB-RAM,5.5,Pune,2026-06,daylight,floor_mat,False,train
IMG901699,img/placeholder/1699.png,procedural_placeholder,False,PCB,Motherboard (high grade),PCB-MBH,2.9,Mumbai,2025-11,indoor_tube,cart,False,train
IMG901700,img/placeholder/1700.png,procedural_placeholder,False,Cable,Armoured / data cable,CBL-ARM,5.0,Nagpur,2025-04,indoor_tube,cluttered_yard,False,train
IMG901701,img/placeholder/1701.png,procedural_placeholder,False,PCB,TV / appliance board (low grade),PCB-LOW,2.2,Pune,2026-05,shade,cluttered_yard,True,train
IMG901702,img/placeholder/1702.png,procedural_placeholder,False,Motor & magnet-bearing,HDD assembly,MTR-HDD,7.3,Nashik,2026-07,low_light,cluttered_yard,False,test
IMG901703,img/placeholder/1703.png,procedural_placeholder,False,PCB,GPU / add-on card,PCB-GPU,7.7,Mumbai,2025-09,flash,cluttered_yard,True,train
IMG901704,img/placeholder/1704.png,procedural_placeholder,False,Cable,Aluminium cable,CBL-AL,89.7,Mumbai,2025-05,indoor_tube,shop_counter,True,val
IMG901705,img/placeholder/1705.png,procedural_placeholder,False,CRT,Colour TV tube,CRT-CTV,41.8,Nagpur,2025-04,low_light,cluttered_yard,True,train
IMG901706,img/placeholder/1706.png,procedural_placeholder,False,Motor & magnet-bearing,Compressor motor,MTR-CMP,10.4,Mumbai,2026-05,low_light,shop_counter,False,train
IMG901707,img/placeholder/1707.png,procedural_placeholder,False,CRT,Monochrome monitor tube,CRT-MON,51.2,Pimpri-Chinchwad,2026-05,indoor_tube,cluttered_yard,False,train
IMG901708,img/placeholder/1708.png,procedural_placeholder,False,Cable,Aluminium cable,CBL-AL,2.8,Mumbai,2026-03,daylight,cart,False,train
IMG901709,img/placeholder/1709.png,procedural_placeholder,False,PCB,TV / appliance board (low grade),PCB-LOW,3.6,Mumbai,2025-10,flash,cluttered_yard,True,test
IMG901710,img/placeholder/1710.png,procedural_placeholder,False,Mixed plastic,ABS casing,PLA-ABS,149.4,Pune,2025-06,daylight,cluttered_yard,False,train
IMG901711,img/placeholder/1711.png,procedural_placeholder,False,LCD/LED panel,Backlight assembly,LCD-BLA,4.8,Pimpri-Chinchwad,2026-05,daylight,floor_mat,False,test
IMG901712,img/placeholder/1712.png,procedural_placeholder,False,Mixed plastic,HIPS,PLA-HIPS,91.0,Pune,2025-07,indoor_tube,floor_mat,True,train
IMG901713,img/placeholder/1713.png,procedural_placeholder,False,CRT,Monochrome monitor tube,CRT-MON,23.9,Mumbai,2026-02,shade,cluttered_yard,False,train
IMG901714,img/placeholder/1714.png,procedural_placeholder,False,Cable,Copper household wire,CBL-CU,59.3,Pune,2025-10,daylight,plain,False,train
IMG901715,img/placeholder/1715.png,procedural_placeholder,False,Mixed plastic,Mixed dirty,PLA-MIX,9.7,Pune,2026-08,daylight,cart,True,train
IMG901716,img/placeholder/1716.png,procedural_placeholder,False,CRT,Deflection yoke,CRT-YOK,18.6,Mumbai,2025-04,shade,cluttered_yard,False,train
IMG901717,img/placeholder/1717.png,procedural_placeholder,False,Mixed plastic,ABS casing,PLA-ABS,123.1,Mumbai,2025-05,daylight,floor_mat,True,val
IMG901718,img/placeholder/1718.png,procedural_placeholder,False,Mixed plastic,HIPS,PLA-HIPS,96.5,Pune,2025-08,daylight,shop_counter,False,train
IMG901719,img/placeholder/1719.png,procedural_placeholder,False,CRT,Deflection yoke,CRT-YOK,17.0,Pune,2025-09,daylight,floor_mat,True,val
IMG901720,img/placeholder/1720.png,procedural_placeholder,False,Cable,Mixed insulated,CBL-MIX,8.4,Pune,2026-01,low_light,cluttered_yard,False,train
IMG901721,img/placeholder/1721.png,procedural_placeholder,False,Mixed plastic,HIPS,PLA-HIPS,30.0,Mumbai,2025-04,shade,cart,False,train
IMG901722,img/placeholder/1722.png,procedural_placeholder,False,Mixed plastic,ABS casing,PLA-ABS,16.8,Mumbai,2025-10,shade,floor_mat,True,train
IMG901723,img/placeholder/1723.png,procedural_placeholder,False,CRT,Monochrome monitor tube,CRT-MON,90.9,Aurangabad,2025-03,low_light,floor_mat,True,train
IMG901724,img/placeholder/1724.png,procedural_placeholder,False,Cable,Aluminium cable,CBL-AL,10.4,Nashik,2025-06,low_light,plain,False,train
IMG901725,img/placeholder/1725.png,procedural_placeholder,False,Motor & magnet-bearing,Compressor motor,MTR-CMP,22.4,Nashik,2026-04,shade,shop_counter,True,test
IMG901726,img/placeholder/1726.png,procedural_placeholder,False,PCB,TV / appliance board (low grade),PCB-LOW,6.1,Nagpur,2025-04,shade,plain,False,train
IMG901727,img/placeholder/1727.png,procedural_placeholder,False,Motor & magnet-bearing,HDD assembly,MTR-HDD,2.1,Nagpur,2026-07,daylight,floor_mat,False,train
IMG901728,img/placeholder/1728.png,procedural_placeholder,False,Cable,Armoured / data cable,CBL-ARM,41.1,Pune,2026-06,flash,cluttered_yard,True,train
IMG901729,img/placeholder/1729.png,procedural_placeholder,False,Cable,Aluminium cable,CBL-AL,50.0,Pune,2026-01,low_light,cluttered_yard,True,train
IMG901730,img/placeholder/1730.png,procedural_placeholder,False,CRT,Deflection yoke,CRT-YOK,22.6,Pimpri-Chinchwad,2025-09,daylight,cluttered_yard,True,train
IMG901731,img/placeholder/1731.png,procedural_placeholder,False,Mixed plastic,HIPS,PLA-HIPS,73.1,Nashik,2025-11,shade,cluttered_yard,False,train
IMG901732,img/placeholder/1732.png,procedural_placeholder,False,PCB,Motherboard (high grade),PCB-MBH,1.2,Mumbai,2025-07,indoor_tube,shop_counter,True,test
IMG901733,img/placeholder/1733.png,procedural_placeholder,False,Motor & magnet-bearing,Compressor motor,MTR-CMP,24.9,Aurangabad,2025-10,daylight,cluttered_yard,True,train
IMG901734,img/placeholder/1734.png,procedural_placeholder,False,CRT,Colour TV tube,CRT-CTV,50.8,Nashik,2025-04,daylight,floor_mat,False,train
IMG901735,img/placeholder/1735.png,procedural_placeholder,False,Mixed plastic,HIPS,PLA-HIPS,123.3,Mumbai,2026-01,indoor_tube,cluttered_yard,True,train
IMG901736,img/placeholder/1736.png,procedural_placeholder,False,LCD/LED panel,Backlight assembly,LCD-BLA,2.8,Pimpri-Chinchwad,2025-11,indoor_tube,cluttered_yard,False,val
IMG901737,img/placeholder/1737.png,procedural_placeholder,False,CRT,Deflection yoke,CRT-YOK,22.2,Nagpur,2026-07,daylight,plain,False,train
IMG901738,img/placeholder/1738.png,procedural_placeholder,False,Battery,Li-ion laptop / phone pack,BAT-LI,5.2,Pune,2026-01,indoor_tube,cluttered_yard,False,train
IMG901739,img/placeholder/1739.png,procedural_placeholder,False,Cable,Mixed insulated,CBL-MIX,15.4,Mumbai,2025-05,low_light,shop_counter,False,train
IMG901740,img/placeholder/1740.png,procedural_placeholder,False,Motor & magnet-bearing,HDD assembly,MTR-HDD,11.6,Pune,2025-10,flash,plain,False,train
IMG901741,img/placeholder/1741.png,procedural_placeholder,False,CRT,Colour TV tube,CRT-CTV,16.4,Pimpri-Chinchwad,2025-08,indoor_tube,cluttered_yard,False,train
IMG901742,img/placeholder/1742.png,procedural_placeholder,False,Cable,Aluminium cable,CBL-AL,24.5,Nashik,2025-09,indoor_tube,cluttered_yard,True,val
IMG901743,img/placeholder/1743.png,procedural_placeholder,False,LCD/LED panel,Backlight assembly,LCD-BLA,23.0,Mumbai,2025-04,daylight,cluttered_yard,True,val
IMG901744,img/placeholder/1744.png,procedural_placeholder,False,PCB,Mixed populated board,PCB-MIX,14.1,Nashik,2026-02,shade,cluttered_yard,False,train
IMG901745,img/placeholder/1745.png,procedural_placeholder,False,PCB,GPU / add-on card,PCB-GPU,9.4,Mumbai,2026-02,daylight,shop_counter,False,train
IMG901746,img/placeholder/1746.png,procedural_placeholder,False,Cable,Mixed insulated,CBL-MIX,23.2,Pune,2025-08,daylight,cluttered_yard,False,train
IMG901747,img/placeholder/1747.png,procedural_placeholder,False,PCB,Motherboard (high grade),PCB-MBH,11.2,Nashik,2025-09,low_light,floor_mat,True,train
IMG901748,img/placeholder/1748.png,procedural_placeholder,False,Cable,Aluminium cable,CBL-AL,13.8,Pimpri-Chinchwad,2025-05,daylight,floor_mat,True,val
IMG901749,img/placeholder/1749.png,procedural_placeholder,False,Battery,Ni-MH,BAT-NIMH,9.7,Nagpur,2025-09,daylight,cluttered_yard,True,test
IMG901750,img/placeholder/1750.png,procedural_placeholder,False,Motor & magnet-bearing,Compressor motor,MTR-CMP,63.7,Mumbai,2025-07,low_light,shop_counter,False,val
IMG901751,img/placeholder/1751.png,procedural_placeholder,False,Battery,Button / coin cell,BAT-BTN,3.3,Pimpri-Chinchwad,2026-03,low_light,cluttered_yard,False,train
IMG901752,img/placeholder/1752.png,procedural_placeholder,False,Mixed plastic,HIPS,PLA-HIPS,43.8,Nagpur,2026-02,daylight,cluttered_yard,False,train
IMG901753,img/placeholder/1753.png,procedural_placeholder,False,Cable,Aluminium cable,CBL-AL,36.9,Nashik,2026-05,daylight,cluttered_yard,False,train
IMG901754,img/placeholder/1754.png,procedural_placeholder,False,Cable,Aluminium cable,CBL-AL,90.3,Mumbai,2026-04,shade,plain,True,test
IMG901755,img/placeholder/1755.png,procedural_placeholder,False,PCB,TV / appliance board (low grade),PCB-LOW,5.4,Nashik,2025-11,indoor_tube,cart,True,val
IMG901756,img/placeholder/1756.png,procedural_placeholder,False,Motor & magnet-bearing,Compressor motor,MTR-CMP,24.4,Aurangabad,2025-07,flash,cluttered_yard,False,train
IMG901757,img/placeholder/1757.png,procedural_placeholder,False,PCB,GPU / add-on card,PCB-GPU,11.3,Mumbai,2026-06,shade,shop_counter,False,train
IMG901758,img/placeholder/1758.png,procedural_placeholder,False,PCB,Motherboard (high grade),PCB-MBH,5.1,Pune,2025-12,low_light,cluttered_yard,False,test
IMG901759,img/placeholder/1759.png,procedural_placeholder,False,PCB,RAM / gold-finger,PCB-RAM,3.2,Pune,2025-09,daylight,plain,True,train
IMG901760,img/placeholder/1760.png,procedural_placeholder,False,Mixed plastic,PC/ABS blend,PLA-PCABS,20.3,Mumbai,2025-12,flash,shop_counter,False,train
IMG901761,img/placeholder/1761.png,procedural_placeholder,False,Cable,Mixed insulated,CBL-MIX,10.7,Pimpri-Chinchwad,2025-08,daylight,floor_mat,False,val
IMG901762,img/placeholder/1762.png,procedural_placeholder,False,LCD/LED panel,TV panel,LCD-TV,30.9,Aurangabad,2025-04,indoor_tube,floor_mat,False,train
IMG901763,img/placeholder/1763.png,procedural_placeholder,False,Motor & magnet-bearing,Small AC/DC motor,MTR-SML,20.4,Aurangabad,2026-03,flash,cluttered_yard,False,train
IMG901764,img/placeholder/1764.png,procedural_placeholder,False,Battery,Li-ion laptop / phone pack,BAT-LI,8.8,Nagpur,2025-10,shade,floor_mat,True,train
IMG901765,img/placeholder/1765.png,procedural_placeholder,False,Battery,Li-ion laptop / phone pack,BAT-LI,32.2,Mumbai,2025-05,daylight,cart,True,train
IMG901766,img/placeholder/1766.png,procedural_placeholder,False,Cable,Mixed insulated,CBL-MIX,19.8,Pimpri-Chinchwad,2026-05,low_light,cluttered_yard,False,train
IMG901767,img/placeholder/1767.png,procedural_placeholder,False,Battery,Button / coin cell,BAT-BTN,44.7,Mumbai,2026-06,indoor_tube,cluttered_yard,False,test
IMG901768,img/placeholder/1768.png,procedural_placeholder,False,CRT,Monochrome monitor tube,CRT-MON,12.8,Pune,2025-09,daylight,cluttered_yard,False,train
IMG901769,img/placeholder/1769.png,procedural_placeholder,False,Cable,Copper household wire,CBL-CU,26.7,Nashik,2026-03,flash,cluttered_yard,False,test
IMG901770,img/placeholder/1770.png,procedural_placeholder,False,Battery,Lead-acid,BAT-PB,8.0,Mumbai,2026-04,low_light,cluttered_yard,False,train
IMG901771,img/placeholder/1771.png,procedural_placeholder,False,Battery,Lead-acid,BAT-PB,0.8,Mumbai,2025-08,indoor_tube,cart,False,val
IMG901772,img/placeholder/1772.png,procedural_placeholder,False,Cable,Mixed insulated,CBL-MIX,31.3,Nagpur,2026-04,daylight,plain,True,train
IMG901773,img/placeholder/1773.png,procedural_placeholder,False,Mixed plastic,ABS casing,PLA-ABS,26.8,Pune,2025-09,indoor_tube,cluttered_yard,False,train
IMG901774,img/placeholder/1774.png,procedural_placeholder,False,Cable,Copper household wire,CBL-CU,60.3,Pune,2026-04,shade,cart,True,train
IMG901775,img/placeholder/1775.png,procedural_placeholder,False,Motor & magnet-bearing,HDD assembly,MTR-HDD,18.5,Pune,2025-03,daylight,floor_mat,False,val
IMG901776,img/placeholder/1776.png,procedural_placeholder,False,Cable,Copper household wire,CBL-CU,23.1,Nashik,2025-12,daylight,cart,False,test
IMG901777,img/placeholder/1777.png,procedural_placeholder,False,PCB,Motherboard (high grade),PCB-MBH,27.1,Pune,2025-03,shade,cluttered_yard,False,val
IMG901778,img/placeholder/1778.png,procedural_placeholder,False,Motor & magnet-bearing,Speaker magnet,MTR-SPK,17.1,Mumbai,2026-05,daylight,shop_counter,True,test
IMG901779,img/placeholder/1779.png,procedural_placeholder,False,CRT,Monochrome monitor tube,CRT-MON,25.1,Pune,2025-04,shade,floor_mat,True,train
IMG901780,img/placeholder/1780.png,procedural_placeholder,False,PCB,TV / appliance board (low grade),PCB-LOW,1.7,Mumbai,2025-09,indoor_tube,cluttered_yard,True,train
IMG901781,img/placeholder/1781.png,procedural_placeholder,False,PCB,GPU / add-on card,PCB-GPU,13.4,Pimpri-Chinchwad,2026-03,indoor_tube,cluttered_yard,True,train
IMG901782,img/placeholder/1782.png,procedural_placeholder,False,Mixed plastic,Mixed dirty,PLA-MIX,52.9,Pune,2025-07,indoor_tube,cluttered_yard,False,train
IMG901783,img/placeholder/1783.png,procedural_placeholder,False,Mixed plastic,ABS casing,PLA-ABS,26.3,Mumbai,2026-06,daylight,floor_mat,False,val
IMG901784,img/placeholder/1784.png,procedural_placeholder,False,Motor & magnet-bearing,Small AC/DC motor,MTR-SML,7.1,Aurangabad,2026-06,indoor_tube,cluttered_yard,False,val
IMG901785,img/placeholder/1785.png,procedural_placeholder,False,LCD/LED panel,Monitor panel,LCD-MON,11.6,Pimpri-Chinchwad,2025-05,flash,cluttered_yard,False,val
IMG901786,img/placeholder/1786.png,procedural_placeholder,False,CRT,Deflection yoke,CRT-YOK,58.4,Mumbai,2026-02,daylight,cluttered_yard,False,val
IMG901787,img/placeholder/1787.png,procedural_placeholder,False,LCD/LED panel,Monitor panel,LCD-MON,12.1,Pune,2025-12,daylight,floor_mat,False,train
IMG901788,img/placeholder/1788.png,procedural_placeholder,False,Mixed plastic,Mixed dirty,PLA-MIX,19.8,Aurangabad,2026-03,daylight,plain,True,train
IMG901789,img/placeholder/1789.png,procedural_placeholder,False,Mixed plastic,PC/ABS blend,PLA-PCABS,15.5,Nagpur,2025-03,shade,floor_mat,True,train
IMG901790,img/placeholder/1790.png,procedural_placeholder,False,Mixed plastic,ABS casing,PLA-ABS,22.3,Pimpri-Chinchwad,2025-11,shade,shop_counter,False,train
IMG901791,img/placeholder/1791.png,procedural_placeholder,False,Mixed plastic,HIPS,PLA-HIPS,25.4,Nagpur,2026-04,daylight,cluttered_yard,True,train
IMG901792,img/placeholder/1792.png,procedural_placeholder,False,Mixed plastic,ABS casing,PLA-ABS,25.5,Nashik,2026-03,low_light,plain,False,train
IMG901793,img/placeholder/1793.png,procedural_placeholder,False,CRT,Monochrome monitor tube,CRT-MON,29.9,Aurangabad,2026-03,indoor_tube,cart,True,train
IMG901794,img/placeholder/1794.png,procedural_placeholder,False,Mixed plastic,HIPS,PLA-HIPS,12.9,Mumbai,2026-01,indoor_tube,cart,False,train
IMG901795,img/placeholder/1795.png,procedural_placeholder,False,Mixed plastic,ABS casing,PLA-ABS,73.1,Pimpri-Chinchwad,2025-04,shade,cluttered_yard,False,train
IMG901796,img/placeholder/1796.png,procedural_placeholder,False,Cable,Mixed insulated,CBL-MIX,11.5,Mumbai,2026-01,daylight,cart,True,train
IMG901797,img/placeholder/1797.png,procedural_placeholder,False,Battery,Ni-MH,BAT-NIMH,24.5,Nashik,2025-11,daylight,floor_mat,False,train
IMG901798,img/placeholder/1798.png,procedural_placeholder,False,CRT,Deflection yoke,CRT-YOK,27.5,Nashik,2025-04,indoor_tube,shop_counter,False,train
IMG901799,img/placeholder/1799.png,procedural_placeholder,False,Battery,Button / coin cell,BAT-BTN,0.2,Mumbai,2025-03,daylight,cart,False,val
IMG901800,img/placeholder/1800.png,procedural_placeholder,False,Motor & magnet-bearing,Speaker magnet,MTR-SPK,6.4,Pimpri-Chinchwad,2025-12,low_light,cluttered_yard,False,train
IMG901801,img/placeholder/1801.png,procedural_placeholder,False,Battery,Button / coin cell,BAT-BTN,20.6,Pimpri-Chinchwad,2026-02,shade,shop_counter,True,train
IMG901802,img/placeholder/1802.png,procedural_placeholder,False,Motor & magnet-bearing,Speaker magnet,MTR-SPK,3.1,Pune,2025-06,flash,cluttered_yard,False,test
IMG901803,img/placeholder/1803.png,procedural_placeholder,False,Motor & magnet-bearing,Compressor motor,MTR-CMP,40.3,Mumbai,2025-09,indoor_tube,floor_mat,True,train
IMG901804,img/placeholder/1804.png,procedural_placeholder,False,Battery,Li-ion laptop / phone pack,BAT-LI,5.6,Mumbai,2026-08,daylight,cluttered_yard,True,train
IMG901805,img/placeholder/1805.png,procedural_placeholder,False,Mixed plastic,HIPS,PLA-HIPS,13.4,Mumbai,2026-01,shade,shop_counter,False,train
IMG901806,img/placeholder/1806.png,procedural_placeholder,False,Mixed plastic,Mixed dirty,PLA-MIX,28.7,Pune,2025-04,daylight,shop_counter,False,train
IMG901807,img/placeholder/1807.png,procedural_placeholder,False,Mixed plastic,ABS casing,PLA-ABS,64.7,Pune,2026-02,shade,shop_counter,True,test
IMG901808,img/placeholder/1808.png,procedural_placeholder,False,Mixed plastic,ABS casing,PLA-ABS,39.5,Aurangabad,2025-04,shade,floor_mat,False,val
IMG901809,img/placeholder/1809.png,procedural_placeholder,False,Cable,Copper household wire,CBL-CU,30.1,Nashik,2026-01,indoor_tube,plain,False,train
IMG901810,img/placeholder/1810.png,procedural_placeholder,False,Mixed plastic,Mixed dirty,PLA-MIX,39.3,Pune,2025-09,shade,floor_mat,False,train
IMG901811,img/placeholder/1811.png,procedural_placeholder,False,Mixed plastic,PC/ABS blend,PLA-PCABS,84.4,Aurangabad,2026-03,shade,cluttered_yard,False,test
IMG901812,img/placeholder/1812.png,procedural_placeholder,False,Battery,Button / coin cell,BAT-BTN,9.7,Nagpur,2025-11,indoor_tube,floor_mat,True,val
IMG901813,img/placeholder/1813.png,procedural_placeholder,False,Motor & magnet-bearing,HDD assembly,MTR-HDD,18.4,Mumbai,2025-06,low_light,cluttered_yard,False,train
IMG901814,img/placeholder/1814.png,procedural_placeholder,False,Cable,Aluminium cable,CBL-AL,113.1,Mumbai,2026-03,indoor_tube,floor_mat,False,train
IMG901815,img/placeholder/1815.png,procedural_placeholder,False,Mixed plastic,ABS casing,PLA-ABS,14.1,Mumbai,2026-06,shade,cluttered_yard,False,train
IMG901816,img/placeholder/1816.png,procedural_placeholder,False,Mixed plastic,ABS casing,PLA-ABS,24.2,Pimpri-Chinchwad,2026-07,shade,cluttered_yard,True,train
IMG901817,img/placeholder/1817.png,procedural_placeholder,False,Mixed plastic,PC/ABS blend,PLA-PCABS,56.7,Aurangabad,2026-05,shade,shop_counter,True,train
IMG901818,img/placeholder/1818.png,procedural_placeholder,False,CRT,Deflection yoke,CRT-YOK,21.4,Pimpri-Chinchwad,2026-03,daylight,shop_counter,False,test
IMG901819,img/placeholder/1819.png,procedural_placeholder,False,Cable,Armoured / data cable,CBL-ARM,107.4,Pune,2026-05,shade,shop_counter,False,train
IMG901820,img/placeholder/1820.png,procedural_placeholder,False,Mixed plastic,PC/ABS blend,PLA-PCABS,39.7,Pune,2025-09,daylight,cart,True,train
IMG901821,img/placeholder/1821.png,procedural_placeholder,False,Motor & magnet-bearing,HDD assembly,MTR-HDD,30.4,Nagpur,2025-09,shade,cluttered_yard,False,val
IMG901822,img/placeholder/1822.png,procedural_placeholder,False,Cable,Aluminium cable,CBL-AL,10.5,Aurangabad,2025-11,shade,cart,False,train
IMG901823,img/placeholder/1823.png,procedural_placeholder,False,Motor & magnet-bearing,Speaker magnet,MTR-SPK,13.4,Pune,2025-09,low_light,plain,False,train
IMG901824,img/placeholder/1824.png,procedural_placeholder,False,CRT,Colour TV tube,CRT-CTV,33.8,Pune,2026-06,shade,cluttered_yard,True,train
IMG901825,img/placeholder/1825.png,procedural_placeholder,False,Cable,Copper household wire,CBL-CU,29.4,Aurangabad,2026-01,low_light,floor_mat,False,train
IMG901826,img/placeholder/1826.png,procedural_placeholder,False,Mixed plastic,Mixed dirty,PLA-MIX,48.0,Nashik,2025-06,indoor_tube,cluttered_yard,False,train
IMG901827,img/placeholder/1827.png,procedural_placeholder,False,Mixed plastic,Mixed dirty,PLA-MIX,134.0,Pune,2025-07,indoor_tube,cart,False,train
IMG901828,img/placeholder/1828.png,procedural_placeholder,False,Motor & magnet-bearing,Speaker magnet,MTR-SPK,61.5,Nagpur,2025-10,daylight,plain,True,train
IMG901829,img/placeholder/1829.png,procedural_placeholder,False,Mixed plastic,HIPS,PLA-HIPS,35.0,Mumbai,2025-06,daylight,cart,True,train
IMG901830,img/placeholder/1830.png,procedural_placeholder,False,Motor & magnet-bearing,Speaker magnet,MTR-SPK,16.1,Mumbai,2025-11,daylight,plain,False,train
IMG901831,img/placeholder/1831.png,procedural_placeholder,False,CRT,Deflection yoke,CRT-YOK,18.9,Nagpur,2025-03,daylight,cluttered_yard,False,test
IMG901832,img/placeholder/1832.png,procedural_placeholder,False,CRT,Colour TV tube,CRT-CTV,18.6,Mumbai,2025-03,daylight,floor_mat,True,train
IMG901833,img/placeholder/1833.png,procedural_placeholder,False,Cable,Armoured / data cable,CBL-ARM,9.2,Mumbai,2026-02,shade,cluttered_yard,True,train
IMG901834,img/placeholder/1834.png,procedural_placeholder,False,Cable,Mixed insulated,CBL-MIX,26.4,Nashik,2026-02,shade,shop_counter,False,train
IMG901835,img/placeholder/1835.png,procedural_placeholder,False,Battery,Button / coin cell,BAT-BTN,2.4,Mumbai,2025-03,shade,cluttered_yard,False,train
IMG901836,img/placeholder/1836.png,procedural_placeholder,False,Cable,Armoured / data cable,CBL-ARM,83.4,Pimpri-Chinchwad,2026-07,daylight,cluttered_yard,False,test
IMG901837,img/placeholder/1837.png,procedural_placeholder,False,CRT,Deflection yoke,CRT-YOK,65.5,Pune,2026-07,indoor_tube,floor_mat,False,train
IMG901838,img/placeholder/1838.png,procedural_placeholder,False,CRT,Colour TV tube,CRT-CTV,108.1,Mumbai,2025-12,indoor_tube,cart,True,train
IMG901839,img/placeholder/1839.png,procedural_placeholder,False,Mixed plastic,Mixed dirty,PLA-MIX,54.4,Pune,2025-11,shade,shop_counter,True,train
IMG901840,img/placeholder/1840.png,procedural_placeholder,False,Cable,Mixed insulated,CBL-MIX,31.2,Mumbai,2026-06,indoor_tube,floor_mat,False,train
IMG901841,img/placeholder/1841.png,procedural_placeholder,False,Cable,Mixed insulated,CBL-MIX,87.2,Aurangabad,2025-06,daylight,cluttered_yard,False,train
IMG901842,img/placeholder/1842.png,procedural_placeholder,False,CRT,Colour TV tube,CRT-CTV,103.0,Aurangabad,2025-03,daylight,cluttered_yard,False,train
IMG901843,img/placeholder/1843.png,procedural_placeholder,False,Cable,Armoured / data cable,CBL-ARM,89.3,Mumbai,2025-10,daylight,plain,True,train
IMG901844,img/placeholder/1844.png,procedural_placeholder,False,CRT,Monochrome monitor tube,CRT-MON,42.6,Pune,2025-11,daylight,shop_counter,False,train
IMG901845,img/placeholder/1845.png,procedural_placeholder,False,Battery,Lead-acid,BAT-PB,0.6,Mumbai,2025-12,daylight,cart,False,train
IMG901846,img/placeholder/1846.png,procedural_placeholder,False,Cable,Aluminium cable,CBL-AL,36.6,Mumbai,2026-05,flash,floor_mat,True,train
IMG901847,img/placeholder/1847.png,procedural_placeholder,False,Mixed plastic,PC/ABS blend,PLA-PCABS,15.9,Mumbai,2026-03,indoor_tube,shop_counter,False,train
IMG901848,img/placeholder/1848.png,procedural_placeholder,False,Cable,Aluminium cable,CBL-AL,137.2,Pune,2026-07,indoor_tube,cluttered_yard,False,train
IMG901849,img/placeholder/1849.png,procedural_placeholder,False,CRT,Monochrome monitor tube,CRT-MON,62.0,Aurangabad,2026-06,indoor_tube,cluttered_yard,True,train
IMG901850,img/placeholder/1850.png,procedural_placeholder,False,Cable,Aluminium cable,CBL-AL,30.1,Mumbai,2026-06,shade,shop_counter,False,val
IMG901851,img/placeholder/1851.png,procedural_placeholder,False,PCB,TV / appliance board (low grade),PCB-LOW,7.1,Mumbai,2026-03,daylight,cart,False,train
IMG901852,img/placeholder/1852.png,procedural_placeholder,False,CRT,Monochrome monitor tube,CRT-MON,12.6,Pune,2026-07,shade,floor_mat,False,train
IMG901853,img/placeholder/1853.png,procedural_placeholder,False,CRT,Monochrome monitor tube,CRT-MON,19.7,Aurangabad,2025-09,low_light,cart,True,test
IMG901854,img/placeholder/1854.png,procedural_placeholder,False,PCB,Motherboard (high grade),PCB-MBH,6.4,Nagpur,2026-08,daylight,cart,True,test
IMG901855,img/placeholder/1855.png,procedural_placeholder,False,CRT,Monochrome monitor tube,CRT-MON,37.7,Nashik,2025-11,shade,plain,True,train
IMG901856,img/placeholder/1856.png,procedural_placeholder,False,PCB,TV / appliance board (low grade),PCB-LOW,3.9,Nagpur,2025-08,indoor_tube,cluttered_yard,False,train
IMG901857,img/placeholder/1857.png,procedural_placeholder,False,PCB,RAM / gold-finger,PCB-RAM,1.8,Pune,2026-08,daylight,cluttered_yard,True,train
IMG901858,img/placeholder/1858.png,procedural_placeholder,False,LCD/LED panel,Backlight assembly,LCD-BLA,10.2,Mumbai,2025-04,low_light,floor_mat,True,train
IMG901859,img/placeholder/1859.png,procedural_placeholder,False,CRT,Colour TV tube,CRT-CTV,65.8,Nagpur,2025-05,shade,shop_counter,False,train
IMG901860,img/placeholder/1860.png,procedural_placeholder,False,Cable,Copper household wire,CBL-CU,13.8,Mumbai,2025-10,daylight,cart,True,train
IMG901861,img/placeholder/1861.png,procedural_placeholder,False,PCB,Mixed populated board,PCB-MIX,12.1,Nagpur,2025-09,daylight,cluttered_yard,False,train
IMG901862,img/placeholder/1862.png,procedural_placeholder,False,Motor & magnet-bearing,HDD assembly,MTR-HDD,87.2,Mumbai,2025-09,shade,plain,True,train
IMG901863,img/placeholder/1863.png,procedural_placeholder,False,Cable,Mixed insulated,CBL-MIX,148.0,Mumbai,2025-06,indoor_tube,cluttered_yard,True,train
IMG901864,img/placeholder/1864.png,procedural_placeholder,False,Motor & magnet-bearing,Small AC/DC motor,MTR-SML,19.3,Pimpri-Chinchwad,2026-02,indoor_tube,cluttered_yard,False,train
IMG901865,img/placeholder/1865.png,procedural_placeholder,False,Battery,Li-ion laptop / phone pack,BAT-LI,10.1,Mumbai,2026-01,shade,shop_counter,True,train
IMG901866,img/placeholder/1866.png,procedural_placeholder,False,PCB,Motherboard (high grade),PCB-MBH,2.0,Aurangabad,2025-12,daylight,cart,False,test
IMG901867,img/placeholder/1867.png,procedural_placeholder,False,Motor & magnet-bearing,Small AC/DC motor,MTR-SML,35.2,Mumbai,2025-05,shade,cluttered_yard,False,val
IMG901868,img/placeholder/1868.png,procedural_placeholder,False,Mixed plastic,Mixed dirty,PLA-MIX,71.4,Pimpri-Chinchwad,2026-01,daylight,shop_counter,True,train
IMG901869,img/placeholder/1869.png,procedural_placeholder,False,CRT,Monochrome monitor tube,CRT-MON,37.3,Pune,2025-05,low_light,cluttered_yard,False,test
IMG901870,img/placeholder/1870.png,procedural_placeholder,False,PCB,Mixed populated board,PCB-MIX,6.2,Aurangabad,2026-08,low_light,cluttered_yard,True,train
IMG901871,img/placeholder/1871.png,procedural_placeholder,False,Cable,Armoured / data cable,CBL-ARM,37.9,Aurangabad,2026-03,indoor_tube,cluttered_yard,False,train
IMG901872,img/placeholder/1872.png,procedural_placeholder,False,Mixed plastic,PC/ABS blend,PLA-PCABS,12.9,Nashik,2025-11,shade,plain,False,train
IMG901873,img/placeholder/1873.png,procedural_placeholder,False,Battery,Lead-acid,BAT-PB,7.4,Mumbai,2026-03,indoor_tube,cart,False,train
IMG901874,img/placeholder/1874.png,procedural_placeholder,False,CRT,Colour TV tube,CRT-CTV,39.6,Pune,2025-06,shade,cart,False,train
IMG901875,img/placeholder/1875.png,procedural_placeholder,False,Battery,Li-ion laptop / phone pack,BAT-LI,6.1,Nashik,2025-09,daylight,cart,False,train
IMG901876,img/placeholder/1876.png,procedural_placeholder,False,Battery,Lead-acid,BAT-PB,4.6,Nashik,2026-06,daylight,floor_mat,True,val
IMG901877,img/placeholder/1877.png,procedural_placeholder,False,LCD/LED panel,Laptop panel,LCD-LAP,13.1,Pune,2026-07,shade,cluttered_yard,False,train
IMG901878,img/placeholder/1878.png,procedural_placeholder,False,Cable,Aluminium cable,CBL-AL,28.6,Mumbai,2025-05,daylight,cart,False,train
IMG901879,img/placeholder/1879.png,procedural_placeholder,False,Cable,Armoured / data cable,CBL-ARM,35.4,Mumbai,2026-07,indoor_tube,shop_counter,False,train
IMG901880,img/placeholder/1880.png,procedural_placeholder,False,Cable,Copper household wire,CBL-CU,5.3,Mumbai,2025-07,low_light,cluttered_yard,False,val
IMG901881,img/placeholder/1881.png,procedural_placeholder,False,Motor & magnet-bearing,Compressor motor,MTR-CMP,37.2,Mumbai,2025-07,daylight,cluttered_yard,False,train
IMG901882,img/placeholder/1882.png,procedural_placeholder,False,Motor & magnet-bearing,HDD assembly,MTR-HDD,7.3,Nagpur,2025-07,shade,shop_counter,False,train
IMG901883,img/placeholder/1883.png,procedural_placeholder,False,CRT,Colour TV tube,CRT-CTV,23.4,Nagpur,2025-09,indoor_tube,cart,False,train
IMG901884,img/placeholder/1884.png,procedural_placeholder,False,Mixed plastic,HIPS,PLA-HIPS,79.3,Nagpur,2025-12,indoor_tube,plain,False,val
IMG901885,img/placeholder/1885.png,procedural_placeholder,False,PCB,TV / appliance board (low grade),PCB-LOW,45.0,Pimpri-Chinchwad,2025-04,daylight,floor_mat,True,train
IMG901886,img/placeholder/1886.png,procedural_placeholder,False,CRT,Colour TV tube,CRT-CTV,47.3,Pune,2026-04,low_light,cluttered_yard,True,train
IMG901887,img/placeholder/1887.png,procedural_placeholder,False,Cable,Mixed insulated,CBL-MIX,8.7,Aurangabad,2025-06,indoor_tube,floor_mat,True,val
IMG901888,img/placeholder/1888.png,procedural_placeholder,False,Cable,Armoured / data cable,CBL-ARM,62.1,Pimpri-Chinchwad,2026-05,shade,cart,True,train
IMG901889,img/placeholder/1889.png,procedural_placeholder,False,PCB,TV / appliance board (low grade),PCB-LOW,7.2,Mumbai,2026-02,daylight,cluttered_yard,True,train
IMG901890,img/placeholder/1890.png,procedural_placeholder,False,Battery,Ni-MH,BAT-NIMH,7.8,Pimpri-Chinchwad,2025-10,shade,cluttered_yard,True,val
IMG901891,img/placeholder/1891.png,procedural_placeholder,False,PCB,RAM / gold-finger,PCB-RAM,6.3,Aurangabad,2026-08,daylight,shop_counter,True,val
IMG901892,img/placeholder/1892.png,procedural_placeholder,False,Mixed plastic,ABS casing,PLA-ABS,63.9,Nagpur,2026-04,flash,plain,False,train
IMG901893,img/placeholder/1893.png,procedural_placeholder,False,Cable,Copper household wire,CBL-CU,45.3,Aurangabad,2026-07,daylight,shop_counter,False,train
IMG901894,img/placeholder/1894.png,procedural_placeholder,False,Motor & magnet-bearing,Speaker magnet,MTR-SPK,16.3,Mumbai,2026-01,daylight,cart,False,train
IMG901895,img/placeholder/1895.png,procedural_placeholder,False,PCB,RAM / gold-finger,PCB-RAM,17.7,Pune,2025-07,shade,cart,False,test
IMG901896,img/placeholder/1896.png,procedural_placeholder,False,PCB,RAM / gold-finger,PCB-RAM,4.3,Mumbai,2026-01,low_light,cluttered_yard,False,test
IMG901897,img/placeholder/1897.png,procedural_placeholder,False,Mixed plastic,HIPS,PLA-HIPS,95.6,Nashik,2025-07,shade,floor_mat,True,train
IMG901898,img/placeholder/1898.png,procedural_placeholder,False,Motor & magnet-bearing,Small AC/DC motor,MTR-SML,26.3,Mumbai,2025-08,daylight,cluttered_yard,False,train
IMG901899,img/placeholder/1899.png,procedural_placeholder,False,Cable,Mixed insulated,CBL-MIX,53.5,Aurangabad,2026-07,low_light,floor_mat,True,val
IMG901900,img/placeholder/1900.png,procedural_placeholder,False,Battery,Lead-acid,BAT-PB,1.2,Mumbai,2026-04,indoor_tube,plain,True,train
IMG901901,img/placeholder/1901.png,procedural_placeholder,False,CRT,Monochrome monitor tube,CRT-MON,45.8,Mumbai,2025-04,daylight,cluttered_yard,False,test
IMG901902,img/placeholder/1902.png,procedural_placeholder,False,LCD/LED panel,Monitor panel,LCD-MON,38.6,Mumbai,2025-10,daylight,cluttered_yard,True,train
IMG901903,img/placeholder/1903.png,procedural_placeholder,False,Cable,Copper household wire,CBL-CU,78.2,Aurangabad,2025-06,daylight,floor_mat,False,train
IMG901904,img/placeholder/1904.png,procedural_placeholder,False,Battery,Li-ion laptop / phone pack,BAT-LI,4.3,Aurangabad,2025-06,low_light,floor_mat,True,test
IMG901905,img/placeholder/1905.png,procedural_placeholder,False,CRT,Monochrome monitor tube,CRT-MON,61.2,Aurangabad,2025-07,low_light,cluttered_yard,False,train
IMG901906,img/placeholder/1906.png,procedural_placeholder,False,Battery,Li-ion laptop / phone pack,BAT-LI,8.6,Aurangabad,2025-05,daylight,cluttered_yard,False,train
IMG901907,img/placeholder/1907.png,procedural_placeholder,False,Motor & magnet-bearing,Compressor motor,MTR-CMP,5.4,Mumbai,2025-10,daylight,cart,False,train
IMG901908,img/placeholder/1908.png,procedural_placeholder,False,Motor & magnet-bearing,Small AC/DC motor,MTR-SML,8.1,Nagpur,2025-06,daylight,floor_mat,True,train
IMG901909,img/placeholder/1909.png,procedural_placeholder,False,Mixed plastic,Mixed dirty,PLA-MIX,14.7,Nashik,2025-06,daylight,shop_counter,True,train
IMG901910,img/placeholder/1910.png,procedural_placeholder,False,Cable,Armoured / data cable,CBL-ARM,67.9,Nashik,2026-08,shade,plain,False,train
IMG901911,img/placeholder/1911.png,procedural_placeholder,False,Mixed plastic,ABS casing,PLA-ABS,55.3,Mumbai,2025-03,shade,cluttered_yard,True,val
IMG901912,img/placeholder/1912.png,procedural_placeholder,False,Mixed plastic,PC/ABS blend,PLA-PCABS,52.6,Mumbai,2026-05,daylight,cluttered_yard,False,train
IMG901913,img/placeholder/1913.png,procedural_placeholder,False,LCD/LED panel,Laptop panel,LCD-LAP,22.4,Aurangabad,2025-04,daylight,cluttered_yard,False,train
IMG901914,img/placeholder/1914.png,procedural_placeholder,False,Motor & magnet-bearing,Speaker magnet,MTR-SPK,31.0,Pimpri-Chinchwad,2025-03,daylight,plain,False,train
IMG901915,img/placeholder/1915.png,procedural_placeholder,False,Motor & magnet-bearing,HDD assembly,MTR-HDD,8.9,Mumbai,2025-10,daylight,cluttered_yard,False,test
IMG901916,img/placeholder/1916.png,procedural_placeholder,False,Mixed plastic,ABS casing,PLA-ABS,22.1,Pimpri-Chinchwad,2026-07,daylight,floor_mat,True,train
IMG901917,img/placeholder/1917.png,procedural_placeholder,False,Motor & magnet-bearing,HDD assembly,MTR-HDD,17.7,Mumbai,2026-07,daylight,cart,True,train
IMG901918,img/placeholder/1918.png,procedural_placeholder,False,Mixed plastic,HIPS,PLA-HIPS,81.7,Mumbai,2025-03,indoor_tube,cart,True,train
IMG901919,img/placeholder/1919.png,procedural_placeholder,False,Motor & magnet-bearing,Speaker magnet,MTR-SPK,21.2,Nagpur,2025-03,shade,cluttered_yard,False,train
IMG901920,img/placeholder/1920.png,procedural_placeholder,False,Mixed plastic,Mixed dirty,PLA-MIX,25.7,Pimpri-Chinchwad,2025-11,shade,cluttered_yard,False,train
IMG901921,img/placeholder/1921.png,procedural_placeholder,False,Mixed plastic,ABS casing,PLA-ABS,135.7,Pune,2026-03,daylight,cluttered_yard,True,val
IMG901922,img/placeholder/1922.png,procedural_placeholder,False,Battery,Button / coin cell,BAT-BTN,21.4,Mumbai,2025-07,daylight,floor_mat,True,train
IMG901923,img/placeholder/1923.png,procedural_placeholder,False,Motor & magnet-bearing,Compressor motor,MTR-CMP,49.0,Nashik,2025-04,indoor_tube,cart,True,train
IMG901924,img/placeholder/1924.png,procedural_placeholder,False,Cable,Mixed insulated,CBL-MIX,23.5,Mumbai,2025-12,shade,plain,False,train
IMG901925,img/placeholder/1925.png,procedural_placeholder,False,LCD/LED panel,Backlight assembly,LCD-BLA,13.7,Pune,2026-03,low_light,cluttered_yard,False,train
IMG901926,img/placeholder/1926.png,procedural_placeholder,False,LCD/LED panel,Laptop panel,LCD-LAP,25.9,Mumbai,2026-04,low_light,floor_mat,False,train
IMG901927,img/placeholder/1927.png,procedural_placeholder,False,Cable,Aluminium cable,CBL-AL,23.7,Mumbai,2025-07,shade,floor_mat,True,train
IMG901928,img/placeholder/1928.png,procedural_placeholder,False,Cable,Aluminium cable,CBL-AL,35.4,Pune,2026-06,daylight,cluttered_yard,False,test
IMG901929,img/placeholder/1929.png,procedural_placeholder,False,PCB,Motherboard (high grade),PCB-MBH,15.2,Pune,2026-04,daylight,cart,False,val
IMG901930,img/placeholder/1930.png,procedural_placeholder,False,CRT,Monochrome monitor tube,CRT-MON,23.3,Pune,2026-08,daylight,cluttered_yard,True,train
IMG901931,img/placeholder/1931.png,procedural_placeholder,False,Motor & magnet-bearing,Compressor motor,MTR-CMP,2.0,Pune,2026-02,indoor_tube,cart,False,val
IMG901932,img/placeholder/1932.png,procedural_placeholder,False,CRT,Colour TV tube,CRT-CTV,20.2,Pimpri-Chinchwad,2026-07,indoor_tube,floor_mat,False,test
IMG901933,img/placeholder/1933.png,procedural_placeholder,False,CRT,Monochrome monitor tube,CRT-MON,18.5,Mumbai,2026-05,indoor_tube,cluttered_yard,True,val
IMG901934,img/placeholder/1934.png,procedural_placeholder,False,Cable,Mixed insulated,CBL-MIX,22.4,Mumbai,2026-01,low_light,cluttered_yard,True,train
IMG901935,img/placeholder/1935.png,procedural_placeholder,False,CRT,Monochrome monitor tube,CRT-MON,51.7,Nashik,2025-12,flash,cluttered_yard,False,test
IMG901936,img/placeholder/1936.png,procedural_placeholder,False,Battery,Ni-MH,BAT-NIMH,0.6,Nagpur,2025-07,daylight,cluttered_yard,False,train
IMG901937,img/placeholder/1937.png,procedural_placeholder,False,Mixed plastic,ABS casing,PLA-ABS,14.4,Mumbai,2026-05,daylight,cluttered_yard,True,test
IMG901938,img/placeholder/1938.png,procedural_placeholder,False,Mixed plastic,HIPS,PLA-HIPS,17.6,Mumbai,2025-12,low_light,cluttered_yard,False,train
IMG901939,img/placeholder/1939.png,procedural_placeholder,False,Battery,Button / coin cell,BAT-BTN,4.2,Mumbai,2026-05,indoor_tube,cart,False,train
IMG901940,img/placeholder/1940.png,procedural_placeholder,False,Cable,Aluminium cable,CBL-AL,8.6,Pune,2026-02,shade,cluttered_yard,False,test
IMG901941,img/placeholder/1941.png,procedural_placeholder,False,LCD/LED panel,Backlight assembly,LCD-BLA,16.8,Pune,2026-03,shade,cluttered_yard,True,test
IMG901942,img/placeholder/1942.png,procedural_placeholder,False,Cable,Aluminium cable,CBL-AL,102.6,Aurangabad,2026-03,daylight,cart,False,train
IMG901943,img/placeholder/1943.png,procedural_placeholder,False,CRT,Colour TV tube,CRT-CTV,46.4,Pimpri-Chinchwad,2026-03,daylight,shop_counter,True,val
IMG901944,img/placeholder/1944.png,procedural_placeholder,False,CRT,Monochrome monitor tube,CRT-MON,56.2,Nashik,2025-11,shade,cluttered_yard,True,train
IMG901945,img/placeholder/1945.png,procedural_placeholder,False,LCD/LED panel,Monitor panel,LCD-MON,12.3,Mumbai,2026-01,shade,plain,True,train
IMG901946,img/placeholder/1946.png,procedural_placeholder,False,PCB,Motherboard (high grade),PCB-MBH,1.9,Aurangabad,2026-06,shade,cluttered_yard,False,train
IMG901947,img/placeholder/1947.png,procedural_placeholder,False,Motor & magnet-bearing,Speaker magnet,MTR-SPK,21.2,Pimpri-Chinchwad,2026-04,indoor_tube,floor_mat,False,train
IMG901948,img/placeholder/1948.png,procedural_placeholder,False,Motor & magnet-bearing,Small AC/DC motor,MTR-SML,24.9,Mumbai,2026-03,low_light,plain,True,train
IMG901949,img/placeholder/1949.png,procedural_placeholder,False,PCB,Motherboard (high grade),PCB-MBH,21.3,Nashik,2025-09,low_light,cluttered_yard,True,train
IMG901950,img/placeholder/1950.png,procedural_placeholder,False,Motor & magnet-bearing,Small AC/DC motor,MTR-SML,33.6,Mumbai,2025-05,daylight,cluttered_yard,False,train
IMG901951,img/placeholder/1951.png,procedural_placeholder,False,Cable,Mixed insulated,CBL-MIX,49.6,Nagpur,2025-08,daylight,cluttered_yard,False,train
IMG901952,img/placeholder/1952.png,procedural_placeholder,False,Mixed plastic,ABS casing,PLA-ABS,18.7,Pimpri-Chinchwad,2026-08,shade,floor_mat,False,train
IMG901953,img/placeholder/1953.png,procedural_placeholder,False,PCB,TV / appliance board (low grade),PCB-LOW,2.5,Pimpri-Chinchwad,2025-12,indoor_tube,shop_counter,False,train
IMG901954,img/placeholder/1954.png,procedural_placeholder,False,Cable,Mixed insulated,CBL-MIX,22.7,Pimpri-Chinchwad,2026-01,shade,cluttered_yard,False,val
IMG901955,img/placeholder/1955.png,procedural_placeholder,False,Cable,Mixed insulated,CBL-MIX,67.8,Pune,2025-12,low_light,floor_mat,True,train
IMG901956,img/placeholder/1956.png,procedural_placeholder,False,Mixed plastic,ABS casing,PLA-ABS,46.6,Mumbai,2025-10,daylight,plain,True,val
IMG901957,img/placeholder/1957.png,procedural_placeholder,False,Mixed plastic,ABS casing,PLA-ABS,69.3,Mumbai,2025-04,daylight,cart,True,train
IMG901958,img/placeholder/1958.png,procedural_placeholder,False,Battery,Button / coin cell,BAT-BTN,13.0,Nagpur,2025-11,indoor_tube,shop_counter,False,train
IMG901959,img/placeholder/1959.png,procedural_placeholder,False,Battery,Li-ion laptop / phone pack,BAT-LI,1.6,Mumbai,2025-09,daylight,plain,False,test
IMG901960,img/placeholder/1960.png,procedural_placeholder,False,Motor & magnet-bearing,Speaker magnet,MTR-SPK,6.1,Nashik,2025-07,indoor_tube,shop_counter,False,val
IMG901961,img/placeholder/1961.png,procedural_placeholder,False,CRT,Deflection yoke,CRT-YOK,26.1,Mumbai,2025-10,shade,floor_mat,True,train
IMG901962,img/placeholder/1962.png,procedural_placeholder,False,Battery,Ni-MH,BAT-NIMH,3.5,Pimpri-Chinchwad,2026-08,flash,cart,True,train
IMG901963,img/placeholder/1963.png,procedural_placeholder,False,Battery,Li-ion laptop / phone pack,BAT-LI,62.3,Pimpri-Chinchwad,2026-06,daylight,cluttered_yard,False,train
IMG901964,img/placeholder/1964.png,procedural_placeholder,False,Mixed plastic,Mixed dirty,PLA-MIX,43.9,Mumbai,2025-12,daylight,cluttered_yard,False,val
IMG901965,img/placeholder/1965.png,procedural_placeholder,False,CRT,Monochrome monitor tube,CRT-MON,60.9,Pune,2026-05,daylight,cluttered_yard,True,train
IMG901966,img/placeholder/1966.png,procedural_placeholder,False,Motor & magnet-bearing,Small AC/DC motor,MTR-SML,11.1,Mumbai,2026-04,shade,cluttered_yard,False,val
IMG901967,img/placeholder/1967.png,procedural_placeholder,False,Motor & magnet-bearing,Speaker magnet,MTR-SPK,24.1,Nashik,2025-12,daylight,cluttered_yard,True,train
IMG901968,img/placeholder/1968.png,procedural_placeholder,False,Mixed plastic,PC/ABS blend,PLA-PCABS,67.2,Mumbai,2026-07,shade,cluttered_yard,True,test
IMG901969,img/placeholder/1969.png,procedural_placeholder,False,Mixed plastic,PC/ABS blend,PLA-PCABS,137.3,Mumbai,2025-05,flash,floor_mat,True,train
IMG901970,img/placeholder/1970.png,procedural_placeholder,False,Motor & magnet-bearing,Speaker magnet,MTR-SPK,11.5,Pune,2025-09,indoor_tube,cluttered_yard,False,val
IMG901971,img/placeholder/1971.png,procedural_placeholder,False,Cable,Aluminium cable,CBL-AL,8.1,Nagpur,2025-06,daylight,cluttered_yard,False,train
IMG901972,img/placeholder/1972.png,procedural_placeholder,False,Cable,Mixed insulated,CBL-MIX,63.8,Pimpri-Chinchwad,2026-04,low_light,cart,True,train
IMG901973,img/placeholder/1973.png,procedural_placeholder,False,Battery,Button / coin cell,BAT-BTN,8.2,Nashik,2026-02,flash,cart,True,train
IMG901974,img/placeholder/1974.png,procedural_placeholder,False,Motor & magnet-bearing,HDD assembly,MTR-HDD,17.6,Nashik,2026-06,daylight,cart,True,train
IMG901975,img/placeholder/1975.png,procedural_placeholder,False,Motor & magnet-bearing,Speaker magnet,MTR-SPK,9.4,Aurangabad,2026-03,low_light,shop_counter,False,train
IMG901976,img/placeholder/1976.png,procedural_placeholder,False,PCB,Motherboard (high grade),PCB-MBH,9.7,Mumbai,2025-07,shade,cart,False,test
IMG901977,img/placeholder/1977.png,procedural_placeholder,False,CRT,Colour TV tube,CRT-CTV,36.3,Nagpur,2025-06,low_light,cluttered_yard,False,val
IMG901978,img/placeholder/1978.png,procedural_placeholder,False,Cable,Copper household wire,CBL-CU,48.4,Pune,2025-03,shade,cluttered_yard,False,train
IMG901979,img/placeholder/1979.png,procedural_placeholder,False,Cable,Mixed insulated,CBL-MIX,13.1,Mumbai,2026-06,indoor_tube,floor_mat,False,train
IMG901980,img/placeholder/1980.png,procedural_placeholder,False,PCB,RAM / gold-finger,PCB-RAM,35.2,Mumbai,2026-03,low_light,cluttered_yard,False,train
IMG901981,img/placeholder/1981.png,procedural_placeholder,False,Cable,Mixed insulated,CBL-MIX,44.7,Nashik,2025-07,shade,cluttered_yard,False,val
IMG901982,img/placeholder/1982.png,procedural_placeholder,False,CRT,Colour TV tube,CRT-CTV,37.3,Pune,2025-12,daylight,cluttered_yard,True,train
IMG901983,img/placeholder/1983.png,procedural_placeholder,False,Cable,Mixed insulated,CBL-MIX,21.9,Pimpri-Chinchwad,2026-05,low_light,cluttered_yard,True,val
IMG901984,img/placeholder/1984.png,procedural_placeholder,False,PCB,RAM / gold-finger,PCB-RAM,4.1,Pimpri-Chinchwad,2025-03,shade,shop_counter,False,train
IMG901985,img/placeholder/1985.png,procedural_placeholder,False,CRT,Deflection yoke,CRT-YOK,125.2,Pune,2025-03,shade,shop_counter,False,train
IMG901986,img/placeholder/1986.png,procedural_placeholder,False,PCB,RAM / gold-finger,PCB-RAM,5.0,Pune,2025-07,shade,plain,False,train
IMG901987,img/placeholder/1987.png,procedural_placeholder,False,Motor & magnet-bearing,Compressor motor,MTR-CMP,8.9,Nashik,2026-01,daylight,floor_mat,True,test
IMG901988,img/placeholder/1988.png,procedural_placeholder,False,LCD/LED panel,Laptop panel,LCD-LAP,37.8,Pune,2026-04,daylight,floor_mat,True,val
IMG901989,img/placeholder/1989.png,procedural_placeholder,False,Motor & magnet-bearing,HDD assembly,MTR-HDD,9.7,Nagpur,2026-06,low_light,cluttered_yard,False,train
IMG901990,img/placeholder/1990.png,procedural_placeholder,False,CRT,Colour TV tube,CRT-CTV,80.2,Pimpri-Chinchwad,2026-08,low_light,cart,False,train
IMG901991,img/placeholder/1991.png,procedural_placeholder,False,PCB,Motherboard (high grade),PCB-MBH,5.8,Pimpri-Chinchwad,2026-07,low_light,shop_counter,True,train
IMG901992,img/placeholder/1992.png,procedural_placeholder,False,Battery,Li-ion laptop / phone pack,BAT-LI,5.8,Pune,2025-11,low_light,shop_counter,True,train
IMG901993,img/placeholder/1993.png,procedural_placeholder,False,Cable,Aluminium cable,CBL-AL,45.0,Aurangabad,2025-03,low_light,cluttered_yard,True,train
IMG901994,img/placeholder/1994.png,procedural_placeholder,False,Cable,Mixed insulated,CBL-MIX,46.0,Nagpur,2026-08,shade,floor_mat,False,train
IMG901995,img/placeholder/1995.png,procedural_placeholder,False,PCB,Motherboard (high grade),PCB-MBH,11.5,Mumbai,2025-05,indoor_tube,shop_counter,True,train
IMG901996,img/placeholder/1996.png,procedural_placeholder,False,PCB,Mixed populated board,PCB-MIX,4.1,Pune,2025-09,shade,cluttered_yard,False,train
IMG901997,img/placeholder/1997.png,procedural_placeholder,False,PCB,RAM / gold-finger,PCB-RAM,16.0,Nashik,2026-07,daylight,shop_counter,False,train
IMG901998,img/placeholder/1998.png,procedural_placeholder,False,Cable,Mixed insulated,CBL-MIX,31.9,Nagpur,2026-06,daylight,cluttered_yard,False,train
IMG901999,img/placeholder/1999.png,procedural_placeholder,False,Mixed plastic,HIPS,PLA-HIPS,65.4,Mumbai,2025-12,shade,floor_mat,True,train
IMG902000,img/placeholder/2000.png,procedural_placeholder,False,Cable,Copper household wire,CBL-CU,21.4,Pimpri-Chinchwad,2025-11,shade,cluttered_yard,False,train
IMG902001,img/placeholder/2001.png,procedural_placeholder,False,PCB,RAM / gold-finger,PCB-RAM,13.0,Nagpur,2026-01,low_light,cart,True,train
IMG902002,img/placeholder/2002.png,procedural_placeholder,False,CRT,Deflection yoke,CRT-YOK,49.0,Pune,2026-05,daylight,cluttered_yard,True,train
IMG902003,img/placeholder/2003.png,procedural_placeholder,False,LCD/LED panel,Backlight assembly,LCD-BLA,14.0,Nashik,2026-06,indoor_tube,plain,True,test
IMG902004,img/placeholder/2004.png,procedural_placeholder,False,PCB,GPU / add-on card,PCB-GPU,4.8,Mumbai,2026-07,low_light,plain,False,train
IMG902005,img/placeholder/2005.png,procedural_placeholder,False,Cable,Armoured / data cable,CBL-ARM,42.7,Mumbai,2025-11,daylight,cluttered_yard,False,train
IMG902006,img/placeholder/2006.png,procedural_placeholder,False,Motor & magnet-bearing,Compressor motor,MTR-CMP,11.3,Nagpur,2025-10,shade,cart,False,test
IMG902007,img/placeholder/2007.png,procedural_placeholder,False,PCB,TV / appliance board (low grade),PCB-LOW,20.7,Mumbai,2026-06,shade,shop_counter,True,train
IMG902008,img/placeholder/2008.png,procedural_placeholder,False,PCB,Motherboard (high grade),PCB-MBH,2.7,Mumbai,2026-05,daylight,cluttered_yard,False,train
IMG902009,img/placeholder/2009.png,procedural_placeholder,False,Battery,Button / coin cell,BAT-BTN,2.7,Mumbai,2025-08,daylight,cart,False,val
IMG902010,img/placeholder/2010.png,procedural_placeholder,False,Cable,Aluminium cable,CBL-AL,8.0,Mumbai,2025-05,low_light,cluttered_yard,True,train
IMG902011,img/placeholder/2011.png,procedural_placeholder,False,Cable,Mixed insulated,CBL-MIX,25.2,Pune,2025-07,daylight,floor_mat,False,train
IMG902012,img/placeholder/2012.png,procedural_placeholder,False,Cable,Mixed insulated,CBL-MIX,20.8,Mumbai,2025-05,indoor_tube,cart,False,train
IMG902013,img/placeholder/2013.png,procedural_placeholder,False,Motor & magnet-bearing,HDD assembly,MTR-HDD,75.1,Nashik,2025-10,daylight,floor_mat,True,train
IMG902014,img/placeholder/2014.png,procedural_placeholder,False,Cable,Aluminium cable,CBL-AL,3.6,Pune,2025-05,daylight,cluttered_yard,False,train
IMG902015,img/placeholder/2015.png,procedural_placeholder,False,LCD/LED panel,Backlight assembly,LCD-BLA,18.0,Pune,2026-04,flash,floor_mat,False,train
IMG902016,img/placeholder/2016.png,procedural_placeholder,False,Cable,Mixed insulated,CBL-MIX,3.7,Aurangabad,2026-05,low_light,floor_mat,True,test
IMG902017,img/placeholder/2017.png,procedural_placeholder,False,PCB,Mixed populated board,PCB-MIX,21.3,Pune,2025-05,low_light,cluttered_yard,True,train
IMG902018,img/placeholder/2018.png,procedural_placeholder,False,Cable,Mixed insulated,CBL-MIX,30.2,Mumbai,2026-02,daylight,cart,False,val
IMG902019,img/placeholder/2019.png,procedural_placeholder,False,Mixed plastic,ABS casing,PLA-ABS,27.4,Pune,2026-01,low_light,cluttered_yard,False,train
IMG902020,img/placeholder/2020.png,procedural_placeholder,False,PCB,GPU / add-on card,PCB-GPU,4.7,Pune,2026-01,low_light,floor_mat,False,train
IMG902021,img/placeholder/2021.png,procedural_placeholder,False,Mixed plastic,Mixed dirty,PLA-MIX,200.0,Mumbai,2026-07,indoor_tube,floor_mat,False,test
IMG902022,img/placeholder/2022.png,procedural_placeholder,False,PCB,Motherboard (high grade),PCB-MBH,8.7,Pimpri-Chinchwad,2026-03,shade,cluttered_yard,False,val
IMG902023,img/placeholder/2023.png,procedural_placeholder,False,Motor & magnet-bearing,Small AC/DC motor,MTR-SML,28.0,Pune,2025-11,indoor_tube,cluttered_yard,True,test
IMG902024,img/placeholder/2024.png,procedural_placeholder,False,CRT,Deflection yoke,CRT-YOK,49.0,Aurangabad,2026-06,indoor_tube,floor_mat,False,train
IMG902025,img/placeholder/2025.png,procedural_placeholder,False,Cable,Aluminium cable,CBL-AL,14.6,Nashik,2025-06,low_light,floor_mat,False,train
IMG902026,img/placeholder/2026.png,procedural_placeholder,False,CRT,Monochrome monitor tube,CRT-MON,21.8,Mumbai,2026-02,daylight,cluttered_yard,True,test
IMG902027,img/placeholder/2027.png,procedural_placeholder,False,Cable,Copper household wire,CBL-CU,40.2,Nashik,2026-01,indoor_tube,cart,False,train
IMG902028,img/placeholder/2028.png,procedural_placeholder,False,Cable,Mixed insulated,CBL-MIX,34.9,Pune,2025-06,low_light,cluttered_yard,False,test
IMG902029,img/placeholder/2029.png,procedural_placeholder,False,Cable,Aluminium cable,CBL-AL,26.7,Aurangabad,2026-05,flash,shop_counter,False,train
IMG902030,img/placeholder/2030.png,procedural_placeholder,False,Mixed plastic,HIPS,PLA-HIPS,74.9,Pune,2025-07,indoor_tube,cluttered_yard,False,val
IMG902031,img/placeholder/2031.png,procedural_placeholder,False,CRT,Colour TV tube,CRT-CTV,23.5,Pune,2026-06,flash,floor_mat,False,train
IMG902032,img/placeholder/2032.png,procedural_placeholder,False,Cable,Mixed insulated,CBL-MIX,33.3,Aurangabad,2025-11,daylight,cart,True,train
IMG902033,img/placeholder/2033.png,procedural_placeholder,False,Motor & magnet-bearing,Compressor motor,MTR-CMP,30.2,Mumbai,2025-09,daylight,cluttered_yard,False,train
IMG902034,img/placeholder/2034.png,procedural_placeholder,False,PCB,Mixed populated board,PCB-MIX,2.1,Pune,2025-08,daylight,cart,False,train
IMG902035,img/placeholder/2035.png,procedural_placeholder,False,Cable,Copper household wire,CBL-CU,34.6,Nagpur,2026-06,low_light,cluttered_yard,False,train
IMG902036,img/placeholder/2036.png,procedural_placeholder,False,Cable,Armoured / data cable,CBL-ARM,12.7,Nashik,2025-07,low_light,floor_mat,False,train
IMG902037,img/placeholder/2037.png,procedural_placeholder,False,Battery,Button / coin cell,BAT-BTN,2.8,Mumbai,2025-04,flash,plain,False,test
IMG902038,img/placeholder/2038.png,procedural_placeholder,False,PCB,TV / appliance board (low grade),PCB-LOW,10.2,Pune,2025-09,shade,floor_mat,False,train
IMG902039,img/placeholder/2039.png,procedural_placeholder,False,Motor & magnet-bearing,Small AC/DC motor,MTR-SML,11.5,Pune,2026-07,low_light,cluttered_yard,False,val
IMG902040,img/placeholder/2040.png,procedural_placeholder,False,Mixed plastic,HIPS,PLA-HIPS,13.4,Pune,2026-03,daylight,shop_counter,True,train
IMG902041,img/placeholder/2041.png,procedural_placeholder,False,Mixed plastic,HIPS,PLA-HIPS,29.2,Nashik,2025-03,shade,floor_mat,True,train
IMG902042,img/placeholder/2042.png,procedural_placeholder,False,Mixed plastic,HIPS,PLA-HIPS,10.7,Nashik,2025-07,indoor_tube,floor_mat,True,train
IMG902043,img/placeholder/2043.png,procedural_placeholder,False,PCB,TV / appliance board (low grade),PCB-LOW,11.1,Pimpri-Chinchwad,2026-05,daylight,floor_mat,False,train
IMG902044,img/placeholder/2044.png,procedural_placeholder,False,Cable,Copper household wire,CBL-CU,44.8,Pimpri-Chinchwad,2026-02,indoor_tube,floor_mat,False,test
IMG902045,img/placeholder/2045.png,procedural_placeholder,False,PCB,Mixed populated board,PCB-MIX,19.2,Nagpur,2026-06,daylight,floor_mat,True,test
IMG902046,img/placeholder/2046.png,procedural_placeholder,False,CRT,Monochrome monitor tube,CRT-MON,69.2,Nashik,2025-04,daylight,floor_mat,True,train
IMG902047,img/placeholder/2047.png,procedural_placeholder,False,Battery,Ni-MH,BAT-NIMH,12.6,Mumbai,2025-06,daylight,cluttered_yard,False,val
IMG902048,img/placeholder/2048.png,procedural_placeholder,False,Mixed plastic,PC/ABS blend,PLA-PCABS,9.3,Pune,2025-05,low_light,floor_mat,False,val
IMG902049,img/placeholder/2049.png,procedural_placeholder,False,Cable,Armoured / data cable,CBL-ARM,10.5,Nagpur,2025-04,shade,cluttered_yard,False,train
IMG902050,img/placeholder/2050.png,procedural_placeholder,False,Mixed plastic,ABS casing,PLA-ABS,84.6,Aurangabad,2025-12,daylight,cluttered_yard,True,val
IMG902051,img/placeholder/2051.png,procedural_placeholder,False,LCD/LED panel,Backlight assembly,LCD-BLA,9.5,Pune,2026-04,shade,cart,False,train
IMG902052,img/placeholder/2052.png,procedural_placeholder,False,Mixed plastic,HIPS,PLA-HIPS,49.8,Aurangabad,2025-07,indoor_tube,floor_mat,False,train
IMG902053,img/placeholder/2053.png,procedural_placeholder,False,Mixed plastic,Mixed dirty,PLA-MIX,44.8,Mumbai,2026-03,daylight,floor_mat,True,train
IMG902054,img/placeholder/2054.png,procedural_placeholder,False,Motor & magnet-bearing,Speaker magnet,MTR-SPK,17.3,Mumbai,2026-06,indoor_tube,cluttered_yard,False,val
IMG902055,img/placeholder/2055.png,procedural_placeholder,False,Battery,Button / coin cell,BAT-BTN,8.1,Mumbai,2026-01,indoor_tube,shop_counter,True,val
IMG902056,img/placeholder/2056.png,procedural_placeholder,False,LCD/LED panel,Monitor panel,LCD-MON,53.9,Nashik,2026-07,flash,cluttered_yard,False,train
IMG902057,img/placeholder/2057.png,procedural_placeholder,False,Battery,Li-ion laptop / phone pack,BAT-LI,1.0,Pimpri-Chinchwad,2025-10,daylight,cart,True,train
IMG902058,img/placeholder/2058.png,procedural_placeholder,False,PCB,RAM / gold-finger,PCB-RAM,2.8,Pimpri-Chinchwad,2025-11,shade,floor_mat,True,train
IMG902059,img/placeholder/2059.png,procedural_placeholder,False,Motor & magnet-bearing,Compressor motor,MTR-CMP,43.4,Pune,2025-05,daylight,cluttered_yard,True,test
IMG902060,img/placeholder/2060.png,procedural_placeholder,False,CRT,Deflection yoke,CRT-YOK,26.1,Mumbai,2025-10,daylight,cluttered_yard,False,train
IMG902061,img/placeholder/2061.png,procedural_placeholder,False,CRT,Deflection yoke,CRT-YOK,36.4,Pune,2026-04,indoor_tube,cart,True,val
IMG902062,img/placeholder/2062.png,procedural_placeholder,False,Cable,Aluminium cable,CBL-AL,35.9,Mumbai,2026-02,shade,plain,True,train
IMG902063,img/placeholder/2063.png,procedural_placeholder,False,Motor & magnet-bearing,Compressor motor,MTR-CMP,15.2,Aurangabad,2026-08,low_light,cluttered_yard,False,test
IMG902064,img/placeholder/2064.png,procedural_placeholder,False,Cable,Aluminium cable,CBL-AL,49.0,Nagpur,2025-06,daylight,cluttered_yard,True,train
IMG902065,img/placeholder/2065.png,procedural_placeholder,False,Mixed plastic,HIPS,PLA-HIPS,16.5,Pimpri-Chinchwad,2025-12,indoor_tube,floor_mat,True,train
IMG902066,img/placeholder/2066.png,procedural_placeholder,False,CRT,Monochrome monitor tube,CRT-MON,14.1,Pimpri-Chinchwad,2026-01,indoor_tube,floor_mat,True,val
IMG902067,img/placeholder/2067.png,procedural_placeholder,False,Cable,Mixed insulated,CBL-MIX,8.5,Pune,2025-12,low_light,cluttered_yard,False,train
IMG902068,img/placeholder/2068.png,procedural_placeholder,False,Motor & magnet-bearing,HDD assembly,MTR-HDD,15.5,Mumbai,2026-01,low_light,cluttered_yard,False,train
IMG902069,img/placeholder/2069.png,procedural_placeholder,False,Motor & magnet-bearing,HDD assembly,MTR-HDD,12.1,Aurangabad,2025-07,flash,floor_mat,True,train
IMG902070,img/placeholder/2070.png,procedural_placeholder,False,Mixed plastic,ABS casing,PLA-ABS,58.1,Pune,2025-04,flash,shop_counter,False,test
IMG902071,img/placeholder/2071.png,procedural_placeholder,False,Motor & magnet-bearing,HDD assembly,MTR-HDD,28.0,Pune,2025-07,shade,cluttered_yard,False,train
IMG902072,img/placeholder/2072.png,procedural_placeholder,False,LCD/LED panel,Monitor panel,LCD-MON,3.4,Nagpur,2025-08,daylight,cluttered_yard,False,train
IMG902073,img/placeholder/2073.png,procedural_placeholder,False,Cable,Copper household wire,CBL-CU,17.6,Mumbai,2025-09,daylight,cart,False,train
IMG902074,img/placeholder/2074.png,procedural_placeholder,False,LCD/LED panel,Laptop panel,LCD-LAP,34.8,Pune,2026-07,daylight,floor_mat,True,train
IMG902075,img/placeholder/2075.png,procedural_placeholder,False,Cable,Copper household wire,CBL-CU,146.7,Mumbai,2026-08,daylight,cart,False,train
IMG902076,img/placeholder/2076.png,procedural_placeholder,False,Mixed plastic,ABS casing,PLA-ABS,39.5,Pimpri-Chinchwad,2025-06,low_light,shop_counter,False,train
IMG902077,img/placeholder/2077.png,procedural_placeholder,False,CRT,Monochrome monitor tube,CRT-MON,55.4,Nashik,2026-03,shade,cluttered_yard,False,train
IMG902078,img/placeholder/2078.png,procedural_placeholder,False,Battery,Li-ion laptop / phone pack,BAT-LI,18.8,Nagpur,2026-03,daylight,floor_mat,True,test
IMG902079,img/placeholder/2079.png,procedural_placeholder,False,Mixed plastic,ABS casing,PLA-ABS,14.5,Aurangabad,2026-06,daylight,cluttered_yard,True,train
IMG902080,img/placeholder/2080.png,procedural_placeholder,False,Motor & magnet-bearing,Speaker magnet,MTR-SPK,8.9,Aurangabad,2026-01,indoor_tube,cluttered_yard,False,test
IMG902081,img/placeholder/2081.png,procedural_placeholder,False,Cable,Mixed insulated,CBL-MIX,18.9,Mumbai,2025-08,daylight,cart,False,train
IMG902082,img/placeholder/2082.png,procedural_placeholder,False,LCD/LED panel,Monitor panel,LCD-MON,64.3,Pimpri-Chinchwad,2025-11,shade,cluttered_yard,False,train
IMG902083,img/placeholder/2083.png,procedural_placeholder,False,Cable,Copper household wire,CBL-CU,13.1,Pune,2025-04,indoor_tube,floor_mat,False,train
IMG902084,img/placeholder/2084.png,procedural_placeholder,False,Cable,Mixed insulated,CBL-MIX,60.9,Pune,2026-01,flash,cart,False,train
IMG902085,img/placeholder/2085.png,procedural_placeholder,False,LCD/LED panel,Monitor panel,LCD-MON,15.0,Aurangabad,2026-02,flash,floor_mat,True,train
IMG902086,img/placeholder/2086.png,procedural_placeholder,False,Cable,Armoured / data cable,CBL-ARM,16.3,Pimpri-Chinchwad,2026-01,indoor_tube,floor_mat,True,train
IMG902087,img/placeholder/2087.png,procedural_placeholder,False,Cable,Copper household wire,CBL-CU,26.9,Mumbai,2025-09,low_light,cart,True,train
IMG902088,img/placeholder/2088.png,procedural_placeholder,False,Mixed plastic,HIPS,PLA-HIPS,20.4,Pune,2025-06,low_light,cluttered_yard,False,train
IMG902089,img/placeholder/2089.png,procedural_placeholder,False,Cable,Mixed insulated,CBL-MIX,24.9,Pimpri-Chinchwad,2025-09,shade,cluttered_yard,False,train
IMG902090,img/placeholder/2090.png,procedural_placeholder,False,LCD/LED panel,TV panel,LCD-TV,10.7,Aurangabad,2025-11,daylight,cluttered_yard,True,val
IMG902091,img/placeholder/2091.png,procedural_placeholder,False,PCB,Mixed populated board,PCB-MIX,13.3,Pune,2025-10,daylight,shop_counter,False,train
IMG902092,img/placeholder/2092.png,procedural_placeholder,False,Mixed plastic,PC/ABS blend,PLA-PCABS,35.7,Mumbai,2025-03,shade,cluttered_yard,False,test
IMG902093,img/placeholder/2093.png,procedural_placeholder,False,Battery,Button / coin cell,BAT-BTN,5.5,Pimpri-Chinchwad,2025-12,daylight,cluttered_yard,False,val
IMG902094,img/placeholder/2094.png,procedural_placeholder,False,PCB,Mixed populated board,PCB-MIX,3.8,Pune,2025-06,flash,cart,False,train
IMG902095,img/placeholder/2095.png,procedural_placeholder,False,Cable,Armoured / data cable,CBL-ARM,27.1,Pune,2025-08,flash,cluttered_yard,True,train
IMG902096,img/placeholder/2096.png,procedural_placeholder,False,Battery,Button / coin cell,BAT-BTN,52.4,Nagpur,2025-03,shade,plain,True,train
IMG902097,img/placeholder/2097.png,procedural_placeholder,False,Cable,Copper household wire,CBL-CU,6.4,Mumbai,2025-04,daylight,floor_mat,False,train
IMG902098,img/placeholder/2098.png,procedural_placeholder,False,Battery,Button / coin cell,BAT-BTN,14.8,Nashik,2026-01,daylight,shop_counter,True,val
IMG902099,img/placeholder/2099.png,procedural_placeholder,False,CRT,Deflection yoke,CRT-YOK,30.0,Aurangabad,2025-12,daylight,floor_mat,True,val
IMG902100,img/placeholder/2100.png,procedural_placeholder,False,PCB,Motherboard (high grade),PCB-MBH,44.7,Mumbai,2026-02,low_light,floor_mat,True,val
IMG902101,img/placeholder/2101.png,procedural_placeholder,False,Cable,Copper household wire,CBL-CU,11.5,Pimpri-Chinchwad,2026-01,low_light,floor_mat,False,train
IMG902102,img/placeholder/2102.png,procedural_placeholder,False,Mixed plastic,PC/ABS blend,PLA-PCABS,16.5,Nagpur,2026-01,daylight,cluttered_yard,True,train
IMG902103,img/placeholder/2103.png,procedural_placeholder,False,Mixed plastic,HIPS,PLA-HIPS,4.7,Mumbai,2025-03,daylight,floor_mat,False,val
IMG902104,img/placeholder/2104.png,procedural_placeholder,False,PCB,Mixed populated board,PCB-MIX,5.8,Mumbai,2026-01,daylight,floor_mat,True,train
IMG902105,img/placeholder/2105.png,procedural_placeholder,False,Cable,Armoured / data cable,CBL-ARM,7.8,Nagpur,2026-01,daylight,cluttered_yard,True,train
IMG902106,img/placeholder/2106.png,procedural_placeholder,False,CRT,Deflection yoke,CRT-YOK,15.2,Mumbai,2025-08,shade,floor_mat,True,train
IMG902107,img/placeholder/2107.png,procedural_placeholder,False,Cable,Copper household wire,CBL-CU,7.5,Mumbai,2026-06,shade,floor_mat,False,train
IMG902108,img/placeholder/2108.png,procedural_placeholder,False,LCD/LED panel,TV panel,LCD-TV,6.9,Mumbai,2025-09,indoor_tube,cart,False,train
IMG902109,img/placeholder/2109.png,procedural_placeholder,False,Cable,Aluminium cable,CBL-AL,160.0,Pune,2025-07,indoor_tube,floor_mat,False,val
IMG902110,img/placeholder/2110.png,procedural_placeholder,False,Mixed plastic,ABS casing,PLA-ABS,106.4,Pune,2025-10,daylight,plain,False,train
IMG902111,img/placeholder/2111.png,procedural_placeholder,False,PCB,GPU / add-on card,PCB-GPU,27.0,Nashik,2026-02,daylight,floor_mat,False,train
IMG902112,img/placeholder/2112.png,procedural_placeholder,False,Mixed plastic,Mixed dirty,PLA-MIX,17.4,Pune,2026-04,indoor_tube,shop_counter,True,train
IMG902113,img/placeholder/2113.png,procedural_placeholder,False,Mixed plastic,Mixed dirty,PLA-MIX,59.8,Aurangabad,2025-07,indoor_tube,shop_counter,True,test
IMG902114,img/placeholder/2114.png,procedural_placeholder,False,Motor & magnet-bearing,HDD assembly,MTR-HDD,18.6,Nashik,2026-05,shade,plain,False,train
IMG902115,img/placeholder/2115.png,procedural_placeholder,False,Motor & magnet-bearing,Small AC/DC motor,MTR-SML,16.7,Pune,2026-04,daylight,cart,False,train
IMG902116,img/placeholder/2116.png,procedural_placeholder,False,Battery,Li-ion laptop / phone pack,BAT-LI,5.5,Nagpur,2026-08,shade,cluttered_yard,True,train
IMG902117,img/placeholder/2117.png,procedural_placeholder,False,Motor & magnet-bearing,HDD assembly,MTR-HDD,15.8,Pimpri-Chinchwad,2026-05,indoor_tube,plain,False,train
IMG902118,img/placeholder/2118.png,procedural_placeholder,False,Cable,Mixed insulated,CBL-MIX,13.9,Nagpur,2026-04,shade,shop_counter,True,train
IMG902119,img/placeholder/2119.png,procedural_placeholder,False,Motor & magnet-bearing,Small AC/DC motor,MTR-SML,3.6,Nashik,2025-07,indoor_tube,shop_counter,False,train
IMG902120,img/placeholder/2120.png,procedural_placeholder,False,PCB,GPU / add-on card,PCB-GPU,6.8,Aurangabad,2026-01,low_light,cluttered_yard,False,train
IMG902121,img/placeholder/2121.png,procedural_placeholder,False,Motor & magnet-bearing,Compressor motor,MTR-CMP,5.3,Mumbai,2025-08,shade,cluttered_yard,False,train
IMG902122,img/placeholder/2122.png,procedural_placeholder,False,Battery,Li-ion laptop / phone pack,BAT-LI,1.7,Pune,2026-07,low_light,floor_mat,True,train
IMG902123,img/placeholder/2123.png,procedural_placeholder,False,CRT,Deflection yoke,CRT-YOK,25.6,Nagpur,2025-10,low_light,cluttered_yard,False,train
IMG902124,img/placeholder/2124.png,procedural_placeholder,False,Mixed plastic,ABS casing,PLA-ABS,6.3,Pune,2025-04,daylight,floor_mat,True,train
IMG902125,img/placeholder/2125.png,procedural_placeholder,False,Battery,Button / coin cell,BAT-BTN,13.0,Mumbai,2025-04,indoor_tube,plain,True,train
IMG902126,img/placeholder/2126.png,procedural_placeholder,False,PCB,TV / appliance board (low grade),PCB-LOW,4.9,Nashik,2025-04,shade,cart,True,train
IMG902127,img/placeholder/2127.png,procedural_placeholder,False,Battery,Button / coin cell,BAT-BTN,4.8,Nashik,2025-11,shade,cluttered_yard,True,train
IMG902128,img/placeholder/2128.png,procedural_placeholder,False,PCB,Mixed populated board,PCB-MIX,7.1,Nashik,2025-10,low_light,cluttered_yard,True,train
IMG902129,img/placeholder/2129.png,procedural_placeholder,False,Motor & magnet-bearing,Small AC/DC motor,MTR-SML,68.3,Mumbai,2026-04,daylight,floor_mat,True,train
IMG902130,img/placeholder/2130.png,procedural_placeholder,False,PCB,GPU / add-on card,PCB-GPU,8.9,Mumbai,2025-09,flash,floor_mat,False,train
IMG902131,img/placeholder/2131.png,procedural_placeholder,False,Cable,Copper household wire,CBL-CU,22.7,Nashik,2026-04,shade,plain,True,val
IMG902132,img/placeholder/2132.png,procedural_placeholder,False,Cable,Aluminium cable,CBL-AL,104.3,Aurangabad,2026-04,daylight,floor_mat,False,train
IMG902133,img/placeholder/2133.png,procedural_placeholder,False,Cable,Aluminium cable,CBL-AL,73.9,Aurangabad,2026-07,low_light,shop_counter,False,train
IMG902134,img/placeholder/2134.png,procedural_placeholder,False,Motor & magnet-bearing,Small AC/DC motor,MTR-SML,5.3,Nashik,2025-05,shade,floor_mat,False,train
IMG902135,img/placeholder/2135.png,procedural_placeholder,False,Mixed plastic,Mixed dirty,PLA-MIX,60.1,Pune,2026-02,shade,plain,True,train
IMG902136,img/placeholder/2136.png,procedural_placeholder,False,Cable,Armoured / data cable,CBL-ARM,12.4,Mumbai,2026-04,daylight,cart,True,train
IMG902137,img/placeholder/2137.png,procedural_placeholder,False,LCD/LED panel,TV panel,LCD-TV,14.2,Nagpur,2026-02,indoor_tube,cluttered_yard,True,val
IMG902138,img/placeholder/2138.png,procedural_placeholder,False,Mixed plastic,PC/ABS blend,PLA-PCABS,75.6,Mumbai,2025-08,shade,floor_mat,False,train
IMG902139,img/placeholder/2139.png,procedural_placeholder,False,Mixed plastic,HIPS,PLA-HIPS,153.2,Nagpur,2026-02,shade,cluttered_yard,True,train
IMG902140,img/placeholder/2140.png,procedural_placeholder,False,PCB,Motherboard (high grade),PCB-MBH,9.0,Nashik,2025-05,daylight,cluttered_yard,False,train
IMG902141,img/placeholder/2141.png,procedural_placeholder,False,PCB,GPU / add-on card,PCB-GPU,6.2,Pimpri-Chinchwad,2026-08,daylight,cart,False,val
IMG902142,img/placeholder/2142.png,procedural_placeholder,False,Cable,Copper household wire,CBL-CU,55.5,Aurangabad,2025-03,flash,floor_mat,True,train
IMG902143,img/placeholder/2143.png,procedural_placeholder,False,PCB,RAM / gold-finger,PCB-RAM,10.8,Nashik,2025-12,shade,floor_mat,False,test
IMG902144,img/placeholder/2144.png,procedural_placeholder,False,Cable,Aluminium cable,CBL-AL,51.9,Mumbai,2025-05,shade,cluttered_yard,False,train
IMG902145,img/placeholder/2145.png,procedural_placeholder,False,PCB,Motherboard (high grade),PCB-MBH,14.4,Pune,2025-08,indoor_tube,cluttered_yard,False,train
IMG902146,img/placeholder/2146.png,procedural_placeholder,False,Battery,Li-ion laptop / phone pack,BAT-LI,4.6,Pimpri-Chinchwad,2025-05,daylight,plain,False,test
IMG902147,img/placeholder/2147.png,procedural_placeholder,False,CRT,Colour TV tube,CRT-CTV,70.6,Nashik,2025-06,daylight,cluttered_yard,False,train
IMG902148,img/placeholder/2148.png,procedural_placeholder,False,Battery,Ni-MH,BAT-NIMH,4.6,Pune,2026-01,daylight,plain,True,val
IMG902149,img/placeholder/2149.png,procedural_placeholder,False,PCB,Mixed populated board,PCB-MIX,3.8,Mumbai,2026-06,indoor_tube,cluttered_yard,False,train
IMG902150,img/placeholder/2150.png,procedural_placeholder,False,CRT,Deflection yoke,CRT-YOK,14.1,Mumbai,2025-06,daylight,cart,True,val
IMG902151,img/placeholder/2151.png,procedural_placeholder,False,Cable,Armoured / data cable,CBL-ARM,41.2,Aurangabad,2025-07,daylight,cart,False,train
IMG902152,img/placeholder/2152.png,procedural_placeholder,False,LCD/LED panel,TV panel,LCD-TV,27.5,Mumbai,2026-08,daylight,floor_mat,True,train
IMG902153,img/placeholder/2153.png,procedural_placeholder,False,CRT,Deflection yoke,CRT-YOK,53.2,Pune,2026-01,indoor_tube,cluttered_yard,True,test
IMG902154,img/placeholder/2154.png,procedural_placeholder,False,LCD/LED panel,Laptop panel,LCD-LAP,47.0,Pimpri-Chinchwad,2025-04,daylight,cart,True,train
IMG902155,img/placeholder/2155.png,procedural_placeholder,False,PCB,RAM / gold-finger,PCB-RAM,6.4,Aurangabad,2025-03,low_light,shop_counter,False,train
IMG902156,img/placeholder/2156.png,procedural_placeholder,False,PCB,TV / appliance board (low grade),PCB-LOW,16.1,Mumbai,2025-05,daylight,cart,False,train
IMG902157,img/placeholder/2157.png,procedural_placeholder,False,Battery,Button / coin cell,BAT-BTN,18.5,Mumbai,2025-03,daylight,plain,True,train
IMG902158,img/placeholder/2158.png,procedural_placeholder,False,Mixed plastic,PC/ABS blend,PLA-PCABS,39.6,Mumbai,2025-05,shade,cart,False,train
IMG902159,img/placeholder/2159.png,procedural_placeholder,False,Cable,Mixed insulated,CBL-MIX,4.5,Nashik,2026-03,indoor_tube,cluttered_yard,True,train
IMG902160,img/placeholder/2160.png,procedural_placeholder,False,Battery,Lead-acid,BAT-PB,2.7,Nashik,2026-06,indoor_tube,floor_mat,True,test
IMG902161,img/placeholder/2161.png,procedural_placeholder,False,LCD/LED panel,TV panel,LCD-TV,6.3,Nagpur,2026-02,indoor_tube,cart,False,val
IMG902162,img/placeholder/2162.png,procedural_placeholder,False,CRT,Monochrome monitor tube,CRT-MON,56.5,Pune,2025-07,shade,cart,False,train
IMG902163,img/placeholder/2163.png,procedural_placeholder,False,PCB,RAM / gold-finger,PCB-RAM,14.3,Mumbai,2026-08,daylight,cluttered_yard,True,train
IMG902164,img/placeholder/2164.png,procedural_placeholder,False,Mixed plastic,HIPS,PLA-HIPS,42.6,Nashik,2025-10,indoor_tube,cluttered_yard,False,train
IMG902165,img/placeholder/2165.png,procedural_placeholder,False,LCD/LED panel,TV panel,LCD-TV,90.0,Pune,2026-01,shade,cart,True,val
IMG902166,img/placeholder/2166.png,procedural_placeholder,False,CRT,Deflection yoke,CRT-YOK,30.4,Nagpur,2025-10,low_light,shop_counter,True,train
IMG902167,img/placeholder/2167.png,procedural_placeholder,False,Cable,Armoured / data cable,CBL-ARM,37.1,Mumbai,2025-03,shade,shop_counter,True,test
IMG902168,img/placeholder/2168.png,procedural_placeholder,False,Battery,Lead-acid,BAT-PB,3.2,Nashik,2025-03,indoor_tube,cart,True,val
IMG902169,img/placeholder/2169.png,procedural_placeholder,False,CRT,Colour TV tube,CRT-CTV,33.0,Pune,2025-10,daylight,floor_mat,True,train
IMG902170,img/placeholder/2170.png,procedural_placeholder,False,CRT,Deflection yoke,CRT-YOK,55.4,Mumbai,2025-06,daylight,cart,True,val
IMG902171,img/placeholder/2171.png,procedural_placeholder,False,Cable,Aluminium cable,CBL-AL,53.0,Nashik,2025-04,indoor_tube,cluttered_yard,False,train
IMG902172,img/placeholder/2172.png,procedural_placeholder,False,Mixed plastic,PC/ABS blend,PLA-PCABS,17.2,Pimpri-Chinchwad,2025-06,daylight,plain,False,train
IMG902173,img/placeholder/2173.png,procedural_placeholder,False,Motor & magnet-bearing,Compressor motor,MTR-CMP,20.1,Aurangabad,2025-04,shade,cart,False,train
IMG902174,img/placeholder/2174.png,procedural_placeholder,False,Cable,Armoured / data cable,CBL-ARM,23.8,Mumbai,2026-06,daylight,floor_mat,False,train
IMG902175,img/placeholder/2175.png,procedural_placeholder,False,Mixed plastic,PC/ABS blend,PLA-PCABS,34.7,Aurangabad,2025-04,indoor_tube,floor_mat,True,train
IMG902176,img/placeholder/2176.png,procedural_placeholder,False,Battery,Li-ion laptop / phone pack,BAT-LI,2.7,Pimpri-Chinchwad,2026-07,daylight,cluttered_yard,False,train
IMG902177,img/placeholder/2177.png,procedural_placeholder,False,Cable,Copper household wire,CBL-CU,13.2,Aurangabad,2025-10,indoor_tube,floor_mat,True,train
IMG902178,img/placeholder/2178.png,procedural_placeholder,False,Cable,Armoured / data cable,CBL-ARM,34.7,Mumbai,2025-06,low_light,floor_mat,True,train
IMG902179,img/placeholder/2179.png,procedural_placeholder,False,Battery,Ni-MH,BAT-NIMH,9.7,Nashik,2026-03,indoor_tube,floor_mat,False,val
IMG902180,img/placeholder/2180.png,procedural_placeholder,False,Cable,Armoured / data cable,CBL-ARM,36.3,Mumbai,2025-03,daylight,cart,False,test
IMG902181,img/placeholder/2181.png,procedural_placeholder,False,PCB,Motherboard (high grade),PCB-MBH,11.5,Aurangabad,2025-05,flash,shop_counter,True,train
IMG902182,img/placeholder/2182.png,procedural_placeholder,False,Motor & magnet-bearing,HDD assembly,MTR-HDD,31.2,Pune,2025-12,daylight,floor_mat,False,val
IMG902183,img/placeholder/2183.png,procedural_placeholder,False,Cable,Copper household wire,CBL-CU,47.1,Pune,2025-05,daylight,cluttered_yard,False,test
IMG902184,img/placeholder/2184.png,procedural_placeholder,False,LCD/LED panel,Monitor panel,LCD-MON,18.6,Pimpri-Chinchwad,2026-04,shade,cluttered_yard,True,val
IMG902185,img/placeholder/2185.png,procedural_placeholder,False,Cable,Copper household wire,CBL-CU,38.0,Nashik,2025-11,daylight,cluttered_yard,False,val
IMG902186,img/placeholder/2186.png,procedural_placeholder,False,Cable,Aluminium cable,CBL-AL,19.4,Pune,2025-07,flash,shop_counter,True,test
IMG902187,img/placeholder/2187.png,procedural_placeholder,False,PCB,GPU / add-on card,PCB-GPU,0.6,Pune,2026-03,low_light,cart,False,train
IMG902188,img/placeholder/2188.png,procedural_placeholder,False,Battery,Ni-MH,BAT-NIMH,35.7,Nashik,2026-01,shade,floor_mat,True,train
IMG902189,img/placeholder/2189.png,procedural_placeholder,False,Battery,Button / coin cell,BAT-BTN,7.8,Aurangabad,2025-04,daylight,floor_mat,False,train
IMG902190,img/placeholder/2190.png,procedural_placeholder,False,Cable,Armoured / data cable,CBL-ARM,34.4,Aurangabad,2026-04,daylight,cluttered_yard,False,train
IMG902191,img/placeholder/2191.png,procedural_placeholder,False,Cable,Armoured / data cable,CBL-ARM,27.6,Nagpur,2026-02,shade,cart,False,val
IMG902192,img/placeholder/2192.png,procedural_placeholder,False,Mixed plastic,Mixed dirty,PLA-MIX,26.0,Aurangabad,2026-04,indoor_tube,shop_counter,False,train
IMG902193,img/placeholder/2193.png,procedural_placeholder,False,Mixed plastic,PC/ABS blend,PLA-PCABS,17.1,Pune,2025-10,daylight,cluttered_yard,False,train
IMG902194,img/placeholder/2194.png,procedural_placeholder,False,Battery,Li-ion laptop / phone pack,BAT-LI,12.3,Pune,2026-01,daylight,floor_mat,False,train
IMG902195,img/placeholder/2195.png,procedural_placeholder,False,Motor & magnet-bearing,HDD assembly,MTR-HDD,22.8,Pune,2026-05,daylight,cart,True,train
IMG902196,img/placeholder/2196.png,procedural_placeholder,False,PCB,TV / appliance board (low grade),PCB-LOW,1.3,Aurangabad,2026-06,shade,floor_mat,True,train
IMG902197,img/placeholder/2197.png,procedural_placeholder,False,Cable,Aluminium cable,CBL-AL,8.0,Pune,2026-06,daylight,floor_mat,True,train
IMG902198,img/placeholder/2198.png,procedural_placeholder,False,Motor & magnet-bearing,Small AC/DC motor,MTR-SML,10.5,Nashik,2026-03,indoor_tube,plain,True,train
IMG902199,img/placeholder/2199.png,procedural_placeholder,False,Mixed plastic,Mixed dirty,PLA-MIX,12.8,Pimpri-Chinchwad,2025-06,shade,floor_mat,True,train
IMG902200,img/placeholder/2200.png,procedural_placeholder,False,PCB,Motherboard (high grade),PCB-MBH,4.5,Pune,2025-06,shade,cluttered_yard,True,train
IMG902201,img/placeholder/2201.png,procedural_placeholder,False,PCB,RAM / gold-finger,PCB-RAM,4.5,Mumbai,2025-05,shade,cluttered_yard,False,train
IMG902202,img/placeholder/2202.png,procedural_placeholder,False,Motor & magnet-bearing,Compressor motor,MTR-CMP,11.9,Mumbai,2026-07,daylight,cluttered_yard,False,train
IMG902203,img/placeholder/2203.png,procedural_placeholder,False,Mixed plastic,HIPS,PLA-HIPS,40.7,Aurangabad,2026-02,shade,cart,False,test
IMG902204,img/placeholder/2204.png,procedural_placeholder,False,Mixed plastic,PC/ABS blend,PLA-PCABS,31.6,Mumbai,2025-04,shade,cluttered_yard,False,train
IMG902205,img/placeholder/2205.png,procedural_placeholder,False,LCD/LED panel,Monitor panel,LCD-MON,8.4,Aurangabad,2026-06,flash,cart,False,val
IMG902206,img/placeholder/2206.png,procedural_placeholder,False,LCD/LED panel,Laptop panel,LCD-LAP,5.5,Pune,2025-08,shade,cluttered_yard,False,train
IMG902207,img/placeholder/2207.png,procedural_placeholder,False,Cable,Copper household wire,CBL-CU,58.2,Aurangabad,2026-06,shade,cluttered_yard,False,val
IMG902208,img/placeholder/2208.png,procedural_placeholder,False,PCB,RAM / gold-finger,PCB-RAM,20.7,Nashik,2026-06,daylight,cluttered_yard,False,train
IMG902209,img/placeholder/2209.png,procedural_placeholder,False,Battery,Ni-MH,BAT-NIMH,14.3,Pune,2026-01,shade,cart,False,train
IMG902210,img/placeholder/2210.png,procedural_placeholder,False,CRT,Deflection yoke,CRT-YOK,25.1,Nashik,2025-06,indoor_tube,floor_mat,False,train
IMG902211,img/placeholder/2211.png,procedural_placeholder,False,Cable,Copper household wire,CBL-CU,9.5,Mumbai,2025-08,daylight,floor_mat,False,train
IMG902212,img/placeholder/2212.png,procedural_placeholder,False,Battery,Li-ion laptop / phone pack,BAT-LI,1.0,Aurangabad,2025-07,low_light,floor_mat,True,test
IMG902213,img/placeholder/2213.png,procedural_placeholder,False,PCB,RAM / gold-finger,PCB-RAM,38.9,Pune,2026-08,shade,cluttered_yard,True,val
IMG902214,img/placeholder/2214.png,procedural_placeholder,False,Mixed plastic,HIPS,PLA-HIPS,15.3,Pimpri-Chinchwad,2025-10,low_light,shop_counter,False,train
IMG902215,img/placeholder/2215.png,procedural_placeholder,False,CRT,Monochrome monitor tube,CRT-MON,75.3,Aurangabad,2025-05,shade,cluttered_yard,True,train
IMG902216,img/placeholder/2216.png,procedural_placeholder,False,Cable,Copper household wire,CBL-CU,47.8,Pimpri-Chinchwad,2026-08,indoor_tube,cluttered_yard,True,train
IMG902217,img/placeholder/2217.png,procedural_placeholder,False,Cable,Copper household wire,CBL-CU,43.8,Nashik,2025-07,daylight,shop_counter,True,val
IMG902218,img/placeholder/2218.png,procedural_placeholder,False,Mixed plastic,PC/ABS blend,PLA-PCABS,20.9,Pune,2025-07,indoor_tube,cart,False,train
IMG902219,img/placeholder/2219.png,procedural_placeholder,False,Motor & magnet-bearing,Small AC/DC motor,MTR-SML,9.9,Mumbai,2026-05,indoor_tube,cart,True,train
IMG902220,img/placeholder/2220.png,procedural_placeholder,False,Cable,Copper household wire,CBL-CU,41.0,Pune,2025-09,low_light,cluttered_yard,True,train
IMG902221,img/placeholder/2221.png,procedural_placeholder,False,PCB,Motherboard (high grade),PCB-MBH,5.5,Mumbai,2025-08,daylight,cluttered_yard,False,train
IMG902222,img/placeholder/2222.png,procedural_placeholder,False,LCD/LED panel,Laptop panel,LCD-LAP,29.0,Nagpur,2026-06,shade,floor_mat,True,train
IMG902223,img/placeholder/2223.png,procedural_placeholder,False,Cable,Copper household wire,CBL-CU,101.7,Mumbai,2025-09,daylight,cluttered_yard,True,train
IMG902224,img/placeholder/2224.png,procedural_placeholder,False,LCD/LED panel,Backlight assembly,LCD-BLA,16.9,Aurangabad,2026-03,daylight,cart,False,train
IMG902225,img/placeholder/2225.png,procedural_placeholder,False,Cable,Mixed insulated,CBL-MIX,77.1,Nashik,2026-05,daylight,cluttered_yard,False,val
IMG902226,img/placeholder/2226.png,procedural_placeholder,False,CRT,Colour TV tube,CRT-CTV,21.5,Pune,2026-02,daylight,shop_counter,True,test
IMG902227,img/placeholder/2227.png,procedural_placeholder,False,Motor & magnet-bearing,Small AC/DC motor,MTR-SML,13.3,Aurangabad,2026-06,flash,floor_mat,True,train
IMG902228,img/placeholder/2228.png,procedural_placeholder,False,Mixed plastic,PC/ABS blend,PLA-PCABS,51.9,Pimpri-Chinchwad,2026-05,low_light,shop_counter,False,train
IMG902229,img/placeholder/2229.png,procedural_placeholder,False,Mixed plastic,PC/ABS blend,PLA-PCABS,26.1,Pune,2026-04,shade,cluttered_yard,False,val
IMG902230,img/placeholder/2230.png,procedural_placeholder,False,Motor & magnet-bearing,Speaker magnet,MTR-SPK,5.0,Mumbai,2026-01,indoor_tube,plain,False,train
IMG902231,img/placeholder/2231.png,procedural_placeholder,False,Cable,Mixed insulated,CBL-MIX,12.8,Pune,2025-04,daylight,cart,True,train
IMG902232,img/placeholder/2232.png,procedural_placeholder,False,Mixed plastic,PC/ABS blend,PLA-PCABS,25.9,Nashik,2025-05,shade,cluttered_yard,True,train
IMG902233,img/placeholder/2233.png,procedural_placeholder,False,Motor & magnet-bearing,HDD assembly,MTR-HDD,18.4,Nashik,2026-03,daylight,cluttered_yard,False,train
IMG902234,img/placeholder/2234.png,procedural_placeholder,False,PCB,GPU / add-on card,PCB-GPU,5.3,Pimpri-Chinchwad,2025-04,low_light,floor_mat,False,train
IMG902235,img/placeholder/2235.png,procedural_placeholder,False,Cable,Armoured / data cable,CBL-ARM,20.0,Nashik,2026-04,flash,floor_mat,False,train
IMG902236,img/placeholder/2236.png,procedural_placeholder,False,Battery,Lead-acid,BAT-PB,6.8,Nashik,2025-06,indoor_tube,cluttered_yard,True,train
IMG902237,img/placeholder/2237.png,procedural_placeholder,False,Battery,Button / coin cell,BAT-BTN,13.9,Nagpur,2025-12,indoor_tube,cart,False,train
IMG902238,img/placeholder/2238.png,procedural_placeholder,False,Cable,Aluminium cable,CBL-AL,45.5,Mumbai,2026-01,shade,floor_mat,False,train
IMG902239,img/placeholder/2239.png,procedural_placeholder,False,Mixed plastic,ABS casing,PLA-ABS,119.2,Aurangabad,2026-08,daylight,cluttered_yard,False,val
IMG902240,img/placeholder/2240.png,procedural_placeholder,False,CRT,Monochrome monitor tube,CRT-MON,51.6,Pune,2025-12,daylight,cluttered_yard,False,train
IMG902241,img/placeholder/2241.png,procedural_placeholder,False,PCB,TV / appliance board (low grade),PCB-LOW,5.1,Pune,2026-05,daylight,cluttered_yard,False,train
IMG902242,img/placeholder/2242.png,procedural_placeholder,False,Battery,Button / coin cell,BAT-BTN,3.9,Mumbai,2026-07,daylight,plain,True,val
IMG902243,img/placeholder/2243.png,procedural_placeholder,False,Cable,Armoured / data cable,CBL-ARM,15.6,Aurangabad,2025-11,indoor_tube,cluttered_yard,False,test
IMG902244,img/placeholder/2244.png,procedural_placeholder,False,Cable,Copper household wire,CBL-CU,12.6,Mumbai,2025-03,shade,plain,False,val
IMG902245,img/placeholder/2245.png,procedural_placeholder,False,Motor & magnet-bearing,Small AC/DC motor,MTR-SML,15.0,Nagpur,2025-03,daylight,floor_mat,True,train
IMG902246,img/placeholder/2246.png,procedural_placeholder,False,CRT,Deflection yoke,CRT-YOK,25.8,Nagpur,2025-11,daylight,cart,False,val
IMG902247,img/placeholder/2247.png,procedural_placeholder,False,CRT,Monochrome monitor tube,CRT-MON,29.0,Nashik,2025-08,low_light,cart,True,train
IMG902248,img/placeholder/2248.png,procedural_placeholder,False,Battery,Ni-MH,BAT-NIMH,33.6,Nashik,2025-03,low_light,floor_mat,True,train
IMG902249,img/placeholder/2249.png,procedural_placeholder,False,Motor & magnet-bearing,HDD assembly,MTR-HDD,21.3,Pune,2025-07,low_light,shop_counter,False,train
IMG902250,img/placeholder/2250.png,procedural_placeholder,False,PCB,Mixed populated board,PCB-MIX,6.1,Mumbai,2025-04,daylight,cluttered_yard,False,test
IMG902251,img/placeholder/2251.png,procedural_placeholder,False,Motor & magnet-bearing,Speaker magnet,MTR-SPK,9.4,Pimpri-Chinchwad,2025-07,shade,floor_mat,False,train
IMG902252,img/placeholder/2252.png,procedural_placeholder,False,Motor & magnet-bearing,Speaker magnet,MTR-SPK,5.2,Mumbai,2025-11,indoor_tube,cart,False,test
IMG902253,img/placeholder/2253.png,procedural_placeholder,False,PCB,Mixed populated board,PCB-MIX,2.3,Nashik,2025-11,low_light,cluttered_yard,True,test
IMG902254,img/placeholder/2254.png,procedural_placeholder,False,Cable,Aluminium cable,CBL-AL,7.9,Pimpri-Chinchwad,2025-03,shade,plain,True,val
IMG902255,img/placeholder/2255.png,procedural_placeholder,False,Mixed plastic,Mixed dirty,PLA-MIX,36.6,Nagpur,2025-04,daylight,cluttered_yard,True,train
IMG902256,img/placeholder/2256.png,procedural_placeholder,False,CRT,Colour TV tube,CRT-CTV,49.8,Pune,2025-05,flash,shop_counter,True,val
IMG902257,img/placeholder/2257.png,procedural_placeholder,False,Cable,Armoured / data cable,CBL-ARM,4.9,Mumbai,2025-03,shade,cart,False,train
IMG902258,img/placeholder/2258.png,procedural_placeholder,False,LCD/LED panel,Backlight assembly,LCD-BLA,43.6,Pune,2025-04,shade,cluttered_yard,False,train
IMG902259,img/placeholder/2259.png,procedural_placeholder,False,Cable,Armoured / data cable,CBL-ARM,21.3,Pimpri-Chinchwad,2025-03,shade,plain,True,train
IMG902260,img/placeholder/2260.png,procedural_placeholder,False,Battery,Li-ion laptop / phone pack,BAT-LI,8.2,Pimpri-Chinchwad,2025-11,shade,cluttered_yard,False,train
IMG902261,img/placeholder/2261.png,procedural_placeholder,False,Battery,Ni-MH,BAT-NIMH,2.0,Aurangabad,2025-09,low_light,floor_mat,True,val
IMG902262,img/placeholder/2262.png,procedural_placeholder,False,Cable,Mixed insulated,CBL-MIX,70.2,Mumbai,2025-03,daylight,cluttered_yard,True,train
IMG902263,img/placeholder/2263.png,procedural_placeholder,False,Mixed plastic,ABS casing,PLA-ABS,17.1,Mumbai,2025-10,daylight,shop_counter,True,val
IMG902264,img/placeholder/2264.png,procedural_placeholder,False,LCD/LED panel,Monitor panel,LCD-MON,3.4,Aurangabad,2025-05,shade,cluttered_yard,False,train
IMG902265,img/placeholder/2265.png,procedural_placeholder,False,CRT,Colour TV tube,CRT-CTV,58.3,Mumbai,2025-04,daylight,floor_mat,False,train
IMG902266,img/placeholder/2266.png,procedural_placeholder,False,Cable,Mixed insulated,CBL-MIX,51.6,Nashik,2025-05,indoor_tube,cluttered_yard,False,train
IMG902267,img/placeholder/2267.png,procedural_placeholder,False,Mixed plastic,ABS casing,PLA-ABS,17.4,Aurangabad,2026-04,daylight,cluttered_yard,True,train
IMG902268,img/placeholder/2268.png,procedural_placeholder,False,Cable,Copper household wire,CBL-CU,19.9,Nashik,2025-05,low_light,cart,False,train
IMG902269,img/placeholder/2269.png,procedural_placeholder,False,Cable,Copper household wire,CBL-CU,18.0,Mumbai,2025-11,daylight,cluttered_yard,False,train
IMG902270,img/placeholder/2270.png,procedural_placeholder,False,Cable,Mixed insulated,CBL-MIX,21.7,Nagpur,2025-09,daylight,shop_counter,True,test
IMG902271,img/placeholder/2271.png,procedural_placeholder,False,Cable,Copper household wire,CBL-CU,50.5,Nashik,2025-10,indoor_tube,cluttered_yard,True,test
IMG902272,img/placeholder/2272.png,procedural_placeholder,False,Battery,Ni-MH,BAT-NIMH,5.0,Nagpur,2025-06,shade,floor_mat,True,val
IMG902273,img/placeholder/2273.png,procedural_placeholder,False,Mixed plastic,HIPS,PLA-HIPS,33.5,Nagpur,2026-05,shade,floor_mat,False,test
IMG902274,img/placeholder/2274.png,procedural_placeholder,False,Battery,Li-ion laptop / phone pack,BAT-LI,32.8,Pimpri-Chinchwad,2026-05,daylight,cluttered_yard,True,train
IMG902275,img/placeholder/2275.png,procedural_placeholder,False,CRT,Colour TV tube,CRT-CTV,22.0,Pimpri-Chinchwad,2026-02,flash,floor_mat,True,val
IMG902276,img/placeholder/2276.png,procedural_placeholder,False,CRT,Deflection yoke,CRT-YOK,33.7,Pune,2025-06,indoor_tube,cluttered_yard,False,test
IMG902277,img/placeholder/2277.png,procedural_placeholder,False,Cable,Aluminium cable,CBL-AL,35.8,Pune,2025-06,daylight,shop_counter,True,train
IMG902278,img/placeholder/2278.png,procedural_placeholder,False,Mixed plastic,ABS casing,PLA-ABS,29.4,Nashik,2025-08,daylight,shop_counter,True,train
IMG902279,img/placeholder/2279.png,procedural_placeholder,False,LCD/LED panel,Laptop panel,LCD-LAP,14.9,Aurangabad,2026-04,daylight,cluttered_yard,True,test
IMG902280,img/placeholder/2280.png,procedural_placeholder,False,PCB,Motherboard (high grade),PCB-MBH,4.5,Mumbai,2025-11,daylight,shop_counter,False,val
IMG902281,img/placeholder/2281.png,procedural_placeholder,False,Battery,Li-ion laptop / phone pack,BAT-LI,15.2,Pune,2026-05,daylight,cluttered_yard,True,train
IMG902282,img/placeholder/2282.png,procedural_placeholder,False,PCB,RAM / gold-finger,PCB-RAM,7.8,Mumbai,2025-12,daylight,cluttered_yard,False,train
IMG902283,img/placeholder/2283.png,procedural_placeholder,False,Mixed plastic,HIPS,PLA-HIPS,22.8,Aurangabad,2025-10,daylight,floor_mat,True,val
IMG902284,img/placeholder/2284.png,procedural_placeholder,False,Motor & magnet-bearing,HDD assembly,MTR-HDD,14.9,Pimpri-Chinchwad,2026-04,indoor_tube,cart,False,train
IMG902285,img/placeholder/2285.png,procedural_placeholder,False,Cable,Copper household wire,CBL-CU,160.0,Mumbai,2026-04,shade,cart,True,train
IMG902286,img/placeholder/2286.png,procedural_placeholder,False,Mixed plastic,HIPS,PLA-HIPS,39.0,Mumbai,2025-08,daylight,cluttered_yard,True,train
IMG902287,img/placeholder/2287.png,procedural_placeholder,False,PCB,Mixed populated board,PCB-MIX,20.9,Mumbai,2025-06,low_light,cluttered_yard,True,train
IMG902288,img/placeholder/2288.png,procedural_placeholder,False,Cable,Armoured / data cable,CBL-ARM,50.8,Aurangabad,2026-04,indoor_tube,cluttered_yard,False,val
IMG902289,img/placeholder/2289.png,procedural_placeholder,False,Mixed plastic,HIPS,PLA-HIPS,33.4,Nashik,2026-03,indoor_tube,cart,True,train
IMG902290,img/placeholder/2290.png,procedural_placeholder,False,Cable,Armoured / data cable,CBL-ARM,91.6,Aurangabad,2026-01,daylight,cluttered_yard,True,train
IMG902291,img/placeholder/2291.png,procedural_placeholder,False,Cable,Copper household wire,CBL-CU,52.7,Aurangabad,2026-08,daylight,cluttered_yard,False,train
IMG902292,img/placeholder/2292.png,procedural_placeholder,False,Mixed plastic,HIPS,PLA-HIPS,115.1,Mumbai,2025-09,flash,cluttered_yard,False,val
IMG902293,img/placeholder/2293.png,procedural_placeholder,False,PCB,RAM / gold-finger,PCB-RAM,7.3,Pune,2025-04,low_light,cluttered_yard,True,train
IMG902294,img/placeholder/2294.png,procedural_placeholder,False,Mixed plastic,PC/ABS blend,PLA-PCABS,4.3,Aurangabad,2025-12,shade,cart,False,train
IMG902295,img/placeholder/2295.png,procedural_placeholder,False,Mixed plastic,HIPS,PLA-HIPS,64.3,Mumbai,2025-10,shade,cart,True,val
IMG902296,img/placeholder/2296.png,procedural_placeholder,False,Mixed plastic,Mixed dirty,PLA-MIX,30.1,Pimpri-Chinchwad,2025-11,shade,cluttered_yard,True,train
IMG902297,img/placeholder/2297.png,procedural_placeholder,False,Battery,Lead-acid,BAT-PB,15.8,Pune,2026-06,daylight,floor_mat,False,train
IMG902298,img/placeholder/2298.png,procedural_placeholder,False,Battery,Li-ion laptop / phone pack,BAT-LI,24.0,Nashik,2025-10,daylight,cluttered_yard,True,val
IMG902299,img/placeholder/2299.png,procedural_placeholder,False,CRT,Colour TV tube,CRT-CTV,102.9,Pune,2026-03,low_light,cart,True,train
IMG902300,img/placeholder/2300.png,procedural_placeholder,False,Battery,Li-ion laptop / phone pack,BAT-LI,6.2,Mumbai,2025-08,flash,shop_counter,False,train
IMG902301,img/placeholder/2301.png,procedural_placeholder,False,CRT,Colour TV tube,CRT-CTV,57.9,Pune,2026-06,indoor_tube,cart,False,test
IMG902302,img/placeholder/2302.png,procedural_placeholder,False,Motor & magnet-bearing,Speaker magnet,MTR-SPK,6.4,Aurangabad,2025-04,daylight,floor_mat,False,train
IMG902303,img/placeholder/2303.png,procedural_placeholder,False,Mixed plastic,HIPS,PLA-HIPS,39.1,Aurangabad,2026-02,daylight,cluttered_yard,False,train
IMG902304,img/placeholder/2304.png,procedural_placeholder,False,CRT,Monochrome monitor tube,CRT-MON,90.0,Nagpur,2025-08,low_light,shop_counter,False,train
IMG902305,img/placeholder/2305.png,procedural_placeholder,False,PCB,TV / appliance board (low grade),PCB-LOW,5.5,Mumbai,2026-03,daylight,cart,True,test
IMG902306,img/placeholder/2306.png,procedural_placeholder,False,Mixed plastic,PC/ABS blend,PLA-PCABS,65.1,Nashik,2025-12,daylight,plain,True,test
IMG902307,img/placeholder/2307.png,procedural_placeholder,False,CRT,Deflection yoke,CRT-YOK,42.3,Mumbai,2025-08,daylight,cluttered_yard,True,val
IMG902308,img/placeholder/2308.png,procedural_placeholder,False,Battery,Li-ion laptop / phone pack,BAT-LI,6.8,Nagpur,2025-05,daylight,cart,True,train
IMG902309,img/placeholder/2309.png,procedural_placeholder,False,Battery,Li-ion laptop / phone pack,BAT-LI,11.0,Mumbai,2025-03,daylight,cluttered_yard,False,train
IMG902310,img/placeholder/2310.png,procedural_placeholder,False,Cable,Armoured / data cable,CBL-ARM,75.6,Mumbai,2026-06,daylight,cart,False,train
IMG902311,img/placeholder/2311.png,procedural_placeholder,False,Cable,Copper household wire,CBL-CU,30.9,Aurangabad,2025-07,daylight,cart,True,val
IMG902312,img/placeholder/2312.png,procedural_placeholder,False,CRT,Deflection yoke,CRT-YOK,95.9,Nagpur,2026-05,flash,cart,False,train
IMG902313,img/placeholder/2313.png,procedural_placeholder,False,Cable,Mixed insulated,CBL-MIX,18.1,Pune,2025-05,daylight,cart,True,train
IMG902314,img/placeholder/2314.png,procedural_placeholder,False,Motor & magnet-bearing,Small AC/DC motor,MTR-SML,17.6,Aurangabad,2025-06,daylight,floor_mat,True,train
IMG902315,img/placeholder/2315.png,procedural_placeholder,False,Cable,Aluminium cable,CBL-AL,3.9,Pune,2025-11,daylight,floor_mat,True,train
IMG902316,img/placeholder/2316.png,procedural_placeholder,False,Mixed plastic,PC/ABS blend,PLA-PCABS,13.9,Nashik,2026-02,daylight,shop_counter,False,train
IMG902317,img/placeholder/2317.png,procedural_placeholder,False,Mixed plastic,Mixed dirty,PLA-MIX,31.4,Pune,2025-04,flash,cart,True,train
IMG902318,img/placeholder/2318.png,procedural_placeholder,False,Mixed plastic,Mixed dirty,PLA-MIX,38.4,Pune,2026-01,indoor_tube,floor_mat,False,test
IMG902319,img/placeholder/2319.png,procedural_placeholder,False,Motor & magnet-bearing,HDD assembly,MTR-HDD,4.6,Aurangabad,2025-11,indoor_tube,floor_mat,False,train
IMG902320,img/placeholder/2320.png,procedural_placeholder,False,PCB,GPU / add-on card,PCB-GPU,10.1,Mumbai,2026-07,low_light,shop_counter,True,train
IMG902321,img/placeholder/2321.png,procedural_placeholder,False,Motor & magnet-bearing,Compressor motor,MTR-CMP,17.5,Pune,2026-06,daylight,cluttered_yard,True,train
IMG902322,img/placeholder/2322.png,procedural_placeholder,False,Cable,Mixed insulated,CBL-MIX,33.3,Pune,2025-08,daylight,cart,False,val
IMG902323,img/placeholder/2323.png,procedural_placeholder,False,Mixed plastic,ABS casing,PLA-ABS,26.7,Nagpur,2026-05,low_light,cluttered_yard,False,val
IMG902324,img/placeholder/2324.png,procedural_placeholder,False,LCD/LED panel,Monitor panel,LCD-MON,24.3,Nagpur,2026-06,daylight,cluttered_yard,False,train
IMG902325,img/placeholder/2325.png,procedural_placeholder,False,CRT,Colour TV tube,CRT-CTV,30.2,Nashik,2025-10,shade,cart,False,train
IMG902326,img/placeholder/2326.png,procedural_placeholder,False,Motor & magnet-bearing,Compressor motor,MTR-CMP,26.8,Mumbai,2025-07,indoor_tube,cart,False,test
IMG902327,img/placeholder/2327.png,procedural_placeholder,False,CRT,Monochrome monitor tube,CRT-MON,41.8,Pune,2026-06,low_light,cluttered_yard,False,train
IMG902328,img/placeholder/2328.png,procedural_placeholder,False,Motor & magnet-bearing,Speaker magnet,MTR-SPK,12.9,Pune,2026-03,shade,cluttered_yard,True,test
IMG902329,img/placeholder/2329.png,procedural_placeholder,False,CRT,Deflection yoke,CRT-YOK,43.2,Nagpur,2025-06,flash,floor_mat,False,val
IMG902330,img/placeholder/2330.png,procedural_placeholder,False,Battery,Lead-acid,BAT-PB,2.5,Mumbai,2026-08,daylight,cart,False,val
IMG902331,img/placeholder/2331.png,procedural_placeholder,False,Cable,Mixed insulated,CBL-MIX,14.0,Pune,2025-04,shade,floor_mat,True,train
IMG902332,img/placeholder/2332.png,procedural_placeholder,False,Cable,Copper household wire,CBL-CU,7.7,Nashik,2025-05,shade,shop_counter,False,test
IMG902333,img/placeholder/2333.png,procedural_placeholder,False,Mixed plastic,HIPS,PLA-HIPS,15.0,Aurangabad,2026-04,shade,cart,False,val
IMG902334,img/placeholder/2334.png,procedural_placeholder,False,CRT,Colour TV tube,CRT-CTV,28.2,Mumbai,2026-01,daylight,shop_counter,True,train
IMG902335,img/placeholder/2335.png,procedural_placeholder,False,PCB,RAM / gold-finger,PCB-RAM,16.8,Nagpur,2026-04,shade,plain,True,train
IMG902336,img/placeholder/2336.png,procedural_placeholder,False,PCB,Motherboard (high grade),PCB-MBH,6.2,Mumbai,2025-07,daylight,cluttered_yard,True,train
IMG902337,img/placeholder/2337.png,procedural_placeholder,False,Mixed plastic,HIPS,PLA-HIPS,154.2,Nagpur,2025-06,daylight,floor_mat,False,train
IMG902338,img/placeholder/2338.png,procedural_placeholder,False,Motor & magnet-bearing,Speaker magnet,MTR-SPK,46.2,Pune,2025-11,daylight,cluttered_yard,True,val
IMG902339,img/placeholder/2339.png,procedural_placeholder,False,Cable,Copper household wire,CBL-CU,19.4,Pimpri-Chinchwad,2025-05,shade,cart,True,val
IMG902340,img/placeholder/2340.png,procedural_placeholder,False,Cable,Aluminium cable,CBL-AL,12.0,Pune,2026-03,daylight,plain,True,train
IMG902341,img/placeholder/2341.png,procedural_placeholder,False,LCD/LED panel,Monitor panel,LCD-MON,20.3,Pune,2025-05,shade,shop_counter,False,train
IMG902342,img/placeholder/2342.png,procedural_placeholder,False,CRT,Colour TV tube,CRT-CTV,79.9,Aurangabad,2025-04,low_light,cart,False,train
IMG902343,img/placeholder/2343.png,procedural_placeholder,False,Mixed plastic,HIPS,PLA-HIPS,6.4,Mumbai,2025-09,low_light,floor_mat,False,test
IMG902344,img/placeholder/2344.png,procedural_placeholder,False,Mixed plastic,ABS casing,PLA-ABS,70.2,Pune,2025-04,flash,cluttered_yard,False,train
IMG902345,img/placeholder/2345.png,procedural_placeholder,False,Mixed plastic,ABS casing,PLA-ABS,21.6,Mumbai,2026-07,indoor_tube,cluttered_yard,False,train
IMG902346,img/placeholder/2346.png,procedural_placeholder,False,CRT,Deflection yoke,CRT-YOK,21.1,Mumbai,2026-05,shade,cart,True,train
IMG902347,img/placeholder/2347.png,procedural_placeholder,False,Cable,Armoured / data cable,CBL-ARM,50.4,Aurangabad,2026-02,low_light,cluttered_yard,False,train
IMG902348,img/placeholder/2348.png,procedural_placeholder,False,Cable,Copper household wire,CBL-CU,78.1,Pimpri-Chinchwad,2025-10,daylight,cluttered_yard,False,test
IMG902349,img/placeholder/2349.png,procedural_placeholder,False,Cable,Mixed insulated,CBL-MIX,36.5,Pune,2025-09,low_light,cluttered_yard,True,test
IMG902350,img/placeholder/2350.png,procedural_placeholder,False,PCB,RAM / gold-finger,PCB-RAM,3.7,Aurangabad,2025-07,daylight,cart,True,val
IMG902351,img/placeholder/2351.png,procedural_placeholder,False,Motor & magnet-bearing,HDD assembly,MTR-HDD,10.2,Mumbai,2025-11,shade,cart,False,train
IMG902352,img/placeholder/2352.png,procedural_placeholder,False,Battery,Li-ion laptop / phone pack,BAT-LI,3.0,Nashik,2025-07,daylight,cart,True,val
IMG902353,img/placeholder/2353.png,procedural_placeholder,False,Cable,Armoured / data cable,CBL-ARM,11.1,Aurangabad,2025-04,shade,cluttered_yard,True,train
IMG902354,img/placeholder/2354.png,procedural_placeholder,False,Cable,Copper household wire,CBL-CU,30.2,Pimpri-Chinchwad,2025-08,daylight,cluttered_yard,False,train
IMG902355,img/placeholder/2355.png,procedural_placeholder,False,Motor & magnet-bearing,Small AC/DC motor,MTR-SML,41.5,Mumbai,2025-03,indoor_tube,cluttered_yard,True,val
IMG902356,img/placeholder/2356.png,procedural_placeholder,False,Mixed plastic,HIPS,PLA-HIPS,7.6,Mumbai,2026-02,daylight,plain,False,train
IMG902357,img/placeholder/2357.png,procedural_placeholder,False,Cable,Mixed insulated,CBL-MIX,83.4,Mumbai,2025-03,flash,cluttered_yard,True,test
IMG902358,img/placeholder/2358.png,procedural_placeholder,False,Mixed plastic,PC/ABS blend,PLA-PCABS,33.8,Nashik,2025-06,low_light,cluttered_yard,True,train
IMG902359,img/placeholder/2359.png,procedural_placeholder,False,Motor & magnet-bearing,Small AC/DC motor,MTR-SML,29.2,Pimpri-Chinchwad,2025-07,shade,cart,False,test
IMG902360,img/placeholder/2360.png,procedural_placeholder,False,Battery,Lead-acid,BAT-PB,4.1,Mumbai,2025-08,flash,cluttered_yard,False,train
IMG902361,img/placeholder/2361.png,procedural_placeholder,False,Cable,Copper household wire,CBL-CU,90.5,Pune,2026-01,flash,floor_mat,False,val
IMG902362,img/placeholder/2362.png,procedural_placeholder,False,PCB,Mixed populated board,PCB-MIX,2.7,Aurangabad,2025-04,daylight,floor_mat,True,test
IMG902363,img/placeholder/2363.png,procedural_placeholder,False,CRT,Monochrome monitor tube,CRT-MON,15.8,Pune,2026-05,shade,shop_counter,True,train
IMG902364,img/placeholder/2364.png,procedural_placeholder,False,Cable,Armoured / data cable,CBL-ARM,45.1,Mumbai,2026-04,daylight,shop_counter,False,train
IMG902365,img/placeholder/2365.png,procedural_placeholder,False,Battery,Ni-MH,BAT-NIMH,11.0,Nagpur,2026-01,daylight,floor_mat,False,train
IMG902366,img/placeholder/2366.png,procedural_placeholder,False,Motor & magnet-bearing,Compressor motor,MTR-CMP,40.3,Nagpur,2025-07,indoor_tube,shop_counter,False,train
IMG902367,img/placeholder/2367.png,procedural_placeholder,False,Motor & magnet-bearing,HDD assembly,MTR-HDD,25.8,Mumbai,2025-05,indoor_tube,shop_counter,True,test
IMG902368,img/placeholder/2368.png,procedural_placeholder,False,Cable,Mixed insulated,CBL-MIX,21.7,Nashik,2026-05,daylight,floor_mat,False,test
IMG902369,img/placeholder/2369.png,procedural_placeholder,False,Battery,Li-ion laptop / phone pack,BAT-LI,1.3,Pune,2026-04,shade,cart,False,train
IMG902370,img/placeholder/2370.png,procedural_placeholder,False,Mixed plastic,Mixed dirty,PLA-MIX,16.2,Nashik,2025-07,flash,floor_mat,False,train
IMG902371,img/placeholder/2371.png,procedural_placeholder,False,CRT,Colour TV tube,CRT-CTV,46.1,Pune,2026-06,daylight,cart,False,test
IMG902372,img/placeholder/2372.png,procedural_placeholder,False,Cable,Armoured / data cable,CBL-ARM,37.1,Mumbai,2026-05,shade,cluttered_yard,True,train
IMG902373,img/placeholder/2373.png,procedural_placeholder,False,Battery,Button / coin cell,BAT-BTN,7.0,Nagpur,2025-05,daylight,cart,True,train
IMG902374,img/placeholder/2374.png,procedural_placeholder,False,Cable,Mixed insulated,CBL-MIX,33.1,Nagpur,2026-04,shade,floor_mat,False,train
IMG902375,img/placeholder/2375.png,procedural_placeholder,False,CRT,Colour TV tube,CRT-CTV,15.7,Aurangabad,2026-02,daylight,cluttered_yard,False,train
IMG902376,img/placeholder/2376.png,procedural_placeholder,False,Mixed plastic,ABS casing,PLA-ABS,17.9,Pimpri-Chinchwad,2026-04,indoor_tube,floor_mat,False,val
IMG902377,img/placeholder/2377.png,procedural_placeholder,False,Cable,Copper household wire,CBL-CU,53.0,Aurangabad,2026-05,shade,plain,False,train
IMG902378,img/placeholder/2378.png,procedural_placeholder,False,Mixed plastic,Mixed dirty,PLA-MIX,68.4,Nashik,2025-03,flash,cluttered_yard,False,val
IMG902379,img/placeholder/2379.png,procedural_placeholder,False,Battery,Li-ion laptop / phone pack,BAT-LI,9.0,Mumbai,2026-07,daylight,cart,True,train
IMG902380,img/placeholder/2380.png,procedural_placeholder,False,CRT,Colour TV tube,CRT-CTV,28.6,Nagpur,2025-03,indoor_tube,floor_mat,False,train
IMG902381,img/placeholder/2381.png,procedural_placeholder,False,Cable,Copper household wire,CBL-CU,19.0,Mumbai,2025-05,low_light,plain,False,test
IMG902382,img/placeholder/2382.png,procedural_placeholder,False,Cable,Mixed insulated,CBL-MIX,27.3,Aurangabad,2026-03,daylight,floor_mat,False,train
IMG902383,img/placeholder/2383.png,procedural_placeholder,False,Battery,Button / coin cell,BAT-BTN,1.7,Pune,2026-05,shade,cluttered_yard,False,val
IMG902384,img/placeholder/2384.png,procedural_placeholder,False,PCB,TV / appliance board (low grade),PCB-LOW,8.7,Aurangabad,2025-06,flash,cluttered_yard,False,train
IMG902385,img/placeholder/2385.png,procedural_placeholder,False,Mixed plastic,HIPS,PLA-HIPS,28.4,Nagpur,2025-12,shade,floor_mat,True,train
IMG902386,img/placeholder/2386.png,procedural_placeholder,False,Motor & magnet-bearing,Speaker magnet,MTR-SPK,5.7,Pune,2026-02,shade,plain,True,train
IMG902387,img/placeholder/2387.png,procedural_placeholder,False,Cable,Mixed insulated,CBL-MIX,7.1,Pimpri-Chinchwad,2025-10,daylight,cluttered_yard,False,val
IMG902388,img/placeholder/2388.png,procedural_placeholder,False,PCB,GPU / add-on card,PCB-GPU,8.2,Mumbai,2026-01,daylight,cluttered_yard,True,val
IMG902389,img/placeholder/2389.png,procedural_placeholder,False,Cable,Copper household wire,CBL-CU,160.0,Aurangabad,2026-04,indoor_tube,shop_counter,False,train
IMG902390,img/placeholder/2390.png,procedural_placeholder,False,Mixed plastic,PC/ABS blend,PLA-PCABS,14.5,Mumbai,2025-05,low_light,cart,False,train
IMG902391,img/placeholder/2391.png,procedural_placeholder,False,LCD/LED panel,Monitor panel,LCD-MON,39.1,Pune,2026-06,daylight,cluttered_yard,False,train
IMG902392,img/placeholder/2392.png,procedural_placeholder,False,Cable,Mixed insulated,CBL-MIX,19.0,Pimpri-Chinchwad,2025-11,daylight,cluttered_yard,False,train
IMG902393,img/placeholder/2393.png,procedural_placeholder,False,Cable,Aluminium cable,CBL-AL,20.4,Mumbai,2025-05,flash,cart,False,train
IMG902394,img/placeholder/2394.png,procedural_placeholder,False,PCB,TV / appliance board (low grade),PCB-LOW,14.0,Pimpri-Chinchwad,2025-03,daylight,floor_mat,False,train
IMG902395,img/placeholder/2395.png,procedural_placeholder,False,LCD/LED panel,Backlight assembly,LCD-BLA,29.8,Mumbai,2025-05,daylight,shop_counter,True,train
IMG902396,img/placeholder/2396.png,procedural_placeholder,False,Mixed plastic,PC/ABS blend,PLA-PCABS,77.7,Mumbai,2026-01,daylight,cluttered_yard,True,train
IMG902397,img/placeholder/2397.png,procedural_placeholder,False,PCB,GPU / add-on card,PCB-GPU,14.0,Mumbai,2025-04,low_light,floor_mat,False,train
IMG902398,img/placeholder/2398.png,procedural_placeholder,False,PCB,GPU / add-on card,PCB-GPU,22.9,Mumbai,2026-02,indoor_tube,cart,False,train
IMG902399,img/placeholder/2399.png,procedural_placeholder,False,PCB,RAM / gold-finger,PCB-RAM,3.5,Aurangabad,2026-02,low_light,cluttered_yard,True,train
