material,category,item_type,locality,unit,quantity,quality,days_index,date,base_reference_price,price,city,synthetic
Mix Plastic,Plastic,mixed,Durgapura,kg,30.8,mixed,165,2026-08-17,7.0,7.21,Jaipur,true
Mix Plastic,Plastic,mixed,Sodala,kg,96.6,mixed,49,2026-04-23,7.0,6.36,Jaipur,true
Mix Plastic,Plastic,mixed,Vaishali Nagar,kg,72.1,clean,50,2026-04-24,7.0,7.42,Jaipur,true
Mix Plastic,Plastic,mixed,Gopalpura,kg,17.2,mixed,128,2026-07-11,7.0,6.07,Jaipur,true
Mix Plastic,Plastic,mixed,Vaishali Nagar,kg,113.8,dirty,63,2026-05-07,7.0,5.64,Jaipur,true
Mix Plastic,Plastic,mixed,Airport Area,kg,105.1,clean,143,2026-07-26,7.0,7.21,Jaipur,true
Mix Plastic,Plastic,mixed,Sodala,kg,20.4,damaged,147,2026-07-30,7.0,4.93,Jaipur,true
Mix Plastic,Plastic,mixed,Mahesh Nagar,kg,6.4,mixed,55,2026-04-29,7.0,6.65,Jaipur,true
Mix Plastic,Plastic,mixed,Mansarovar,kg,62.8,clean,163,2026-08-15,7.0,8.45,Jaipur,true
Mix Plastic,Plastic,mixed,Chandpole,kg,97.4,clean,99,2026-06-12,7.0,6.74,Jaipur,true
Mix Plastic,Plastic,mixed,Durgapura,kg,1.8,mixed,111,2026-06-24,7.0,6.16,Jaipur,true
Mix Plastic,Plastic,mixed,Sodala,kg,85.1,damaged,160,2026-08-12,7.0,5.63,Jaipur,true
Mix Plastic,Plastic,mixed,Chandpole,kg,51.6,mixed,69,2026-05-13,7.0,6.21,Jaipur,true
Mix Plastic,Plastic,mixed,Vaishali Nagar,kg,48.6,mixed,109,2026-06-22,7.0,6.58,Jaipur,true
Mix Plastic,Plastic,mixed,C-Scheme,kg,80.5,damaged,137,2026-07-20,7.0,5.01,Jaipur,true
Mix Plastic,Plastic,mixed,Barkat Nagar,kg,11.1,dirty,173,2026-08-25,7.0,6.37,Jaipur,true
Mix Plastic,Plastic,mixed,Raja Park,kg,82.0,dirty,10,2026-03-15,7.0,5.76,Jaipur,true
Mix Plastic,Plastic,mixed,Gopalpura,kg,112.1,mixed,143,2026-07-26,7.0,6.48,Jaipur,true
Mix Plastic,Plastic,mixed,Ramnagariya,kg,5.1,mixed,92,2026-06-05,7.0,5.3,Jaipur,true
Mix Plastic,Plastic,mixed,Model Town,kg,25.4,dirty,141,2026-07-24,7.0,5.63,Jaipur,true
Mix Plastic,Plastic,mixed,Durgapura,kg,36.2,dirty,15,2026-03-20,7.0,5.61,Jaipur,true
Mix Plastic,Plastic,mixed,Model Town,kg,75.2,mixed,112,2026-06-25,7.0,6.57,Jaipur,true
Mix Plastic,Plastic,mixed,Gopalpura,kg,36.0,mixed,33,2026-04-07,7.0,6.11,Jaipur,true
Mix Plastic,Plastic,mixed,Model Town,kg,82.8,clean,13,2026-03-18,7.0,7.15,Jaipur,true
Mix Plastic,Plastic,mixed,Chandpole,kg,105.1,mixed,120,2026-07-03,7.0,6.81,Jaipur,true
Mix Plastic,Plastic,mixed,Durgapura,kg,86.4,mixed,175,2026-08-27,7.0,7.39,Jaipur,true
Mix Plastic,Plastic,mixed,Civil Lines,kg,78.3,mixed,4,2026-03-09,7.0,7.35,Jaipur,true
Mix Plastic,Plastic,mixed,Airport Area,kg,69.2,mixed,112,2026-06-25,7.0,6.6,Jaipur,true
Mix Plastic,Plastic,mixed,Adarsh Nagar,kg,77.7,damaged,109,2026-06-22,7.0,4.5,Jaipur,true
Mix Plastic,Plastic,mixed,Hasanpura,kg,85.8,mixed,106,2026-06-19,7.0,6.94,Jaipur,true
Mix Plastic,Plastic,mixed,Gopalpura,kg,58.2,mixed,103,2026-06-16,7.0,6.22,Jaipur,true
Mix Plastic,Plastic,mixed,Malviya Nagar,kg,118.7,damaged,101,2026-06-14,7.0,4.46,Jaipur,true
Mix Plastic,Plastic,mixed,Shyam Nagar,kg,56.2,mixed,133,2026-07-16,7.0,6.34,Jaipur,true
Mix Plastic,Plastic,mixed,Gopalpura,kg,61.8,dirty,116,2026-06-29,7.0,5.49,Jaipur,true
Mix Plastic,Plastic,mixed,Barkat Nagar,kg,46.6,mixed,139,2026-07-22,7.0,6.86,Jaipur,true
Mix Plastic,Plastic,mixed,Shyam Nagar,kg,110.5,dirty,30,2026-04-04,7.0,5.44,Jaipur,true
Mix Plastic,Plastic,mixed,Mansarovar,kg,28.2,dirty,136,2026-07-19,7.0,5.74,Jaipur,true
Mix Plastic,Plastic,mixed,Gopalpura,kg,43.1,damaged,55,2026-04-29,7.0,4.49,Jaipur,true
Mix Plastic,Plastic,mixed,Mansarovar,kg,117.3,mixed,58,2026-05-02,7.0,6.74,Jaipur,true
Mix Plastic,Plastic,mixed,Chandpole,kg,63.6,dirty,69,2026-05-13,7.0,5.28,Jaipur,true
Mix Plastic,Plastic,mixed,Chandpole,kg,14.1,damaged,19,2026-03-24,7.0,5.03,Jaipur,true
Mix Plastic,Plastic,mixed,Gopalpura,kg,96.2,mixed,30,2026-04-04,7.0,6.36,Jaipur,true
Mix Plastic,Plastic,mixed,Barkat Nagar,kg,7.8,dirty,83,2026-05-27,7.0,5.24,Jaipur,true
Mix Plastic,Plastic,mixed,Shyam Nagar,kg,92.4,dirty,46,2026-04-20,7.0,5.27,Jaipur,true
Mix Plastic,Plastic,mixed,Barkat Nagar,kg,21.1,mixed,130,2026-07-13,7.0,6.67,Jaipur,true
Mix Plastic,Plastic,mixed,Mahesh Nagar,kg,41.7,dirty,11,2026-03-16,7.0,5.85,Jaipur,true
Mix Plastic,Plastic,mixed,Tonk Road,kg,118.1,dirty,4,2026-03-09,7.0,5.78,Jaipur,true
Mix Plastic,Plastic,mixed,MI Road,kg,55.7,clean,153,2026-08-05,7.0,7.24,Jaipur,true
Mix Plastic,Plastic,mixed,Civil Lines,kg,89.3,mixed,88,2026-06-01,7.0,6.06,Jaipur,true
Mix Plastic,Plastic,mixed,Gopalpura,kg,36.3,mixed,163,2026-08-15,7.0,6.92,Jaipur,true
Mix Plastic,Plastic,mixed,Mahesh Nagar,kg,45.3,clean,70,2026-05-14,7.0,6.49,Jaipur,true
Mix Plastic,Plastic,mixed,Barkat Nagar,kg,43.2,mixed,40,2026-04-14,7.0,6.89,Jaipur,true
Mix Plastic,Plastic,mixed,Barkat Nagar,kg,91.7,mixed,141,2026-07-24,7.0,7.2,Jaipur,true
Mix Plastic,Plastic,mixed,Mahesh Nagar,kg,53.7,mixed,71,2026-05-15,7.0,6.33,Jaipur,true
Mix Plastic,Plastic,mixed,Vaishali Nagar,kg,10.6,clean,77,2026-05-21,7.0,6.35,Jaipur,true
Mix Plastic,Plastic,mixed,Civil Lines,kg,79.5,dirty,148,2026-07-31,7.0,5.89,Jaipur,true
Mix Plastic,Plastic,mixed,Model Town,kg,67.4,clean,15,2026-03-20,7.0,7.26,Jaipur,true
Mix Plastic,Plastic,mixed,Durgapura,kg,118.6,dirty,162,2026-08-14,7.0,6.42,Jaipur,true
Mix Plastic,Plastic,mixed,Vaishali Nagar,kg,20.6,clean,40,2026-04-14,7.0,7.29,Jaipur,true
Mix Plastic,Plastic,mixed,Mansarovar,kg,39.4,mixed,93,2026-06-06,7.0,6.11,Jaipur,true
Mix Plastic,Plastic,mixed,Hasanpura,kg,21.2,dirty,2,2026-03-07,7.0,6.25,Jaipur,true
Mix Plastic,Plastic,mixed,Gopalpura,kg,57.4,damaged,148,2026-07-31,7.0,4.87,Jaipur,true
Mix Plastic,Plastic,mixed,Shyam Nagar,kg,39.8,clean,76,2026-05-20,7.0,5.77,Jaipur,true
Mix Plastic,Plastic,mixed,C-Scheme,kg,106.0,clean,91,2026-06-04,7.0,6.2,Jaipur,true
Mix Plastic,Plastic,mixed,Shyam Nagar,kg,25.0,clean,99,2026-06-12,7.0,6.07,Jaipur,true
Mix Plastic,Plastic,mixed,Ramnagariya,kg,31.3,dirty,165,2026-08-17,7.0,5.7,Jaipur,true
Mix Plastic,Plastic,mixed,Civil Lines,kg,113.0,mixed,167,2026-08-19,7.0,7.56,Jaipur,true
Mix Plastic,Plastic,mixed,Mahesh Nagar,kg,81.5,dirty,14,2026-03-19,7.0,6.18,Jaipur,true
Mix Plastic,Plastic,mixed,Sodala,kg,30.8,mixed,122,2026-07-05,7.0,6.23,Jaipur,true
Mix Plastic,Plastic,mixed,Barkat Nagar,kg,25.9,mixed,61,2026-05-05,7.0,6.37,Jaipur,true
Mix Plastic,Plastic,mixed,Ramnagariya,kg,40.4,mixed,115,2026-06-28,7.0,6.01,Jaipur,true
Mix Plastic,Plastic,mixed,Gopalpura,kg,8.8,damaged,45,2026-04-19,7.0,4.47,Jaipur,true
Mix Plastic,Plastic,mixed,Patrakar Colony,kg,115.9,mixed,102,2026-06-15,7.0,6.05,Jaipur,true
Mix Plastic,Plastic,mixed,Ramnagariya,kg,30.2,clean,81,2026-05-25,7.0,5.75,Jaipur,true
Mix Plastic,Plastic,mixed,Raja Park,kg,108.3,mixed,136,2026-07-19,7.0,6.56,Jaipur,true
Mix Plastic,Plastic,mixed,Hasanpura,kg,22.3,mixed,153,2026-08-05,7.0,7.42,Jaipur,true
Mix Plastic,Plastic,mixed,Patrakar Colony,kg,89.4,clean,140,2026-07-23,7.0,6.72,Jaipur,true
Mix Plastic,Plastic,mixed,Chandpole,kg,104.6,clean,154,2026-08-06,7.0,8.01,Jaipur,true
Mix Plastic,Plastic,mixed,Durgapura,kg,78.1,mixed,79,2026-05-23,7.0,5.93,Jaipur,true
Mix Plastic,Plastic,mixed,Civil Lines,kg,83.2,clean,81,2026-05-25,7.0,6.57,Jaipur,true
Mix Plastic,Plastic,mixed,Mansarovar,kg,41.8,mixed,108,2026-06-21,7.0,6.7,Jaipur,true
Mix Plastic,Plastic,mixed,Airport Area,kg,55.7,clean,109,2026-06-22,7.0,6.86,Jaipur,true
Mix Plastic,Plastic,mixed,Adarsh Nagar,kg,24.9,dirty,89,2026-06-02,7.0,4.51,Jaipur,true
Mix Plastic,Plastic,mixed,Chandpole,kg,84.6,mixed,60,2026-05-04,7.0,6.42,Jaipur,true
Mix Plastic,Plastic,mixed,Tonk Road,kg,74.9,damaged,21,2026-03-26,7.0,4.75,Jaipur,true
Mix Plastic,Plastic,mixed,Shyam Nagar,kg,119.3,mixed,135,2026-07-18,7.0,6.27,Jaipur,true
Mix Plastic,Plastic,mixed,Vaishali Nagar,kg,85.4,mixed,148,2026-07-31,7.0,7.19,Jaipur,true
Mix Plastic,Plastic,mixed,Chandpole,kg,68.9,mixed,169,2026-08-21,7.0,7.85,Jaipur,true
Mix Plastic,Plastic,mixed,Raja Park,kg,20.1,dirty,55,2026-04-29,7.0,5.32,Jaipur,true
Mix Plastic,Plastic,mixed,Ramnagariya,kg,49.8,mixed,18,2026-03-23,7.0,6.12,Jaipur,true
Soft Plastic,Plastic,soft,Gopalpura,kg,71.3,mixed,87,2026-05-31,10.0,8.11,Jaipur,true
Soft Plastic,Plastic,soft,Chandpole,kg,85.2,clean,140,2026-07-23,10.0,10.55,Jaipur,true
Soft Plastic,Plastic,soft,Gopalpura,kg,42.7,dirty,163,2026-08-15,10.0,8.4,Jaipur,true
Soft Plastic,Plastic,soft,MI Road,kg,55.3,mixed,39,2026-04-13,10.0,9.53,Jaipur,true
Soft Plastic,Plastic,soft,Model Town,kg,38.2,dirty,17,2026-03-22,10.0,8.19,Jaipur,true
Soft Plastic,Plastic,soft,Sodala,kg,15.4,mixed,84,2026-05-28,10.0,8.26,Jaipur,true
Soft Plastic,Plastic,soft,Tonk Road,kg,15.3,dirty,125,2026-07-08,10.0,7.14,Jaipur,true
Soft Plastic,Plastic,soft,Chandpole,kg,67.6,clean,11,2026-03-16,10.0,10.38,Jaipur,true
Soft Plastic,Plastic,soft,Gopalpura,kg,76.9,dirty,151,2026-08-03,10.0,8.13,Jaipur,true
Soft Plastic,Plastic,soft,C-Scheme,kg,42.4,mixed,157,2026-08-09,10.0,10.09,Jaipur,true
Soft Plastic,Plastic,soft,Nirman Nagar,kg,8.2,damaged,74,2026-05-18,10.0,6.2,Jaipur,true
Soft Plastic,Plastic,soft,Raja Park,kg,70.6,dirty,115,2026-06-28,10.0,8.16,Jaipur,true
Soft Plastic,Plastic,soft,Gopalpura,kg,38.2,mixed,51,2026-04-25,10.0,8.41,Jaipur,true
Soft Plastic,Plastic,soft,Civil Lines,kg,1.9,mixed,179,2026-08-31,10.0,10.16,Jaipur,true
Soft Plastic,Plastic,soft,Adarsh Nagar,kg,50.9,dirty,74,2026-05-18,10.0,6.7,Jaipur,true
Soft Plastic,Plastic,soft,Raja Park,kg,5.0,clean,155,2026-08-07,10.0,10.71,Jaipur,true
Soft Plastic,Plastic,soft,Mansarovar,kg,104.8,mixed,93,2026-06-06,10.0,9.07,Jaipur,true
Soft Plastic,Plastic,soft,Nirman Nagar,kg,17.5,dirty,125,2026-07-08,10.0,7.67,Jaipur,true
Soft Plastic,Plastic,soft,C-Scheme,kg,72.6,mixed,20,2026-03-25,10.0,9.51,Jaipur,true
Soft Plastic,Plastic,soft,Sodala,kg,106.9,clean,64,2026-05-08,10.0,9.17,Jaipur,true
Soft Plastic,Plastic,soft,Nirman Nagar,kg,54.3,mixed,64,2026-05-08,10.0,9.04,Jaipur,true
Soft Plastic,Plastic,soft,Patrakar Colony,kg,5.4,clean,24,2026-03-29,10.0,9.22,Jaipur,true
Soft Plastic,Plastic,soft,MI Road,kg,99.3,mixed,50,2026-04-24,10.0,9.01,Jaipur,true
Soft Plastic,Plastic,soft,Adarsh Nagar,kg,100.5,dirty,2,2026-03-07,10.0,8.16,Jaipur,true
Soft Plastic,Plastic,soft,Shyam Nagar,kg,107.6,mixed,114,2026-06-27,10.0,9.15,Jaipur,true
Soft Plastic,Plastic,soft,Barkat Nagar,kg,15.3,clean,35,2026-04-09,10.0,10.48,Jaipur,true
Soft Plastic,Plastic,soft,C-Scheme,kg,2.1,damaged,95,2026-06-08,10.0,6.15,Jaipur,true
Soft Plastic,Plastic,soft,Shyam Nagar,kg,40.1,clean,6,2026-03-11,10.0,9.93,Jaipur,true
Soft Plastic,Plastic,soft,Mahesh Nagar,kg,104.8,mixed,3,2026-03-08,10.0,10.9,Jaipur,true
Soft Plastic,Plastic,soft,Nirman Nagar,kg,91.3,mixed,142,2026-07-25,10.0,9.92,Jaipur,true
Soft Plastic,Plastic,soft,Malviya Nagar,kg,92.3,mixed,30,2026-04-04,10.0,8.87,Jaipur,true
Soft Plastic,Plastic,soft,Durgapura,kg,21.9,mixed,43,2026-04-17,10.0,9.06,Jaipur,true
Soft Plastic,Plastic,soft,Nirman Nagar,kg,83.4,mixed,68,2026-05-12,10.0,8.94,Jaipur,true
Soft Plastic,Plastic,soft,Adarsh Nagar,kg,52.7,mixed,20,2026-03-25,10.0,8.88,Jaipur,true
Soft Plastic,Plastic,soft,Tonk Road,kg,85.0,clean,157,2026-08-09,10.0,10.48,Jaipur,true
Soft Plastic,Plastic,soft,Model Town,kg,35.2,mixed,71,2026-05-15,10.0,8.24,Jaipur,true
Soft Plastic,Plastic,soft,C-Scheme,kg,58.1,clean,24,2026-03-29,10.0,10.2,Jaipur,true
Soft Plastic,Plastic,soft,Raja Park,kg,49.1,dirty,59,2026-05-03,10.0,7.25,Jaipur,true
Soft Plastic,Plastic,soft,Vaishali Nagar,kg,50.8,dirty,138,2026-07-21,10.0,8.79,Jaipur,true
Soft Plastic,Plastic,soft,Tonk Road,kg,16.4,mixed,167,2026-08-19,10.0,9.6,Jaipur,true
Soft Plastic,Plastic,soft,Model Town,kg,8.3,clean,20,2026-03-25,10.0,9.72,Jaipur,true
Soft Plastic,Plastic,soft,Barkat Nagar,kg,15.9,damaged,9,2026-03-14,10.0,7.39,Jaipur,true
Soft Plastic,Plastic,soft,Gopalpura,kg,78.0,clean,156,2026-08-08,10.0,10.85,Jaipur,true
Soft Plastic,Plastic,soft,Adarsh Nagar,kg,112.4,mixed,75,2026-05-19,10.0,7.88,Jaipur,true
Soft Plastic,Plastic,soft,Airport Area,kg,108.4,clean,46,2026-04-20,10.0,9.78,Jaipur,true
Soft Plastic,Plastic,soft,Barkat Nagar,kg,34.1,dirty,131,2026-07-14,10.0,8.15,Jaipur,true
Soft Plastic,Plastic,soft,Raja Park,kg,51.5,clean,6,2026-03-11,10.0,10.73,Jaipur,true
Soft Plastic,Plastic,soft,Gopalpura,kg,91.6,mixed,39,2026-04-13,10.0,9.63,Jaipur,true
Soft Plastic,Plastic,soft,Shyam Nagar,kg,44.6,mixed,151,2026-08-03,10.0,9.26,Jaipur,true
Soft Plastic,Plastic,soft,Hasanpura,kg,65.9,damaged,172,2026-08-24,10.0,8.41,Jaipur,true
Soft Plastic,Plastic,soft,Hasanpura,kg,115.1,mixed,36,2026-04-10,10.0,10.03,Jaipur,true
Soft Plastic,Plastic,soft,Barkat Nagar,kg,103.4,mixed,52,2026-04-26,10.0,9.56,Jaipur,true
Soft Plastic,Plastic,soft,Raja Park,kg,85.4,mixed,87,2026-05-31,10.0,8.48,Jaipur,true
Soft Plastic,Plastic,soft,Mahesh Nagar,kg,109.2,damaged,94,2026-06-07,10.0,6.75,Jaipur,true
Soft Plastic,Plastic,soft,Mahesh Nagar,kg,13.8,dirty,42,2026-04-16,10.0,8.36,Jaipur,true
Soft Plastic,Plastic,soft,Barkat Nagar,kg,41.9,damaged,84,2026-05-28,10.0,6.65,Jaipur,true
Soft Plastic,Plastic,soft,Raja Park,kg,90.1,dirty,154,2026-08-06,10.0,9.01,Jaipur,true
Soft Plastic,Plastic,soft,Barkat Nagar,kg,86.2,mixed,159,2026-08-11,10.0,11.27,Jaipur,true
Soft Plastic,Plastic,soft,Tonk Road,kg,84.3,clean,113,2026-06-26,10.0,9.41,Jaipur,true
Soft Plastic,Plastic,soft,Malviya Nagar,kg,72.4,mixed,31,2026-04-05,10.0,8.94,Jaipur,true
Soft Plastic,Plastic,soft,Adarsh Nagar,kg,72.0,mixed,27,2026-04-01,10.0,9.01,Jaipur,true
Soft Plastic,Plastic,soft,Civil Lines,kg,34.4,mixed,116,2026-06-29,10.0,9.48,Jaipur,true
Soft Plastic,Plastic,soft,Durgapura,kg,38.9,dirty,162,2026-08-14,10.0,8.82,Jaipur,true
Soft Plastic,Plastic,soft,Vaishali Nagar,kg,71.5,dirty,144,2026-07-27,10.0,8.69,Jaipur,true
Soft Plastic,Plastic,soft,Hasanpura,kg,85.5,mixed,175,2026-08-27,10.0,11.19,Jaipur,true
Soft Plastic,Plastic,soft,Shyam Nagar,kg,84.5,mixed,137,2026-07-20,10.0,9.23,Jaipur,true
Soft Plastic,Plastic,soft,Chandpole,kg,69.0,damaged,28,2026-04-02,10.0,7.36,Jaipur,true
Soft Plastic,Plastic,soft,Tonk Road,kg,69.3,mixed,21,2026-03-26,10.0,9.04,Jaipur,true
Soft Plastic,Plastic,soft,Model Town,kg,64.0,clean,58,2026-05-02,10.0,9.52,Jaipur,true
Soft Plastic,Plastic,soft,Patrakar Colony,kg,5.1,mixed,123,2026-07-06,10.0,8.19,Jaipur,true
Soft Plastic,Plastic,soft,Barkat Nagar,kg,24.2,clean,108,2026-06-21,10.0,9.88,Jaipur,true
Soft Plastic,Plastic,soft,Mansarovar,kg,32.7,dirty,162,2026-08-14,10.0,9.44,Jaipur,true
Soft Plastic,Plastic,soft,Sodala,kg,117.9,mixed,163,2026-08-15,10.0,10.53,Jaipur,true
Soft Plastic,Plastic,soft,Adarsh Nagar,kg,20.2,mixed,79,2026-05-23,10.0,7.58,Jaipur,true
Soft Plastic,Plastic,soft,Ramnagariya,kg,75.6,dirty,90,2026-06-03,10.0,6.74,Jaipur,true
Soft Plastic,Plastic,soft,Sodala,kg,23.1,dirty,176,2026-08-28,10.0,8.57,Jaipur,true
Soft Plastic,Plastic,soft,Civil Lines,kg,78.0,dirty,131,2026-07-14,10.0,8.23,Jaipur,true
Soft Plastic,Plastic,soft,Model Town,kg,117.0,mixed,56,2026-04-30,10.0,9.16,Jaipur,true
Soft Plastic,Plastic,soft,Civil Lines,kg,82.5,clean,117,2026-06-30,10.0,10.29,Jaipur,true
Soft Plastic,Plastic,soft,Tonk Road,kg,81.3,mixed,98,2026-06-11,10.0,8.49,Jaipur,true
Soft Plastic,Plastic,soft,Adarsh Nagar,kg,2.0,dirty,118,2026-07-01,10.0,7.08,Jaipur,true
Soft Plastic,Plastic,soft,Durgapura,kg,89.3,mixed,127,2026-07-10,10.0,9.24,Jaipur,true
Soft Plastic,Plastic,soft,Chandpole,kg,74.1,damaged,9,2026-03-14,10.0,7.5,Jaipur,true
Soft Plastic,Plastic,soft,Airport Area,kg,105.3,mixed,13,2026-03-18,10.0,9.78,Jaipur,true
Soft Plastic,Plastic,soft,Adarsh Nagar,kg,115.2,mixed,133,2026-07-16,10.0,8.75,Jaipur,true
Soft Plastic,Plastic,soft,Durgapura,kg,12.7,dirty,100,2026-06-13,10.0,7.39,Jaipur,true
Soft Plastic,Plastic,soft,Ramnagariya,kg,119.8,mixed,102,2026-06-15,10.0,8.59,Jaipur,true
Soft Plastic,Plastic,soft,Sodala,kg,73.6,mixed,115,2026-06-28,10.0,9.41,Jaipur,true
Soft Plastic,Plastic,soft,Hasanpura,kg,20.7,dirty,23,2026-03-28,10.0,8.36,Jaipur,true
Soft Plastic,Plastic,soft,Patrakar Colony,kg,86.4,mixed,29,2026-04-03,10.0,9.03,Jaipur,true
Hard Plastic,Plastic,hard,C-Scheme,kg,5.2,mixed,132,2026-07-15,5.0,4.61,Jaipur,true
Hard Plastic,Plastic,hard,Model Town,kg,40.3,dirty,117,2026-06-30,5.0,3.95,Jaipur,true
Hard Plastic,Plastic,hard,Mansarovar,kg,82.6,damaged,131,2026-07-14,5.0,3.8,Jaipur,true
Hard Plastic,Plastic,hard,Adarsh Nagar,kg,73.7,clean,38,2026-04-12,5.0,4.81,Jaipur,true
Hard Plastic,Plastic,hard,Nirman Nagar,kg,4.2,mixed,104,2026-06-17,5.0,4.5,Jaipur,true
Hard Plastic,Plastic,hard,Raja Park,kg,59.0,clean,132,2026-07-15,5.0,5.06,Jaipur,true
Hard Plastic,Plastic,hard,Chandpole,kg,94.4,mixed,36,2026-04-10,5.0,4.87,Jaipur,true
Hard Plastic,Plastic,hard,Gopalpura,kg,94.4,mixed,69,2026-05-13,5.0,4.13,Jaipur,true
Hard Plastic,Plastic,hard,Malviya Nagar,kg,99.1,dirty,100,2026-06-13,5.0,3.59,Jaipur,true
Hard Plastic,Plastic,hard,Civil Lines,kg,95.1,clean,173,2026-08-25,5.0,5.68,Jaipur,true
Hard Plastic,Plastic,hard,MI Road,kg,102.9,mixed,43,2026-04-17,5.0,4.46,Jaipur,true
Hard Plastic,Plastic,hard,Nirman Nagar,kg,81.1,clean,96,2026-06-09,5.0,4.7,Jaipur,true
Hard Plastic,Plastic,hard,C-Scheme,kg,36.7,dirty,8,2026-03-13,5.0,4.02,Jaipur,true
Hard Plastic,Plastic,hard,Nirman Nagar,kg,55.8,mixed,145,2026-07-28,5.0,4.91,Jaipur,true
Hard Plastic,Plastic,hard,Sodala,kg,103.7,mixed,66,2026-05-10,5.0,4.28,Jaipur,true
Hard Plastic,Plastic,hard,Malviya Nagar,kg,95.5,mixed,16,2026-03-21,5.0,4.5,Jaipur,true
Hard Plastic,Plastic,hard,Gopalpura,kg,58.2,mixed,69,2026-05-13,5.0,4.13,Jaipur,true
Hard Plastic,Plastic,hard,Sodala,kg,91.7,clean,20,2026-03-25,5.0,4.92,Jaipur,true
Hard Plastic,Plastic,hard,Ramnagariya,kg,21.6,mixed,117,2026-06-30,5.0,4.29,Jaipur,true
Hard Plastic,Plastic,hard,Tonk Road,kg,97.8,clean,60,2026-05-04,5.0,4.43,Jaipur,true
Hard Plastic,Plastic,hard,C-Scheme,kg,109.5,clean,78,2026-05-22,5.0,4.43,Jaipur,true
Hard Plastic,Plastic,hard,Patrakar Colony,kg,102.5,mixed,11,2026-03-16,5.0,4.5,Jaipur,true
Hard Plastic,Plastic,hard,Vaishali Nagar,kg,29.2,clean,96,2026-06-09,5.0,4.72,Jaipur,true
Hard Plastic,Plastic,hard,Raja Park,kg,58.8,dirty,125,2026-07-08,5.0,3.93,Jaipur,true
Hard Plastic,Plastic,hard,Sodala,kg,85.2,clean,91,2026-06-04,5.0,4.36,Jaipur,true
Hard Plastic,Plastic,hard,Model Town,kg,105.5,clean,98,2026-06-11,5.0,4.75,Jaipur,true
Hard Plastic,Plastic,hard,Civil Lines,kg,15.1,mixed,79,2026-05-23,5.0,4.16,Jaipur,true
Hard Plastic,Plastic,hard,Vaishali Nagar,kg,102.7,mixed,82,2026-05-26,5.0,4.7,Jaipur,true
Hard Plastic,Plastic,hard,Sodala,kg,46.5,mixed,128,2026-07-11,5.0,4.44,Jaipur,true
Hard Plastic,Plastic,hard,Mansarovar,kg,31.8,clean,19,2026-03-24,5.0,5.24,Jaipur,true
Hard Plastic,Plastic,hard,Malviya Nagar,kg,15.9,mixed,101,2026-06-14,5.0,4.09,Jaipur,true
Hard Plastic,Plastic,hard,Ramnagariya,kg,67.8,dirty,67,2026-05-11,5.0,3.41,Jaipur,true
Hard Plastic,Plastic,hard,Barkat Nagar,kg,24.7,mixed,141,2026-07-24,5.0,4.95,Jaipur,true
Hard Plastic,Plastic,hard,Durgapura,kg,11.8,dirty,81,2026-05-25,5.0,3.58,Jaipur,true
Hard Plastic,Plastic,hard,Civil Lines,kg,91.2,mixed,155,2026-08-07,5.0,5.42,Jaipur,true
Hard Plastic,Plastic,hard,Mahesh Nagar,kg,54.2,mixed,3,2026-03-08,5.0,5.45,Jaipur,true
Hard Plastic,Plastic,hard,C-Scheme,kg,68.1,clean,14,2026-03-19,5.0,5.11,Jaipur,true
Hard Plastic,Plastic,hard,Chandpole,kg,68.5,damaged,147,2026-07-30,5.0,3.84,Jaipur,true
Hard Plastic,Plastic,hard,Adarsh Nagar,kg,66.3,mixed,124,2026-07-07,5.0,4.31,Jaipur,true
Hard Plastic,Plastic,hard,Adarsh Nagar,kg,27.4,clean,28,2026-04-02,5.0,4.48,Jaipur,true
Hard Plastic,Plastic,hard,Vaishali Nagar,kg,60.7,clean,49,2026-04-23,5.0,5.16,Jaipur,true
Hard Plastic,Plastic,hard,Gopalpura,kg,40.4,dirty,100,2026-06-13,5.0,3.53,Jaipur,true
Hard Plastic,Plastic,hard,Durgapura,kg,89.3,dirty,5,2026-03-10,5.0,4.38,Jaipur,true
Hard Plastic,Plastic,hard,Sodala,kg,56.7,damaged,159,2026-08-11,5.0,3.94,Jaipur,true
Hard Plastic,Plastic,hard,Ramnagariya,kg,10.4,damaged,15,2026-03-20,5.0,3.29,Jaipur,true
Hard Plastic,Plastic,hard,Nirman Nagar,kg,62.2,clean,87,2026-05-31,5.0,4.52,Jaipur,true
Hard Plastic,Plastic,hard,Tonk Road,kg,105.8,mixed,116,2026-06-29,5.0,4.56,Jaipur,true
Hard Plastic,Plastic,hard,Tonk Road,kg,110.5,mixed,80,2026-05-24,5.0,4.1,Jaipur,true
Hard Plastic,Plastic,hard,Shyam Nagar,kg,13.4,clean,142,2026-07-25,5.0,4.76,Jaipur,true
Hard Plastic,Plastic,hard,Adarsh Nagar,kg,77.3,clean,111,2026-06-24,5.0,4.47,Jaipur,true
Hard Plastic,Plastic,hard,Airport Area,kg,17.9,dirty,117,2026-06-30,5.0,3.97,Jaipur,true
Hard Plastic,Plastic,hard,Mansarovar,kg,28.1,mixed,24,2026-03-29,5.0,5.03,Jaipur,true
Hard Plastic,Plastic,hard,Ramnagariya,kg,47.2,mixed,14,2026-03-19,5.0,4.37,Jaipur,true
Hard Plastic,Plastic,hard,Sodala,kg,30.5,clean,109,2026-06-22,5.0,4.56,Jaipur,true
Hard Plastic,Plastic,hard,Shyam Nagar,kg,89.4,clean,40,2026-04-14,5.0,4.92,Jaipur,true
Hard Plastic,Plastic,hard,Vaishali Nagar,kg,10.1,mixed,150,2026-08-02,5.0,5.03,Jaipur,true
Hard Plastic,Plastic,hard,MI Road,kg,35.5,mixed,47,2026-04-21,5.0,4.24,Jaipur,true
Hard Plastic,Plastic,hard,Airport Area,kg,99.8,dirty,145,2026-07-28,5.0,4.16,Jaipur,true
Hard Plastic,Plastic,hard,Patrakar Colony,kg,76.1,mixed,93,2026-06-06,5.0,3.96,Jaipur,true
Hard Plastic,Plastic,hard,Barkat Nagar,kg,59.6,dirty,89,2026-06-02,5.0,3.79,Jaipur,true
Hard Plastic,Plastic,hard,Mahesh Nagar,kg,26.3,dirty,23,2026-03-28,5.0,4.19,Jaipur,true
Hard Plastic,Plastic,hard,Vaishali Nagar,kg,88.1,mixed,144,2026-07-27,5.0,5.11,Jaipur,true
Hard Plastic,Plastic,hard,Mahesh Nagar,kg,21.4,dirty,111,2026-06-24,5.0,3.98,Jaipur,true
Hard Plastic,Plastic,hard,Chandpole,kg,16.0,mixed,20,2026-03-25,5.0,4.72,Jaipur,true
Hard Plastic,Plastic,hard,Patrakar Colony,kg,117.9,damaged,165,2026-08-17,5.0,3.76,Jaipur,true
Hard Plastic,Plastic,hard,Patrakar Colony,kg,107.4,clean,16,2026-03-21,5.0,4.73,Jaipur,true
Hard Plastic,Plastic,hard,Nirman Nagar,kg,27.7,dirty,175,2026-08-27,5.0,4.38,Jaipur,true
Hard Plastic,Plastic,hard,MI Road,kg,73.3,clean,146,2026-07-29,5.0,4.83,Jaipur,true
Hard Plastic,Plastic,hard,C-Scheme,kg,51.4,mixed,81,2026-05-25,5.0,4.35,Jaipur,true
Hard Plastic,Plastic,hard,Tonk Road,kg,7.7,mixed,42,2026-04-16,5.0,4.38,Jaipur,true
Hard Plastic,Plastic,hard,Durgapura,kg,2.5,damaged,117,2026-06-30,5.0,3.46,Jaipur,true
Hard Plastic,Plastic,hard,Adarsh Nagar,kg,41.6,mixed,142,2026-07-25,5.0,4.37,Jaipur,true
Hard Plastic,Plastic,hard,Patrakar Colony,kg,15.6,dirty,169,2026-08-21,5.0,4.17,Jaipur,true
Hard Plastic,Plastic,hard,C-Scheme,kg,117.6,clean,51,2026-04-25,5.0,4.78,Jaipur,true
Hard Plastic,Plastic,hard,Mahesh Nagar,kg,13.7,clean,102,2026-06-15,5.0,4.96,Jaipur,true
Hard Plastic,Plastic,hard,Malviya Nagar,kg,100.9,clean,128,2026-07-11,5.0,4.62,Jaipur,true
Hard Plastic,Plastic,hard,Ramnagariya,kg,39.5,mixed,127,2026-07-10,5.0,4.13,Jaipur,true
Hard Plastic,Plastic,hard,Civil Lines,kg,112.1,clean,173,2026-08-25,5.0,5.68,Jaipur,true
Hard Plastic,Plastic,hard,MI Road,kg,22.4,mixed,68,2026-05-12,5.0,4.01,Jaipur,true
Hard Plastic,Plastic,hard,Vaishali Nagar,kg,69.6,damaged,52,2026-04-26,5.0,3.61,Jaipur,true
Hard Plastic,Plastic,hard,Civil Lines,kg,52.5,dirty,93,2026-06-06,5.0,3.68,Jaipur,true
Hard Plastic,Plastic,hard,MI Road,kg,51.2,mixed,110,2026-06-23,5.0,4.33,Jaipur,true
Hard Plastic,Plastic,hard,Adarsh Nagar,kg,19.1,mixed,148,2026-07-31,5.0,4.33,Jaipur,true
Hard Plastic,Plastic,hard,Barkat Nagar,kg,38.6,damaged,132,2026-07-15,5.0,3.66,Jaipur,true
Hard Plastic,Plastic,hard,Durgapura,kg,43.1,mixed,8,2026-03-13,5.0,4.75,Jaipur,true
Hard Plastic,Plastic,hard,Patrakar Colony,kg,110.9,mixed,52,2026-04-26,5.0,4.24,Jaipur,true
Hard Plastic,Plastic,hard,Tonk Road,kg,60.5,dirty,8,2026-03-13,5.0,3.97,Jaipur,true
Hard Plastic,Plastic,hard,Mansarovar,kg,115.9,mixed,8,2026-03-13,5.0,5.29,Jaipur,true
Hard Plastic,Plastic,hard,Gopalpura,kg,58.2,clean,93,2026-06-06,5.0,4.26,Jaipur,true
Hard Plastic,Plastic,hard,C-Scheme,kg,8.4,clean,143,2026-07-26,5.0,4.86,Jaipur,true
PET Bottle,Plastic,bottle,Model Town,kg,83.4,clean,96,2026-06-09,20.0,18.66,Jaipur,true
PET Bottle,Plastic,bottle,Civil Lines,kg,119.5,dirty,92,2026-06-05,20.0,14.72,Jaipur,true
PET Bottle,Plastic,bottle,Hasanpura,kg,3.8,mixed,136,2026-07-19,20.0,19.09,Jaipur,true
PET Bottle,Plastic,bottle,C-Scheme,kg,22.3,mixed,90,2026-06-03,20.0,16.32,Jaipur,true
PET Bottle,Plastic,bottle,Hasanpura,kg,53.6,clean,164,2026-08-16,20.0,24.1,Jaipur,true
PET Bottle,Plastic,bottle,MI Road,kg,36.0,clean,48,2026-04-22,20.0,17.83,Jaipur,true
PET Bottle,Plastic,bottle,Adarsh Nagar,kg,20.2,damaged,74,2026-05-18,20.0,11.36,Jaipur,true
PET Bottle,Plastic,bottle,Gopalpura,kg,87.6,clean,96,2026-06-09,20.0,17.73,Jaipur,true
PET Bottle,Plastic,bottle,Barkat Nagar,kg,82.0,mixed,129,2026-07-12,20.0,20.11,Jaipur,true
PET Bottle,Plastic,bottle,Durgapura,kg,39.0,damaged,30,2026-04-04,20.0,13.69,Jaipur,true
PET Bottle,Plastic,bottle,C-Scheme,kg,33.4,mixed,119,2026-07-02,20.0,18.11,Jaipur,true
PET Bottle,Plastic,bottle,Gopalpura,kg,35.1,clean,7,2026-03-12,20.0,19.44,Jaipur,true
PET Bottle,Plastic,bottle,Gopalpura,kg,102.0,clean,51,2026-04-25,20.0,18.37,Jaipur,true
PET Bottle,Plastic,bottle,Tonk Road,kg,48.2,mixed,71,2026-05-15,20.0,15.47,Jaipur,true
PET Bottle,Plastic,bottle,Airport Area,kg,45.2,mixed,1,2026-03-06,20.0,19.96,Jaipur,true
PET Bottle,Plastic,bottle,Nirman Nagar,kg,1.4,mixed,64,2026-05-08,20.0,17.39,Jaipur,true
PET Bottle,Plastic,bottle,Raja Park,kg,7.2,clean,112,2026-06-25,20.0,18.8,Jaipur,true
PET Bottle,Plastic,bottle,Hasanpura,kg,5.0,dirty,74,2026-05-18,20.0,14.67,Jaipur,true
PET Bottle,Plastic,bottle,Raja Park,kg,79.0,mixed,149,2026-08-01,20.0,19.67,Jaipur,true
PET Bottle,Plastic,bottle,Shyam Nagar,kg,102.7,mixed,49,2026-04-23,20.0,17.85,Jaipur,true
PET Bottle,Plastic,bottle,Malviya Nagar,kg,103.1,mixed,174,2026-08-26,20.0,19.68,Jaipur,true
PET Bottle,Plastic,bottle,Malviya Nagar,kg,109.7,dirty,55,2026-04-29,20.0,14.76,Jaipur,true
PET Bottle,Plastic,bottle,Malviya Nagar,kg,91.7,dirty,85,2026-05-29,20.0,13.86,Jaipur,true
PET Bottle,Plastic,bottle,MI Road,kg,54.2,damaged,106,2026-06-19,20.0,13.29,Jaipur,true
PET Bottle,Plastic,bottle,Raja Park,kg,90.7,mixed,59,2026-05-03,20.0,17.75,Jaipur,true
PET Bottle,Plastic,bottle,Barkat Nagar,kg,101.7,dirty,139,2026-07-22,20.0,17.34,Jaipur,true
PET Bottle,Plastic,bottle,Sodala,kg,98.2,clean,140,2026-07-23,20.0,20.12,Jaipur,true
PET Bottle,Plastic,bottle,Chandpole,kg,17.7,mixed,40,2026-04-14,20.0,19.21,Jaipur,true
PET Bottle,Plastic,bottle,Shyam Nagar,kg,114.9,mixed,85,2026-05-29,20.0,16.82,Jaipur,true
PET Bottle,Plastic,bottle,Malviya Nagar,kg,100.2,clean,52,2026-04-26,20.0,17.8,Jaipur,true
PET Bottle,Plastic,bottle,Hasanpura,kg,71.8,dirty,65,2026-05-09,20.0,16.01,Jaipur,true
PET Bottle,Plastic,bottle,C-Scheme,kg,76.8,mixed,2,2026-03-07,20.0,20.54,Jaipur,true
PET Bottle,Plastic,bottle,Tonk Road,kg,15.1,clean,74,2026-05-18,20.0,16.18,Jaipur,true
PET Bottle,Plastic,bottle,Nirman Nagar,kg,63.0,damaged,34,2026-04-08,20.0,14.77,Jaipur,true
PET Bottle,Plastic,bottle,Hasanpura,kg,20.7,mixed,149,2026-08-01,20.0,20.03,Jaipur,true
PET Bottle,Plastic,bottle,Mahesh Nagar,kg,77.9,mixed,18,2026-03-23,20.0,20.78,Jaipur,true
PET Bottle,Plastic,bottle,Sodala,kg,77.6,mixed,87,2026-05-31,20.0,16.62,Jaipur,true
PET Bottle,Plastic,bottle,Chandpole,kg,34.9,mixed,133,2026-07-16,20.0,18.59,Jaipur,true
PET Bottle,Plastic,bottle,Patrakar Colony,kg,9.4,mixed,32,2026-04-06,20.0,17.07,Jaipur,true
PET Bottle,Plastic,bottle,Tonk Road,kg,98.7,mixed,105,2026-06-18,20.0,17.48,Jaipur,true
PET Bottle,Plastic,bottle,Civil Lines,kg,107.2,mixed,82,2026-05-26,20.0,18.12,Jaipur,true
PET Bottle,Plastic,bottle,Mansarovar,kg,14.5,clean,23,2026-03-28,20.0,20.87,Jaipur,true
PET Bottle,Plastic,bottle,Durgapura,kg,88.6,clean,51,2026-04-25,20.0,19.2,Jaipur,true
PET Bottle,Plastic,bottle,Hasanpura,kg,52.3,clean,30,2026-04-04,20.0,21.11,Jaipur,true
PET Bottle,Plastic,bottle,C-Scheme,kg,42.5,mixed,158,2026-08-10,20.0,20.34,Jaipur,true
PET Bottle,Plastic,bottle,Patrakar Colony,kg,112.0,damaged,173,2026-08-25,20.0,14.84,Jaipur,true
PET Bottle,Plastic,bottle,Tonk Road,kg,39.1,clean,73,2026-05-17,20.0,16.47,Jaipur,true
PET Bottle,Plastic,bottle,Malviya Nagar,kg,51.2,mixed,43,2026-04-17,20.0,17.61,Jaipur,true
PET Bottle,Plastic,bottle,Nirman Nagar,kg,2.6,mixed,14,2026-03-19,20.0,19.09,Jaipur,true
PET Bottle,Plastic,bottle,Patrakar Colony,kg,73.9,clean,42,2026-04-16,20.0,18.9,Jaipur,true
PET Bottle,Plastic,bottle,Nirman Nagar,kg,111.7,mixed,36,2026-04-10,20.0,19.23,Jaipur,true
PET Bottle,Plastic,bottle,Hasanpura,kg,55.2,dirty,175,2026-08-27,20.0,19.02,Jaipur,true
PET Bottle,Plastic,bottle,Durgapura,kg,75.4,mixed,143,2026-07-26,20.0,19.35,Jaipur,true
PET Bottle,Plastic,bottle,Model Town,kg,90.4,mixed,133,2026-07-16,20.0,18.95,Jaipur,true
PET Bottle,Plastic,bottle,Chandpole,kg,59.4,damaged,79,2026-05-23,20.0,13.06,Jaipur,true
PET Bottle,Plastic,bottle,Ramnagariya,kg,77.6,mixed,34,2026-04-08,20.0,18.04,Jaipur,true
PET Bottle,Plastic,bottle,Civil Lines,kg,14.7,clean,97,2026-06-10,20.0,17.95,Jaipur,true
PET Bottle,Plastic,bottle,MI Road,kg,78.4,dirty,17,2026-03-22,20.0,16.01,Jaipur,true
PET Bottle,Plastic,bottle,Civil Lines,kg,82.0,clean,179,2026-08-31,20.0,22.18,Jaipur,true
PET Bottle,Plastic,bottle,Model Town,kg,88.5,dirty,27,2026-04-01,20.0,16.6,Jaipur,true
PET Bottle,Plastic,bottle,Model Town,kg,53.7,mixed,49,2026-04-23,20.0,18.67,Jaipur,true
PET Bottle,Plastic,bottle,Hasanpura,kg,49.8,clean,9,2026-03-14,20.0,20.82,Jaipur,true
PET Bottle,Plastic,bottle,Durgapura,kg,39.5,mixed,170,2026-08-22,20.0,20.79,Jaipur,true
PET Bottle,Plastic,bottle,Ramnagariya,kg,93.9,dirty,54,2026-04-28,20.0,14.72,Jaipur,true
PET Bottle,Plastic,bottle,Raja Park,kg,55.7,clean,11,2026-03-16,20.0,20.21,Jaipur,true
PET Bottle,Plastic,bottle,Sodala,kg,25.3,dirty,88,2026-06-01,20.0,13.58,Jaipur,true
PET Bottle,Plastic,bottle,Vaishali Nagar,kg,10.0,dirty,101,2026-06-14,20.0,15.78,Jaipur,true
PET Bottle,Plastic,bottle,Tonk Road,kg,13.2,mixed,50,2026-04-24,20.0,17.31,Jaipur,true
PET Bottle,Plastic,bottle,Tonk Road,kg,25.5,mixed,4,2026-03-09,20.0,18.69,Jaipur,true
PET Bottle,Plastic,bottle,Shyam Nagar,kg,61.6,clean,131,2026-07-14,20.0,19.16,Jaipur,true
PET Bottle,Plastic,bottle,Tonk Road,kg,108.5,damaged,36,2026-04-10,20.0,13.44,Jaipur,true
PET Bottle,Plastic,bottle,Adarsh Nagar,kg,43.8,dirty,19,2026-03-24,20.0,14.73,Jaipur,true
PET Bottle,Plastic,bottle,Tonk Road,kg,55.2,dirty,48,2026-04-22,20.0,15.0,Jaipur,true
PET Bottle,Plastic,bottle,Hasanpura,kg,55.0,clean,96,2026-06-09,20.0,19.62,Jaipur,true
PET Bottle,Plastic,bottle,Civil Lines,kg,49.7,mixed,34,2026-04-08,20.0,19.07,Jaipur,true
PET Bottle,Plastic,bottle,Malviya Nagar,kg,94.5,mixed,162,2026-08-14,20.0,20.15,Jaipur,true
PET Bottle,Plastic,bottle,Model Town,kg,40.7,mixed,59,2026-05-03,20.0,17.19,Jaipur,true
PET Bottle,Plastic,bottle,Tonk Road,kg,6.1,mixed,37,2026-04-11,20.0,17.58,Jaipur,true
PET Bottle,Plastic,bottle,Sodala,kg,111.8,mixed,126,2026-07-09,20.0,18.13,Jaipur,true
PET Bottle,Plastic,bottle,Gopalpura,kg,46.9,dirty,82,2026-05-26,20.0,13.87,Jaipur,true
PET Bottle,Plastic,bottle,Chandpole,kg,61.8,dirty,86,2026-05-30,20.0,14.8,Jaipur,true
PET Bottle,Plastic,bottle,Vaishali Nagar,kg,34.7,damaged,114,2026-06-27,20.0,14.54,Jaipur,true
PET Bottle,Plastic,bottle,Hasanpura,kg,26.3,mixed,84,2026-05-28,20.0,17.84,Jaipur,true
PET Bottle,Plastic,bottle,Malviya Nagar,kg,39.1,mixed,9,2026-03-14,20.0,17.49,Jaipur,true
PET Bottle,Plastic,bottle,Airport Area,kg,109.6,mixed,157,2026-08-09,20.0,21.37,Jaipur,true
PET Bottle,Plastic,bottle,Raja Park,kg,105.7,clean,27,2026-04-01,20.0,20.36,Jaipur,true
PET Bottle,Plastic,bottle,C-Scheme,kg,47.7,mixed,47,2026-04-21,20.0,17.81,Jaipur,true
PET Bottle,Plastic,bottle,Mansarovar,kg,51.1,damaged,72,2026-05-16,20.0,13.8,Jaipur,true
PET Bottle,Plastic,bottle,Patrakar Colony,kg,29.9,mixed,68,2026-05-12,20.0,15.83,Jaipur,true
PET Bottle,Plastic,bottle,Mansarovar,kg,82.9,mixed,172,2026-08-24,20.0,22.68,Jaipur,true
Plastic Jar (5 Litre),Plastic,jar,Shyam Nagar,kg,71.8,mixed,12,2026-03-17,10.0,9.26,Jaipur,true
Plastic Jar (5 Litre),Plastic,jar,Vaishali Nagar,kg,104.3,mixed,179,2026-08-31,10.0,10.96,Jaipur,true
Plastic Jar (5 Litre),Plastic,jar,Civil Lines,kg,22.4,clean,38,2026-04-12,10.0,10.17,Jaipur,true
Plastic Jar (5 Litre),Plastic,jar,Shyam Nagar,kg,35.2,dirty,72,2026-05-16,10.0,6.77,Jaipur,true
Plastic Jar (5 Litre),Plastic,jar,Barkat Nagar,kg,51.0,mixed,51,2026-04-25,10.0,9.63,Jaipur,true
Plastic Jar (5 Litre),Plastic,jar,Sodala,kg,30.2,mixed,141,2026-07-24,10.0,9.21,Jaipur,true
Plastic Jar (5 Litre),Plastic,jar,Civil Lines,kg,80.6,mixed,132,2026-07-15,10.0,9.85,Jaipur,true
Plastic Jar (5 Litre),Plastic,jar,Patrakar Colony,kg,18.2,dirty,25,2026-03-30,10.0,7.47,Jaipur,true
Plastic Jar (5 Litre),Plastic,jar,Hasanpura,kg,20.7,mixed,3,2026-03-08,10.0,10.45,Jaipur,true
Plastic Jar (5 Litre),Plastic,jar,Barkat Nagar,kg,13.1,clean,120,2026-07-03,10.0,10.07,Jaipur,true
Plastic Jar (5 Litre),Plastic,jar,Nirman Nagar,kg,81.5,mixed,73,2026-05-17,10.0,8.76,Jaipur,true
Plastic Jar (5 Litre),Plastic,jar,Patrakar Colony,kg,53.6,mixed,103,2026-06-16,10.0,8.68,Jaipur,true
Plastic Jar (5 Litre),Plastic,jar,Hasanpura,kg,37.3,clean,153,2026-08-05,10.0,11.13,Jaipur,true
Plastic Jar (5 Litre),Plastic,jar,Mahesh Nagar,kg,48.1,dirty,97,2026-06-10,10.0,7.55,Jaipur,true
Plastic Jar (5 Litre),Plastic,jar,Adarsh Nagar,kg,83.3,damaged,60,2026-05-04,10.0,6.22,Jaipur,true
Plastic Jar (5 Litre),Plastic,jar,Raja Park,kg,65.9,mixed,62,2026-05-06,10.0,9.09,Jaipur,true
Plastic Jar (5 Litre),Plastic,jar,Model Town,kg,94.7,damaged,58,2026-05-02,10.0,6.8,Jaipur,true
Plastic Jar (5 Litre),Plastic,jar,Mansarovar,kg,33.4,clean,96,2026-06-09,10.0,9.54,Jaipur,true
Plastic Jar (5 Litre),Plastic,jar,Vaishali Nagar,kg,15.3,mixed,12,2026-03-17,10.0,9.81,Jaipur,true
Plastic Jar (5 Litre),Plastic,jar,Vaishali Nagar,kg,66.2,damaged,148,2026-07-31,10.0,7.71,Jaipur,true
Plastic Jar (5 Litre),Plastic,jar,Nirman Nagar,kg,26.7,clean,113,2026-06-26,10.0,9.71,Jaipur,true
Plastic Jar (5 Litre),Plastic,jar,MI Road,kg,10.9,mixed,137,2026-07-20,10.0,8.72,Jaipur,true
Plastic Jar (5 Litre),Plastic,jar,MI Road,kg,75.1,dirty,174,2026-08-26,10.0,8.48,Jaipur,true
Plastic Jar (5 Litre),Plastic,jar,Chandpole,kg,104.5,clean,140,2026-07-23,10.0,10.55,Jaipur,true
Plastic Jar (5 Litre),Plastic,jar,Malviya Nagar,kg,95.0,dirty,146,2026-07-29,10.0,7.72,Jaipur,true
Plastic Jar (5 Litre),Plastic,jar,MI Road,kg,113.8,mixed,24,2026-03-29,10.0,9.24,Jaipur,true
Plastic Jar (5 Litre),Plastic,jar,Adarsh Nagar,kg,82.8,dirty,88,2026-06-01,10.0,6.7,Jaipur,true
Plastic Jar (5 Litre),Plastic,jar,Model Town,kg,59.8,clean,47,2026-04-21,10.0,9.85,Jaipur,true
Plastic Jar (5 Litre),Plastic,jar,Gopalpura,kg,60.6,dirty,114,2026-06-27,10.0,7.73,Jaipur,true
Plastic Jar (5 Litre),Plastic,jar,Gopalpura,kg,74.6,clean,29,2026-04-03,10.0,9.7,Jaipur,true
Plastic Jar (5 Litre),Plastic,jar,Durgapura,kg,100.4,clean,137,2026-07-20,10.0,10.06,Jaipur,true
Plastic Jar (5 Litre),Plastic,jar,Model Town,kg,99.6,damaged,161,2026-08-13,10.0,8.22,Jaipur,true
Plastic Jar (5 Litre),Plastic,jar,MI Road,kg,34.7,mixed,159,2026-08-11,10.0,9.74,Jaipur,true
Plastic Jar (5 Litre),Plastic,jar,Vaishali Nagar,kg,70.0,mixed,66,2026-05-10,10.0,9.26,Jaipur,true
Plastic Jar (5 Litre),Plastic,jar,Airport Area,kg,84.3,mixed,45,2026-04-19,10.0,9.37,Jaipur,true
Plastic Jar (5 Litre),Plastic,jar,Sodala,kg,46.5,mixed,8,2026-03-13,10.0,9.32,Jaipur,true
Plastic Jar (5 Litre),Plastic,jar,Vaishali Nagar,kg,95.7,mixed,158,2026-08-10,10.0,11.28,Jaipur,true
Plastic Jar (5 Litre),Plastic,jar,Raja Park,kg,3.5,clean,46,2026-04-20,10.0,9.28,Jaipur,true
Plastic Jar (5 Litre),Plastic,jar,Mahesh Nagar,kg,87.1,mixed,94,2026-06-07,10.0,9.0,Jaipur,true
Plastic Jar (5 Litre),Plastic,jar,Barkat Nagar,kg,9.8,damaged,6,2026-03-11,10.0,7.76,Jaipur,true
Plastic Jar (5 Litre),Plastic,jar,Patrakar Colony,kg,59.6,mixed,94,2026-06-07,10.0,7.92,Jaipur,true
Plastic Jar (5 Litre),Plastic,jar,Nirman Nagar,kg,51.8,clean,92,2026-06-05,10.0,9.03,Jaipur,true
Plastic Jar (5 Litre),Plastic,jar,Barkat Nagar,kg,47.2,mixed,155,2026-08-07,10.0,10.74,Jaipur,true
Plastic Jar (5 Litre),Plastic,jar,Ramnagariya,kg,33.9,mixed,106,2026-06-19,10.0,8.36,Jaipur,true
Plastic Jar (5 Litre),Plastic,jar,Civil Lines,kg,115.8,dirty,13,2026-03-18,10.0,8.39,Jaipur,true
Plastic Jar (5 Litre),Plastic,jar,Tonk Road,kg,19.8,mixed,171,2026-08-23,10.0,9.78,Jaipur,true
Plastic Jar (5 Litre),Plastic,jar,Mansarovar,kg,98.7,dirty,76,2026-05-20,10.0,7.71,Jaipur,true
Plastic Jar (5 Litre),Plastic,jar,Hasanpura,kg,75.4,mixed,44,2026-04-18,10.0,9.67,Jaipur,true
Plastic Jar (5 Litre),Plastic,jar,Civil Lines,kg,54.5,mixed,176,2026-08-28,10.0,10.93,Jaipur,true
Plastic Jar (5 Litre),Plastic,jar,Malviya Nagar,kg,112.6,dirty,9,2026-03-14,10.0,7.73,Jaipur,true
Plastic Jar (5 Litre),Plastic,jar,Chandpole,kg,77.9,mixed,32,2026-04-06,10.0,9.76,Jaipur,true
Plastic Jar (5 Litre),Plastic,jar,Nirman Nagar,kg,106.1,mixed,164,2026-08-16,10.0,11.0,Jaipur,true
Plastic Jar (5 Litre),Plastic,jar,C-Scheme,kg,83.3,dirty,48,2026-04-22,10.0,7.89,Jaipur,true
Plastic Jar (5 Litre),Plastic,jar,C-Scheme,kg,55.7,mixed,129,2026-07-12,10.0,9.5,Jaipur,true
Plastic Jar (5 Litre),Plastic,jar,C-Scheme,kg,44.5,damaged,119,2026-07-02,10.0,6.79,Jaipur,true
Plastic Jar (5 Litre),Plastic,jar,Mahesh Nagar,kg,67.3,mixed,77,2026-05-21,10.0,9.0,Jaipur,true
Plastic Jar (5 Litre),Plastic,jar,Malviya Nagar,kg,78.3,dirty,34,2026-04-08,10.0,7.7,Jaipur,true
Plastic Jar (5 Litre),Plastic,jar,Ramnagariya,kg,18.1,dirty,174,2026-08-26,10.0,8.01,Jaipur,true
Plastic Jar (5 Litre),Plastic,jar,Barkat Nagar,kg,99.5,mixed,19,2026-03-24,10.0,10.21,Jaipur,true
Plastic Jar (5 Litre),Plastic,jar,Tonk Road,kg,100.4,dirty,38,2026-04-12,10.0,7.92,Jaipur,true
Plastic Jar (5 Litre),Plastic,jar,Raja Park,kg,118.9,mixed,83,2026-05-27,10.0,8.7,Jaipur,true
Plastic Jar (5 Litre),Plastic,jar,Mansarovar,kg,32.1,mixed,158,2026-08-10,10.0,10.95,Jaipur,true
Plastic Jar (5 Litre),Plastic,jar,Tonk Road,kg,85.6,mixed,128,2026-07-11,10.0,8.91,Jaipur,true
Plastic Jar (5 Litre),Plastic,jar,Civil Lines,kg,44.5,mixed,96,2026-06-09,10.0,8.67,Jaipur,true
Plastic Jar (5 Litre),Plastic,jar,MI Road,kg,5.5,clean,45,2026-04-19,10.0,8.84,Jaipur,true
Plastic Jar (5 Litre),Plastic,jar,MI Road,kg,54.9,clean,8,2026-03-13,10.0,9.82,Jaipur,true
Plastic Jar (5 Litre),Plastic,jar,Mahesh Nagar,kg,46.7,mixed,126,2026-07-09,10.0,9.45,Jaipur,true
Plastic Jar (5 Litre),Plastic,jar,Tonk Road,kg,111.6,mixed,8,2026-03-13,10.0,9.35,Jaipur,true
Plastic Jar (5 Litre),Plastic,jar,Patrakar Colony,kg,107.7,dirty,132,2026-07-15,10.0,7.66,Jaipur,true
Plastic Jar (5 Litre),Plastic,jar,Patrakar Colony,kg,106.0,dirty,162,2026-08-14,10.0,8.57,Jaipur,true
Plastic Jar (5 Litre),Plastic,jar,Raja Park,kg,112.5,mixed,31,2026-04-05,10.0,9.58,Jaipur,true
Plastic Jar (5 Litre),Plastic,jar,Ramnagariya,kg,51.4,mixed,86,2026-05-30,10.0,7.88,Jaipur,true
Plastic Jar (5 Litre),Plastic,jar,Vaishali Nagar,kg,113.2,mixed,16,2026-03-21,10.0,10.21,Jaipur,true
Plastic Jar (5 Litre),Plastic,jar,Mahesh Nagar,kg,12.5,clean,26,2026-03-31,10.0,10.31,Jaipur,true
Plastic Jar (5 Litre),Plastic,jar,C-Scheme,kg,9.3,clean,83,2026-05-27,10.0,8.74,Jaipur,true
Plastic Jar (5 Litre),Plastic,jar,Nirman Nagar,kg,56.4,mixed,94,2026-06-07,10.0,8.6,Jaipur,true
Plastic Jar (5 Litre),Plastic,jar,Mahesh Nagar,kg,90.8,mixed,143,2026-07-26,10.0,10.28,Jaipur,true
Plastic Jar (5 Litre),Plastic,jar,Shyam Nagar,kg,41.2,dirty,16,2026-03-21,10.0,7.58,Jaipur,true
Plastic Jar (5 Litre),Plastic,jar,Airport Area,kg,74.2,mixed,138,2026-07-21,10.0,9.87,Jaipur,true
Plastic Jar (5 Litre),Plastic,jar,Vaishali Nagar,kg,31.4,dirty,83,2026-05-27,10.0,7.54,Jaipur,true
Plastic Jar (5 Litre),Plastic,jar,Sodala,kg,95.2,clean,101,2026-06-14,10.0,9.37,Jaipur,true
Plastic Jar (5 Litre),Plastic,jar,C-Scheme,kg,62.1,dirty,56,2026-04-30,10.0,7.69,Jaipur,true
Plastic Jar (5 Litre),Plastic,jar,Gopalpura,kg,108.2,mixed,16,2026-03-21,10.0,9.21,Jaipur,true
Plastic Jar (5 Litre),Plastic,jar,Tonk Road,kg,37.1,dirty,122,2026-07-05,10.0,7.3,Jaipur,true
Plastic Jar (5 Litre),Plastic,jar,Gopalpura,kg,107.3,dirty,136,2026-07-19,10.0,7.62,Jaipur,true
Plastic Jar (5 Litre),Plastic,jar,C-Scheme,kg,20.3,mixed,106,2026-06-19,10.0,8.95,Jaipur,true
Plastic Jar (5 Litre),Plastic,jar,Nirman Nagar,kg,87.0,mixed,12,2026-03-17,10.0,9.76,Jaipur,true
Plastic Jar (5 Litre),Plastic,jar,Adarsh Nagar,kg,118.8,clean,170,2026-08-22,10.0,10.56,Jaipur,true
Plastic Jar (5 Litre),Plastic,jar,Mansarovar,kg,63.9,dirty,126,2026-07-09,10.0,8.42,Jaipur,true
Plastic Jar (5 Litre),Plastic,jar,Vaishali Nagar,kg,45.3,dirty,166,2026-08-18,10.0,9.22,Jaipur,true
Plastic Jar (15 Litre),Plastic,jar,Mansarovar,kg,20.6,mixed,89,2026-06-02,10.0,8.73,Jaipur,true
Plastic Jar (15 Litre),Plastic,jar,Ramnagariya,kg,58.8,damaged,73,2026-05-17,10.0,6.02,Jaipur,true
Plastic Jar (15 Litre),Plastic,jar,Chandpole,kg,99.1,clean,140,2026-07-23,10.0,10.55,Jaipur,true
Plastic Jar (15 Litre),Plastic,jar,Shyam Nagar,kg,63.6,dirty,6,2026-03-11,10.0,8.36,Jaipur,true
Plastic Jar (15 Litre),Plastic,jar,Barkat Nagar,kg,9.4,dirty,58,2026-05-02,10.0,7.74,Jaipur,true
Plastic Jar (15 Litre),Plastic,jar,Shyam Nagar,kg,65.6,mixed,57,2026-05-01,10.0,8.71,Jaipur,true
Plastic Jar (15 Litre),Plastic,jar,Airport Area,kg,16.4,clean,149,2026-08-01,10.0,10.05,Jaipur,true
Plastic Jar (15 Litre),Plastic,jar,Chandpole,kg,119.4,dirty,71,2026-05-15,10.0,7.43,Jaipur,true
Plastic Jar (15 Litre),Plastic,jar,Chandpole,kg,45.0,clean,77,2026-05-21,10.0,8.79,Jaipur,true
Plastic Jar (15 Litre),Plastic,jar,Shyam Nagar,kg,87.1,dirty,148,2026-07-31,10.0,7.94,Jaipur,true
Plastic Jar (15 Litre),Plastic,jar,Chandpole,kg,50.2,damaged,12,2026-03-17,10.0,7.41,Jaipur,true
Plastic Jar (15 Litre),Plastic,jar,Patrakar Colony,kg,102.8,clean,54,2026-04-28,10.0,9.14,Jaipur,true
Plastic Jar (15 Litre),Plastic,jar,Durgapura,kg,56.6,dirty,92,2026-06-05,10.0,7.2,Jaipur,true
Plastic Jar (15 Litre),Plastic,jar,Tonk Road,kg,34.0,clean,86,2026-05-30,10.0,8.09,Jaipur,true
Plastic Jar (15 Litre),Plastic,jar,MI Road,kg,101.8,damaged,110,2026-06-23,10.0,6.49,Jaipur,true
Plastic Jar (15 Litre),Plastic,jar,Vaishali Nagar,kg,54.2,mixed,6,2026-03-11,10.0,10.83,Jaipur,true
Plastic Jar (15 Litre),Plastic,jar,Nirman Nagar,kg,67.0,clean,62,2026-05-06,10.0,9.68,Jaipur,true
Plastic Jar (15 Litre),Plastic,jar,Durgapura,kg,41.9,mixed,127,2026-07-10,10.0,8.88,Jaipur,true
Plastic Jar (15 Litre),Plastic,jar,Civil Lines,kg,2.6,dirty,34,2026-04-08,10.0,8.1,Jaipur,true
Plastic Jar (15 Litre),Plastic,jar,Vaishali Nagar,kg,68.0,dirty,165,2026-08-17,10.0,9.66,Jaipur,true
Plastic Jar (15 Litre),Plastic,jar,Nirman Nagar,kg,22.4,dirty,69,2026-05-13,10.0,7.16,Jaipur,true
Plastic Jar (15 Litre),Plastic,jar,Vaishali Nagar,kg,84.4,dirty,59,2026-05-03,10.0,8.0,Jaipur,true
Plastic Jar (15 Litre),Plastic,jar,Model Town,kg,30.4,mixed,120,2026-07-03,10.0,9.17,Jaipur,true
Plastic Jar (15 Litre),Plastic,jar,Ramnagariya,kg,5.5,dirty,11,2026-03-16,10.0,7.31,Jaipur,true
Plastic Jar (15 Litre),Plastic,jar,Hasanpura,kg,82.7,clean,29,2026-04-03,10.0,10.74,Jaipur,true
Plastic Jar (15 Litre),Plastic,jar,Sodala,kg,62.1,clean,3,2026-03-08,10.0,10.56,Jaipur,true
Plastic Jar (15 Litre),Plastic,jar,Chandpole,kg,26.5,damaged,167,2026-08-19,10.0,7.83,Jaipur,true
Plastic Jar (15 Litre),Plastic,jar,Model Town,kg,56.7,clean,61,2026-05-05,10.0,9.5,Jaipur,true
Plastic Jar (15 Litre),Plastic,jar,Adarsh Nagar,kg,59.9,mixed,14,2026-03-19,10.0,9.09,Jaipur,true
Plastic Jar (15 Litre),Plastic,jar,Mansarovar,kg,24.2,dirty,17,2026-03-22,10.0,8.71,Jaipur,true
Plastic Jar (15 Litre),Plastic,jar,Durgapura,kg,24.6,dirty,50,2026-04-24,10.0,7.78,Jaipur,true
Plastic Jar (15 Litre),Plastic,jar,Model Town,kg,15.5,clean,77,2026-05-21,10.0,8.62,Jaipur,true
Plastic Jar (15 Litre),Plastic,jar,Ramnagariya,kg,118.7,mixed,169,2026-08-21,10.0,10.15,Jaipur,true
Plastic Jar (15 Litre),Plastic,jar,Durgapura,kg,9.4,mixed,155,2026-08-07,10.0,10.2,Jaipur,true
Plastic Jar (15 Litre),Plastic,jar,Airport Area,kg,63.2,dirty,56,2026-04-30,10.0,7.83,Jaipur,true
Plastic Jar (15 Litre),Plastic,jar,Hasanpura,kg,100.2,mixed,82,2026-05-26,10.0,9.39,Jaipur,true
Plastic Jar (15 Litre),Plastic,jar,Adarsh Nagar,kg,12.2,mixed,151,2026-08-03,10.0,8.93,Jaipur,true
Plastic Jar (15 Litre),Plastic,jar,Sodala,kg,84.6,mixed,66,2026-05-10,10.0,8.56,Jaipur,true
Plastic Jar (15 Litre),Plastic,jar,Raja Park,kg,71.1,mixed,17,2026-03-22,10.0,9.95,Jaipur,true
Plastic Jar (15 Litre),Plastic,jar,Sodala,kg,119.9,clean,25,2026-03-30,10.0,10.06,Jaipur,true
Plastic Jar (15 Litre),Plastic,jar,Chandpole,kg,16.7,clean,149,2026-08-01,10.0,10.2,Jaipur,true
Plastic Jar (15 Litre),Plastic,jar,Patrakar Colony,kg,108.5,damaged,172,2026-08-24,10.0,7.43,Jaipur,true
Plastic Jar (15 Litre),Plastic,jar,Tonk Road,kg,71.6,damaged,87,2026-05-31,10.0,6.01,Jaipur,true
Plastic Jar (15 Litre),Plastic,jar,Hasanpura,kg,16.7,dirty,165,2026-08-17,10.0,9.28,Jaipur,true
Plastic Jar (15 Litre),Plastic,jar,Mahesh Nagar,kg,90.0,mixed,6,2026-03-11,10.0,10.85,Jaipur,true
Plastic Jar (15 Litre),Plastic,jar,Durgapura,kg,59.8,damaged,99,2026-06-12,10.0,6.69,Jaipur,true
Plastic Jar (15 Litre),Plastic,jar,Raja Park,kg,77.2,dirty,132,2026-07-15,10.0,8.2,Jaipur,true
Plastic Jar (15 Litre),Plastic,jar,Malviya Nagar,kg,95.7,clean,2,2026-03-07,10.0,10.12,Jaipur,true
Plastic Jar (15 Litre),Plastic,jar,Tonk Road,kg,74.3,mixed,102,2026-06-15,10.0,8.74,Jaipur,true
Plastic Jar (15 Litre),Plastic,jar,Barkat Nagar,kg,48.6,dirty,52,2026-04-26,10.0,7.81,Jaipur,true
Plastic Jar (15 Litre),Plastic,jar,Hasanpura,kg,37.0,mixed,133,2026-07-16,10.0,9.58,Jaipur,true
Plastic Jar (15 Litre),Plastic,jar,C-Scheme,kg,12.7,mixed,151,2026-08-03,10.0,9.56,Jaipur,true
Plastic Jar (15 Litre),Plastic,jar,Mansarovar,kg,107.2,damaged,31,2026-04-05,10.0,7.69,Jaipur,true
Plastic Jar (15 Litre),Plastic,jar,Civil Lines,kg,53.1,clean,1,2026-03-06,10.0,11.0,Jaipur,true
Plastic Jar (15 Litre),Plastic,jar,Ramnagariya,kg,83.4,mixed,119,2026-07-02,10.0,8.8,Jaipur,true
Plastic Jar (15 Litre),Plastic,jar,Durgapura,kg,53.4,mixed,37,2026-04-11,10.0,9.67,Jaipur,true
Plastic Jar (15 Litre),Plastic,jar,Ramnagariya,kg,101.6,mixed,37,2026-04-11,10.0,8.99,Jaipur,true
Plastic Jar (15 Litre),Plastic,jar,Malviya Nagar,kg,78.8,clean,29,2026-04-03,10.0,9.47,Jaipur,true
Plastic Jar (15 Litre),Plastic,jar,Tonk Road,kg,41.3,dirty,48,2026-04-22,10.0,7.21,Jaipur,true
Plastic Jar (15 Litre),Plastic,jar,Sodala,kg,64.5,dirty,147,2026-07-30,10.0,8.3,Jaipur,true
Plastic Jar (15 Litre),Plastic,jar,Ramnagariya,kg,90.7,mixed,85,2026-05-29,10.0,8.12,Jaipur,true
Plastic Jar (15 Litre),Plastic,jar,Patrakar Colony,kg,101.6,mixed,177,2026-08-29,10.0,10.03,Jaipur,true
Plastic Jar (15 Litre),Plastic,jar,Patrakar Colony,kg,105.0,mixed,171,2026-08-23,10.0,10.06,Jaipur,true
Plastic Jar (15 Litre),Plastic,jar,Raja Park,kg,93.1,dirty,16,2026-03-21,10.0,8.18,Jaipur,true
Plastic Jar (15 Litre),Plastic,jar,Nirman Nagar,kg,25.8,dirty,172,2026-08-24,10.0,8.79,Jaipur,true
Plastic Jar (15 Litre),Plastic,jar,Model Town,kg,97.7,mixed,165,2026-08-17,10.0,10.8,Jaipur,true
Plastic Jar (15 Litre),Plastic,jar,Mahesh Nagar,kg,118.3,damaged,74,2026-05-18,10.0,6.75,Jaipur,true
Plastic Jar (15 Litre),Plastic,jar,Barkat Nagar,kg,39.1,mixed,42,2026-04-16,10.0,9.75,Jaipur,true
Plastic Jar (15 Litre),Plastic,jar,C-Scheme,kg,58.5,mixed,97,2026-06-10,10.0,8.66,Jaipur,true
Plastic Jar (15 Litre),Plastic,jar,Malviya Nagar,kg,31.6,damaged,163,2026-08-15,10.0,7.23,Jaipur,true
Plastic Jar (15 Litre),Plastic,jar,Ramnagariya,kg,34.9,mixed,9,2026-03-14,10.0,8.7,Jaipur,true
Plastic Jar (15 Litre),Plastic,jar,Civil Lines,kg,78.9,clean,28,2026-04-02,10.0,10.25,Jaipur,true
Plastic Jar (15 Litre),Plastic,jar,C-Scheme,kg,79.2,mixed,167,2026-08-19,10.0,10.51,Jaipur,true
Plastic Jar (15 Litre),Plastic,jar,Nirman Nagar,kg,106.0,clean,156,2026-08-08,10.0,11.51,Jaipur,true
Plastic Jar (15 Litre),Plastic,jar,Vaishali Nagar,kg,70.8,damaged,72,2026-05-16,10.0,6.84,Jaipur,true
Plastic Jar (15 Litre),Plastic,jar,Ramnagariya,kg,101.3,clean,68,2026-05-12,10.0,8.6,Jaipur,true
Plastic Jar (15 Litre),Plastic,jar,Vaishali Nagar,kg,80.3,mixed,176,2026-08-28,10.0,11.34,Jaipur,true
Plastic Jar (15 Litre),Plastic,jar,Gopalpura,kg,116.4,mixed,20,2026-03-25,10.0,9.14,Jaipur,true
Plastic Jar (15 Litre),Plastic,jar,Sodala,kg,7.9,dirty,12,2026-03-17,10.0,7.7,Jaipur,true
Plastic Jar (15 Litre),Plastic,jar,Airport Area,kg,87.0,clean,45,2026-04-19,10.0,9.84,Jaipur,true
Plastic Jar (15 Litre),Plastic,jar,C-Scheme,kg,118.6,clean,120,2026-07-03,10.0,9.89,Jaipur,true
Plastic Jar (15 Litre),Plastic,jar,Raja Park,kg,22.0,dirty,147,2026-07-30,10.0,8.14,Jaipur,true
Plastic Jar (15 Litre),Plastic,jar,Model Town,kg,114.3,clean,91,2026-06-04,10.0,8.96,Jaipur,true
Plastic Jar (15 Litre),Plastic,jar,Model Town,kg,73.8,dirty,131,2026-07-14,10.0,8.11,Jaipur,true
Plastic Jar (15 Litre),Plastic,jar,Tonk Road,kg,11.8,mixed,95,2026-06-08,10.0,7.79,Jaipur,true
Plastic Jar (15 Litre),Plastic,jar,Durgapura,kg,4.1,mixed,6,2026-03-11,10.0,9.82,Jaipur,true
Plastic Jar (15 Litre),Plastic,jar,Malviya Nagar,kg,42.6,mixed,104,2026-06-17,10.0,8.29,Jaipur,true
Plastic Jar (15 Litre),Plastic,jar,C-Scheme,kg,43.3,clean,139,2026-07-22,10.0,9.73,Jaipur,true
Plastic Jar (15 Litre),Plastic,jar,Ramnagariya,kg,85.3,clean,86,2026-05-30,10.0,8.27,Jaipur,true
Plastic Jar (15 Litre),Plastic,jar,Ramnagariya,kg,24.5,mixed,168,2026-08-20,10.0,9.44,Jaipur,true
Plastic Can (20 Litre),Plastic,can,Shyam Nagar,kg,80.0,mixed,15,2026-03-20,10.0,9.45,Jaipur,true
Plastic Can (20 Litre),Plastic,can,C-Scheme,kg,115.9,mixed,141,2026-07-24,10.0,9.72,Jaipur,true
Plastic Can (20 Litre),Plastic,can,Raja Park,kg,18.4,mixed,152,2026-08-04,10.0,9.81,Jaipur,true
Plastic Can (20 Litre),Plastic,can,Mahesh Nagar,kg,58.8,clean,31,2026-04-05,10.0,10.68,Jaipur,true
Plastic Can (20 Litre),Plastic,can,Tonk Road,kg,28.6,mixed,107,2026-06-20,10.0,8.31,Jaipur,true
Plastic Can (20 Litre),Plastic,can,Adarsh Nagar,kg,14.1,clean,140,2026-07-23,10.0,9.18,Jaipur,true
Plastic Can (20 Litre),Plastic,can,Patrakar Colony,kg,12.3,dirty,36,2026-04-10,10.0,7.24,Jaipur,true
Plastic Can (20 Litre),Plastic,can,Chandpole,kg,39.1,clean,97,2026-06-10,10.0,9.03,Jaipur,true
Plastic Can (20 Litre),Plastic,can,Tonk Road,kg,91.9,clean,39,2026-04-13,10.0,9.99,Jaipur,true
Plastic Can (20 Litre),Plastic,can,Barkat Nagar,kg,15.9,dirty,11,2026-03-16,10.0,8.28,Jaipur,true
Plastic Can (20 Litre),Plastic,can,Malviya Nagar,kg,66.8,clean,38,2026-04-12,10.0,9.66,Jaipur,true
Plastic Can (20 Litre),Plastic,can,Airport Area,kg,80.4,mixed,14,2026-03-19,10.0,9.91,Jaipur,true
Plastic Can (20 Litre),Plastic,can,Civil Lines,kg,98.3,mixed,0,2026-03-05,10.0,10.56,Jaipur,true
Plastic Can (20 Litre),Plastic,can,Civil Lines,kg,87.2,dirty,81,2026-05-25,10.0,7.6,Jaipur,true
Plastic Can (20 Litre),Plastic,can,Sodala,kg,33.9,mixed,164,2026-08-16,10.0,10.21,Jaipur,true
Plastic Can (20 Litre),Plastic,can,Patrakar Colony,kg,91.8,clean,162,2026-08-14,10.0,10.59,Jaipur,true
Plastic Can (20 Litre),Plastic,can,Ramnagariya,kg,92.9,mixed,110,2026-06-23,10.0,8.5,Jaipur,true
Plastic Can (20 Litre),Plastic,can,Vaishali Nagar,kg,72.1,mixed,167,2026-08-19,10.0,11.2,Jaipur,true
Plastic Can (20 Litre),Plastic,can,Mahesh Nagar,kg,2.0,dirty,60,2026-05-04,10.0,7.75,Jaipur,true
Plastic Can (20 Litre),Plastic,can,Ramnagariya,kg,33.9,dirty,170,2026-08-22,10.0,8.22,Jaipur,true
Plastic Can (20 Litre),Plastic,can,Vaishali Nagar,kg,7.2,mixed,44,2026-04-18,10.0,9.32,Jaipur,true
Plastic Can (20 Litre),Plastic,can,Patrakar Colony,kg,4.2,dirty,151,2026-08-03,10.0,7.64,Jaipur,true
Plastic Can (20 Litre),Plastic,can,Model Town,kg,22.7,mixed,179,2026-08-31,10.0,10.01,Jaipur,true
Plastic Can (20 Litre),Plastic,can,Nirman Nagar,kg,47.5,mixed,35,2026-04-09,10.0,9.62,Jaipur,true
Plastic Can (20 Litre),Plastic,can,Ramnagariya,kg,31.5,dirty,170,2026-08-22,10.0,8.22,Jaipur,true
Plastic Can (20 Litre),Plastic,can,Ramnagariya,kg,40.1,mixed,16,2026-03-21,10.0,8.61,Jaipur,true
Plastic Can (20 Litre),Plastic,can,Durgapura,kg,76.7,mixed,23,2026-03-28,10.0,9.65,Jaipur,true
Plastic Can (20 Litre),Plastic,can,Malviya Nagar,kg,112.3,damaged,138,2026-07-21,10.0,6.83,Jaipur,true
Plastic Can (20 Litre),Plastic,can,Adarsh Nagar,kg,71.7,mixed,63,2026-05-07,10.0,8.31,Jaipur,true
Plastic Can (20 Litre),Plastic,can,Civil Lines,kg,4.8,dirty,24,2026-03-29,10.0,8.16,Jaipur,true
Plastic Can (20 Litre),Plastic,can,Mahesh Nagar,kg,18.4,clean,73,2026-05-17,10.0,9.25,Jaipur,true
Plastic Can (20 Litre),Plastic,can,Nirman Nagar,kg,28.8,mixed,127,2026-07-10,10.0,9.02,Jaipur,true
Plastic Can (20 Litre),Plastic,can,Ramnagariya,kg,99.8,mixed,152,2026-08-04,10.0,9.48,Jaipur,true
Plastic Can (20 Litre),Plastic,can,Tonk Road,kg,41.9,clean,127,2026-07-10,10.0,8.82,Jaipur,true
Plastic Can (20 Litre),Plastic,can,Nirman Nagar,kg,71.2,dirty,156,2026-08-08,10.0,9.32,Jaipur,true
Plastic Can (20 Litre),Plastic,can,Tonk Road,kg,2.7,mixed,178,2026-08-30,10.0,9.56,Jaipur,true
Plastic Can (20 Litre),Plastic,can,MI Road,kg,53.8,dirty,51,2026-04-25,10.0,7.36,Jaipur,true
Plastic Can (20 Litre),Plastic,can,Mahesh Nagar,kg,9.4,damaged,114,2026-06-27,10.0,7.28,Jaipur,true
Plastic Can (20 Litre),Plastic,can,MI Road,kg,10.9,clean,147,2026-07-30,10.0,9.52,Jaipur,true
Plastic Can (20 Litre),Plastic,can,Chandpole,kg,99.8,dirty,166,2026-08-18,10.0,9.29,Jaipur,true
Plastic Can (20 Litre),Plastic,can,Nirman Nagar,kg,73.3,dirty,172,2026-08-24,10.0,9.14,Jaipur,true
Plastic Can (20 Litre),Plastic,can,Tonk Road,kg,21.4,clean,75,2026-05-19,10.0,8.09,Jaipur,true
Plastic Can (20 Litre),Plastic,can,Nirman Nagar,kg,6.0,damaged,73,2026-05-17,10.0,6.31,Jaipur,true
Plastic Can (20 Litre),Plastic,can,Shyam Nagar,kg,36.5,clean,76,2026-05-20,10.0,8.24,Jaipur,true
Plastic Can (20 Litre),Plastic,can,Patrakar Colony,kg,108.8,mixed,8,2026-03-13,10.0,9.24,Jaipur,true
Plastic Can (20 Litre),Plastic,can,Durgapura,kg,65.8,mixed,153,2026-08-05,10.0,10.4,Jaipur,true
Plastic Can (20 Litre),Plastic,can,Patrakar Colony,kg,53.4,mixed,69,2026-05-13,10.0,8.07,Jaipur,true
Plastic Can (20 Litre),Plastic,can,Civil Lines,kg,74.3,mixed,92,2026-06-05,10.0,8.66,Jaipur,true
Plastic Can (20 Litre),Plastic,can,Nirman Nagar,kg,59.7,clean,1,2026-03-06,10.0,10.92,Jaipur,true
Plastic Can (20 Litre),Plastic,can,C-Scheme,kg,111.4,mixed,103,2026-06-16,10.0,9.24,Jaipur,true
Plastic Can (20 Litre),Plastic,can,Vaishali Nagar,kg,77.4,mixed,24,2026-03-29,10.0,10.36,Jaipur,true
Plastic Can (20 Litre),Plastic,can,MI Road,kg,82.7,dirty,27,2026-04-01,10.0,7.8,Jaipur,true
Plastic Can (20 Litre),Plastic,can,C-Scheme,kg,12.8,mixed,47,2026-04-21,10.0,8.91,Jaipur,true
Plastic Can (20 Litre),Plastic,can,Ramnagariya,kg,33.5,dirty,37,2026-04-11,10.0,7.35,Jaipur,true
Plastic Can (20 Litre),Plastic,can,MI Road,kg,7.8,clean,87,2026-05-31,10.0,8.1,Jaipur,true
Plastic Can (20 Litre),Plastic,can,Shyam Nagar,kg,60.7,mixed,94,2026-06-07,10.0,8.16,Jaipur,true
Plastic Can (20 Litre),Plastic,can,C-Scheme,kg,91.9,clean,7,2026-03-12,10.0,10.51,Jaipur,true
Plastic Can (20 Litre),Plastic,can,Vaishali Nagar,kg,70.1,mixed,15,2026-03-20,10.0,10.4,Jaipur,true
Plastic Can (20 Litre),Plastic,can,Civil Lines,kg,105.2,dirty,147,2026-07-30,10.0,8.65,Jaipur,true
Plastic Can (20 Litre),Plastic,can,Adarsh Nagar,kg,19.7,mixed,50,2026-04-24,10.0,8.51,Jaipur,true
Plastic Can (20 Litre),Plastic,can,Vaishali Nagar,kg,7.2,clean,11,2026-03-16,10.0,10.3,Jaipur,true
Plastic Can (20 Litre),Plastic,can,Barkat Nagar,kg,42.2,mixed,167,2026-08-19,10.0,10.69,Jaipur,true
Plastic Can (20 Litre),Plastic,can,Mansarovar,kg,77.8,mixed,155,2026-08-07,10.0,11.36,Jaipur,true
Plastic Can (20 Litre),Plastic,can,Ramnagariya,kg,89.4,damaged,40,2026-04-14,10.0,6.78,Jaipur,true
Plastic Can (20 Litre),Plastic,can,Airport Area,kg,2.3,clean,80,2026-05-24,10.0,8.88,Jaipur,true
Plastic Can (20 Litre),Plastic,can,Chandpole,kg,101.9,mixed,8,2026-03-13,10.0,10.16,Jaipur,true
Plastic Can (20 Litre),Plastic,can,C-Scheme,kg,67.4,damaged,130,2026-07-13,10.0,7.02,Jaipur,true
Plastic Can (20 Litre),Plastic,can,Sodala,kg,83.6,dirty,103,2026-06-16,10.0,7.73,Jaipur,true
Plastic Can (20 Litre),Plastic,can,Durgapura,kg,47.5,clean,133,2026-07-16,10.0,9.5,Jaipur,true
Plastic Can (20 Litre),Plastic,can,Model Town,kg,31.6,clean,58,2026-05-02,10.0,9.15,Jaipur,true
Plastic Can (20 Litre),Plastic,can,Nirman Nagar,kg,22.1,mixed,132,2026-07-15,10.0,9.41,Jaipur,true
Plastic Can (20 Litre),Plastic,can,Mahesh Nagar,kg,98.2,mixed,78,2026-05-22,10.0,9.0,Jaipur,true
Plastic Can (20 Litre),Plastic,can,Civil Lines,kg,105.1,dirty,104,2026-06-17,10.0,8.02,Jaipur,true
Plastic Can (20 Litre),Plastic,can,Mansarovar,kg,109.6,clean,106,2026-06-19,10.0,10.52,Jaipur,true
Plastic Can (20 Litre),Plastic,can,Hasanpura,kg,27.2,dirty,156,2026-08-08,10.0,9.35,Jaipur,true
Plastic Can (20 Litre),Plastic,can,Sodala,kg,83.5,dirty,83,2026-05-27,10.0,7.25,Jaipur,true
Plastic Can (20 Litre),Plastic,can,Airport Area,kg,31.0,mixed,122,2026-07-05,10.0,9.2,Jaipur,true
Plastic Can (20 Litre),Plastic,can,MI Road,kg,76.8,mixed,79,2026-05-23,10.0,8.02,Jaipur,true
Plastic Can (20 Litre),Plastic,can,Civil Lines,kg,24.7,mixed,111,2026-06-24,10.0,9.0,Jaipur,true
Plastic Can (20 Litre),Plastic,can,Malviya Nagar,kg,47.1,mixed,105,2026-06-18,10.0,8.3,Jaipur,true
Plastic Can (20 Litre),Plastic,can,Malviya Nagar,kg,39.2,mixed,2,2026-03-07,10.0,9.27,Jaipur,true
Plastic Can (20 Litre),Plastic,can,Adarsh Nagar,kg,85.7,clean,13,2026-03-18,10.0,9.43,Jaipur,true
Plastic Can (20 Litre),Plastic,can,Malviya Nagar,kg,48.7,mixed,155,2026-08-07,10.0,9.52,Jaipur,true
Plastic Can (20 Litre),Plastic,can,Raja Park,kg,27.7,mixed,157,2026-08-09,10.0,10.15,Jaipur,true
Plastic Can (20 Litre),Plastic,can,Airport Area,kg,3.7,clean,29,2026-04-03,10.0,9.88,Jaipur,true
Plastic Can (20 Litre),Plastic,can,Mahesh Nagar,kg,61.3,mixed,34,2026-04-08,10.0,10.31,Jaipur,true
Plastic Can (20 Litre),Plastic,can,Nirman Nagar,kg,76.0,dirty,19,2026-03-24,10.0,8.36,Jaipur,true
Plastic Can (20 Litre),Plastic,can,Mansarovar,kg,116.8,mixed,113,2026-06-26,10.0,10.15,Jaipur,true
Plastic Can (20 Litre),Plastic,can,Chandpole,kg,25.2,mixed,114,2026-06-27,10.0,9.39,Jaipur,true
Plastic Can (20 Litre),Plastic,can,Mansarovar,kg,65.7,clean,157,2026-08-09,10.0,11.86,Jaipur,true
Plastic Can (25 Litre),Plastic,can,Ramnagariya,kg,21.5,dirty,129,2026-07-12,15.0,10.88,Jaipur,true
Plastic Can (25 Litre),Plastic,can,Chandpole,kg,53.2,clean,131,2026-07-14,15.0,15.33,Jaipur,true
Plastic Can (25 Litre),Plastic,can,Adarsh Nagar,kg,12.8,mixed,28,2026-04-02,15.0,12.8,Jaipur,true
Plastic Can (25 Litre),Plastic,can,Sodala,kg,41.3,damaged,69,2026-05-13,15.0,9.16,Jaipur,true
Plastic Can (25 Litre),Plastic,can,MI Road,kg,118.6,mixed,109,2026-06-22,15.0,13.09,Jaipur,true
Plastic Can (25 Litre),Plastic,can,Sodala,kg,103.5,mixed,56,2026-04-30,15.0,13.36,Jaipur,true
Plastic Can (25 Litre),Plastic,can,Barkat Nagar,kg,80.1,mixed,73,2026-05-17,15.0,13.63,Jaipur,true
Plastic Can (25 Litre),Plastic,can,Gopalpura,kg,106.2,mixed,117,2026-06-30,15.0,13.77,Jaipur,true
Plastic Can (25 Litre),Plastic,can,Ramnagariya,kg,19.0,clean,2,2026-03-07,15.0,14.53,Jaipur,true
Plastic Can (25 Litre),Plastic,can,Civil Lines,kg,116.3,clean,1,2026-03-06,15.0,16.49,Jaipur,true
Plastic Can (25 Litre),Plastic,can,Nirman Nagar,kg,37.1,dirty,117,2026-06-30,15.0,11.93,Jaipur,true
Plastic Can (25 Litre),Plastic,can,Sodala,kg,107.6,clean,13,2026-03-18,15.0,14.91,Jaipur,true
Plastic Can (25 Litre),Plastic,can,Adarsh Nagar,kg,22.1,mixed,115,2026-06-28,15.0,12.87,Jaipur,true
Plastic Can (25 Litre),Plastic,can,Barkat Nagar,kg,80.4,dirty,37,2026-04-11,15.0,12.98,Jaipur,true
Plastic Can (25 Litre),Plastic,can,Durgapura,kg,47.5,dirty,157,2026-08-09,15.0,12.93,Jaipur,true
Plastic Can (25 Litre),Plastic,can,Ramnagariya,kg,31.6,mixed,111,2026-06-24,15.0,12.28,Jaipur,true
Plastic Can (25 Litre),Plastic,can,Mahesh Nagar,kg,34.6,clean,116,2026-06-29,15.0,15.53,Jaipur,true
Plastic Can (25 Litre),Plastic,can,Nirman Nagar,kg,117.8,mixed,86,2026-05-30,15.0,12.9,Jaipur,true
Plastic Can (25 Litre),Plastic,can,Gopalpura,kg,16.3,clean,79,2026-05-23,15.0,12.28,Jaipur,true
Plastic Can (25 Litre),Plastic,can,Patrakar Colony,kg,112.7,clean,169,2026-08-21,15.0,16.07,Jaipur,true
Plastic Can (25 Litre),Plastic,can,Hasanpura,kg,67.9,mixed,14,2026-03-19,15.0,15.54,Jaipur,true
Plastic Can (25 Litre),Plastic,can,Sodala,kg,92.2,mixed,159,2026-08-11,15.0,15.74,Jaipur,true
Plastic Can (25 Litre),Plastic,can,MI Road,kg,56.7,clean,87,2026-05-31,15.0,12.64,Jaipur,true
Plastic Can (25 Litre),Plastic,can,Barkat Nagar,kg,54.5,clean,118,2026-07-01,15.0,15.46,Jaipur,true
Plastic Can (25 Litre),Plastic,can,Chandpole,kg,68.7,mixed,22,2026-03-27,15.0,14.5,Jaipur,true
Plastic Can (25 Litre),Plastic,can,C-Scheme,kg,48.3,damaged,52,2026-04-26,15.0,9.77,Jaipur,true
Plastic Can (25 Litre),Plastic,can,Shyam Nagar,kg,99.7,mixed,49,2026-04-23,15.0,13.39,Jaipur,true
Plastic Can (25 Litre),Plastic,can,Chandpole,kg,3.5,dirty,0,2026-03-05,15.0,13.01,Jaipur,true
Plastic Can (25 Litre),Plastic,can,Civil Lines,kg,22.9,mixed,55,2026-04-29,15.0,13.7,Jaipur,true
Plastic Can (25 Litre),Plastic,can,Durgapura,kg,25.7,mixed,165,2026-08-17,15.0,15.45,Jaipur,true
Plastic Can (25 Litre),Plastic,can,Durgapura,kg,93.6,clean,73,2026-05-17,15.0,13.58,Jaipur,true
Plastic Can (25 Litre),Plastic,can,Civil Lines,kg,17.4,mixed,116,2026-06-29,15.0,14.22,Jaipur,true
Plastic Can (25 Litre),Plastic,can,Barkat Nagar,kg,87.2,dirty,9,2026-03-14,15.0,13.07,Jaipur,true
Plastic Can (25 Litre),Plastic,can,Model Town,kg,40.4,mixed,136,2026-07-19,15.0,13.62,Jaipur,true
Plastic Can (25 Litre),Plastic,can,Chandpole,kg,69.8,damaged,83,2026-05-27,15.0,10.06,Jaipur,true
Plastic Can (25 Litre),Plastic,can,Nirman Nagar,kg,110.9,mixed,11,2026-03-16,15.0,14.65,Jaipur,true
Plastic Can (25 Litre),Plastic,can,Ramnagariya,kg,68.5,mixed,75,2026-05-19,15.0,11.82,Jaipur,true
Plastic Can (25 Litre),Plastic,can,Patrakar Colony,kg,89.7,dirty,90,2026-06-03,15.0,10.17,Jaipur,true
Plastic Can (25 Litre),Plastic,can,Adarsh Nagar,kg,66.9,mixed,22,2026-03-27,15.0,13.12,Jaipur,true
Plastic Can (25 Litre),Plastic,can,Shyam Nagar,kg,20.6,damaged,138,2026-07-21,15.0,10.16,Jaipur,true
Plastic Can (25 Litre),Plastic,can,Sodala,kg,32.6,dirty,139,2026-07-22,15.0,11.64,Jaipur,true
Plastic Can (25 Litre),Plastic,can,Durgapura,kg,98.9,mixed,10,2026-03-15,15.0,14.51,Jaipur,true
Plastic Can (25 Litre),Plastic,can,Hasanpura,kg,31.9,dirty,4,2026-03-09,15.0,13.35,Jaipur,true
Plastic Can (25 Litre),Plastic,can,Hasanpura,kg,100.0,mixed,24,2026-03-29,15.0,15.51,Jaipur,true
Plastic Can (25 Litre),Plastic,can,Shyam Nagar,kg,31.4,dirty,176,2026-08-28,15.0,12.63,Jaipur,true
Plastic Can (25 Litre),Plastic,can,Tonk Road,kg,54.4,clean,58,2026-05-02,15.0,13.4,Jaipur,true
Plastic Can (25 Litre),Plastic,can,MI Road,kg,55.2,dirty,11,2026-03-16,15.0,11.61,Jaipur,true
Plastic Can (25 Litre),Plastic,can,Tonk Road,kg,47.3,mixed,75,2026-05-19,15.0,11.56,Jaipur,true
Plastic Can (25 Litre),Plastic,can,Gopalpura,kg,109.0,clean,55,2026-04-29,15.0,14.01,Jaipur,true
Plastic Can (25 Litre),Plastic,can,Vaishali Nagar,kg,114.0,mixed,54,2026-04-28,15.0,14.82,Jaipur,true
Plastic Can (25 Litre),Plastic,can,Chandpole,kg,20.4,mixed,111,2026-06-24,15.0,13.58,Jaipur,true
Plastic Can (25 Litre),Plastic,can,Tonk Road,kg,116.6,damaged,99,2026-06-12,15.0,9.49,Jaipur,true
Plastic Can (25 Litre),Plastic,can,Tonk Road,kg,86.2,clean,76,2026-05-20,15.0,12.62,Jaipur,true
Plastic Can (25 Litre),Plastic,can,Model Town,kg,91.0,dirty,29,2026-04-03,15.0,12.4,Jaipur,true
Plastic Can (25 Litre),Plastic,can,Chandpole,kg,45.0,clean,109,2026-06-22,15.0,14.35,Jaipur,true
Plastic Can (25 Litre),Plastic,can,Airport Area,kg,116.5,mixed,28,2026-04-02,15.0,14.51,Jaipur,true
Plastic Can (25 Litre),Plastic,can,Mansarovar,kg,107.6,mixed,121,2026-07-04,15.0,15.08,Jaipur,true
Plastic Can (25 Litre),Plastic,can,Adarsh Nagar,kg,68.2,clean,82,2026-05-26,15.0,12.98,Jaipur,true
Plastic Can (25 Litre),Plastic,can,C-Scheme,kg,4.8,mixed,77,2026-05-21,15.0,12.16,Jaipur,true
Plastic Can (25 Litre),Plastic,can,Airport Area,kg,39.4,mixed,13,2026-03-18,15.0,14.11,Jaipur,true
Plastic Can (25 Litre),Plastic,can,Ramnagariya,kg,102.5,mixed,57,2026-05-01,15.0,12.61,Jaipur,true
Plastic Can (25 Litre),Plastic,can,Airport Area,kg,8.6,mixed,4,2026-03-09,15.0,15.02,Jaipur,true
Plastic Can (25 Litre),Plastic,can,Sodala,kg,27.9,dirty,87,2026-05-31,15.0,10.18,Jaipur,true
Plastic Can (25 Litre),Plastic,can,Hasanpura,kg,96.6,dirty,36,2026-04-10,15.0,12.79,Jaipur,true
Plastic Can (25 Litre),Plastic,can,Barkat Nagar,kg,87.0,clean,40,2026-04-14,15.0,16.12,Jaipur,true
Plastic Can (25 Litre),Plastic,can,Sodala,kg,77.6,dirty,137,2026-07-20,15.0,11.98,Jaipur,true
Plastic Can (25 Litre),Plastic,can,Mahesh Nagar,kg,19.2,clean,155,2026-08-07,15.0,17.06,Jaipur,true
Plastic Can (25 Litre),Plastic,can,Hasanpura,kg,110.3,dirty,13,2026-03-18,15.0,13.04,Jaipur,true
Plastic Can (25 Litre),Plastic,can,Mahesh Nagar,kg,14.2,mixed,178,2026-08-30,15.0,16.11,Jaipur,true
Plastic Can (25 Litre),Plastic,can,Model Town,kg,24.1,clean,29,2026-04-03,15.0,14.73,Jaipur,true
Plastic Can (25 Litre),Plastic,can,Durgapura,kg,68.5,mixed,48,2026-04-22,15.0,13.99,Jaipur,true
Plastic Can (25 Litre),Plastic,can,Durgapura,kg,15.5,damaged,32,2026-04-06,15.0,10.27,Jaipur,true
Plastic Can (25 Litre),Plastic,can,Shyam Nagar,kg,106.0,clean,102,2026-06-15,15.0,14.02,Jaipur,true
Plastic Can (25 Litre),Plastic,can,Tonk Road,kg,74.7,damaged,102,2026-06-15,15.0,9.83,Jaipur,true
Plastic Can (25 Litre),Plastic,can,Ramnagariya,kg,22.6,clean,25,2026-03-30,15.0,13.76,Jaipur,true
Plastic Can (25 Litre),Plastic,can,Sodala,kg,100.6,dirty,30,2026-04-04,15.0,11.86,Jaipur,true
Plastic Can (25 Litre),Plastic,can,Barkat Nagar,kg,25.0,mixed,40,2026-04-14,15.0,14.77,Jaipur,true
Plastic Can (25 Litre),Plastic,can,Tonk Road,kg,114.7,mixed,6,2026-03-11,15.0,14.49,Jaipur,true
Plastic Can (25 Litre),Plastic,can,Chandpole,kg,75.8,mixed,176,2026-08-28,15.0,16.48,Jaipur,true
Plastic Can (25 Litre),Plastic,can,Airport Area,kg,115.7,mixed,147,2026-07-30,15.0,15.13,Jaipur,true
Plastic Can (25 Litre),Plastic,can,Gopalpura,kg,48.7,clean,171,2026-08-23,15.0,15.59,Jaipur,true
Plastic Can (25 Litre),Plastic,can,Hasanpura,kg,62.9,mixed,11,2026-03-16,15.0,15.29,Jaipur,true
Plastic Can (25 Litre),Plastic,can,Mansarovar,kg,64.4,dirty,152,2026-08-04,15.0,13.92,Jaipur,true
Plastic Can (25 Litre),Plastic,can,Civil Lines,kg,16.4,mixed,155,2026-08-07,15.0,15.63,Jaipur,true
Plastic Can (25 Litre),Plastic,can,Civil Lines,kg,59.7,clean,154,2026-08-06,15.0,17.06,Jaipur,true
Plastic Can (25 Litre),Plastic,can,Vaishali Nagar,kg,92.9,mixed,44,2026-04-18,15.0,14.53,Jaipur,true
Plastic Can (25 Litre),Plastic,can,Ramnagariya,kg,38.8,damaged,66,2026-05-10,15.0,8.78,Jaipur,true
Plastic Can (25 Litre),Plastic,can,Shyam Nagar,kg,113.0,mixed,174,2026-08-26,15.0,15.23,Jaipur,true
Plastic Can (25 Litre),Plastic,can,Mahesh Nagar,kg,32.4,clean,86,2026-05-30,15.0,13.63,Jaipur,true
Plastic Can (25 Litre),Plastic,can,Civil Lines,kg,80.5,mixed,96,2026-06-09,15.0,13.52,Jaipur,true
Plastic Can (50 Litre),Plastic,can,Adarsh Nagar,kg,25.1,dirty,150,2026-08-02,14.0,10.5,Jaipur,true
Plastic Can (50 Litre),Plastic,can,Nirman Nagar,kg,118.4,clean,89,2026-06-02,14.0,12.64,Jaipur,true
Plastic Can (50 Litre),Plastic,can,Chandpole,kg,49.1,mixed,166,2026-08-18,14.0,14.72,Jaipur,true
Plastic Can (50 Litre),Plastic,can,Gopalpura,kg,35.6,mixed,67,2026-05-11,14.0,11.13,Jaipur,true
Plastic Can (50 Litre),Plastic,can,Hasanpura,kg,42.0,clean,174,2026-08-26,14.0,15.78,Jaipur,true
Plastic Can (50 Litre),Plastic,can,MI Road,kg,106.9,mixed,78,2026-05-22,14.0,11.23,Jaipur,true
Plastic Can (50 Litre),Plastic,can,Mahesh Nagar,kg,40.9,mixed,170,2026-08-22,14.0,15.46,Jaipur,true
Plastic Can (50 Litre),Plastic,can,Malviya Nagar,kg,61.5,mixed,58,2026-05-02,14.0,11.76,Jaipur,true
Plastic Can (50 Litre),Plastic,can,Hasanpura,kg,63.2,mixed,162,2026-08-14,14.0,16.0,Jaipur,true
Plastic Can (50 Litre),Plastic,can,Adarsh Nagar,kg,72.0,mixed,126,2026-07-09,14.0,12.04,Jaipur,true
Plastic Can (50 Litre),Plastic,can,Shyam Nagar,kg,13.6,clean,21,2026-03-26,14.0,13.02,Jaipur,true
Plastic Can (50 Litre),Plastic,can,C-Scheme,kg,41.3,mixed,176,2026-08-28,14.0,14.32,Jaipur,true
Plastic Can (50 Litre),Plastic,can,MI Road,kg,86.3,clean,104,2026-06-17,14.0,12.85,Jaipur,true
Plastic Can (50 Litre),Plastic,can,Chandpole,kg,18.9,clean,136,2026-07-19,14.0,13.61,Jaipur,true
Plastic Can (50 Litre),Plastic,can,Chandpole,kg,107.4,mixed,112,2026-06-25,14.0,13.39,Jaipur,true
Plastic Can (50 Litre),Plastic,can,Ramnagariya,kg,90.9,mixed,127,2026-07-10,14.0,12.03,Jaipur,true
Plastic Can (50 Litre),Plastic,can,MI Road,kg,116.3,damaged,46,2026-04-20,14.0,9.14,Jaipur,true
Plastic Can (50 Litre),Plastic,can,Patrakar Colony,kg,30.6,dirty,119,2026-07-02,14.0,10.12,Jaipur,true
Plastic Can (50 Litre),Plastic,can,Model Town,kg,19.3,mixed,170,2026-08-22,14.0,14.66,Jaipur,true
Plastic Can (50 Litre),Plastic,can,Ramnagariya,kg,41.4,mixed,105,2026-06-18,14.0,11.57,Jaipur,true
Plastic Can (50 Litre),Plastic,can,Model Town,kg,23.1,clean,65,2026-05-09,14.0,12.66,Jaipur,true
Plastic Can (50 Litre),Plastic,can,Gopalpura,kg,70.4,dirty,5,2026-03-10,14.0,11.74,Jaipur,true
Plastic Can (50 Litre),Plastic,can,Civil Lines,kg,60.6,dirty,64,2026-05-08,14.0,10.83,Jaipur,true
Plastic Can (50 Litre),Plastic,can,Adarsh Nagar,kg,82.8,clean,88,2026-06-01,14.0,11.58,Jaipur,true
Plastic Can (50 Litre),Plastic,can,Tonk Road,kg,96.1,mixed,158,2026-08-10,14.0,14.08,Jaipur,true
Plastic Can (50 Litre),Plastic,can,Gopalpura,kg,16.6,damaged,37,2026-04-11,14.0,9.34,Jaipur,true
Plastic Can (50 Litre),Plastic,can,Vaishali Nagar,kg,64.0,clean,124,2026-07-07,14.0,14.45,Jaipur,true
Plastic Can (50 Litre),Plastic,can,Raja Park,kg,40.1,dirty,91,2026-06-04,14.0,9.7,Jaipur,true
Plastic Can (50 Litre),Plastic,can,Ramnagariya,kg,37.4,mixed,40,2026-04-14,14.0,12.17,Jaipur,true
Plastic Can (50 Litre),Plastic,can,Model Town,kg,6.7,mixed,105,2026-06-18,14.0,12.53,Jaipur,true
Plastic Can (50 Litre),Plastic,can,C-Scheme,kg,46.3,clean,28,2026-04-02,14.0,13.43,Jaipur,true
Plastic Can (50 Litre),Plastic,can,Ramnagariya,kg,88.0,mixed,39,2026-04-13,14.0,13.1,Jaipur,true
Plastic Can (50 Litre),Plastic,can,Malviya Nagar,kg,10.6,mixed,146,2026-07-29,14.0,12.22,Jaipur,true
Plastic Can (50 Litre),Plastic,can,Nirman Nagar,kg,111.9,clean,115,2026-06-28,14.0,14.32,Jaipur,true
Plastic Can (50 Litre),Plastic,can,Chandpole,kg,29.6,mixed,144,2026-07-27,14.0,13.34,Jaipur,true
Plastic Can (50 Litre),Plastic,can,Gopalpura,kg,73.7,mixed,117,2026-06-30,14.0,12.85,Jaipur,true
Plastic Can (50 Litre),Plastic,can,Vaishali Nagar,kg,57.2,damaged,164,2026-08-16,14.0,12.06,Jaipur,true
Plastic Can (50 Litre),Plastic,can,C-Scheme,kg,116.3,dirty,148,2026-07-31,14.0,11.47,Jaipur,true
Plastic Can (50 Litre),Plastic,can,Barkat Nagar,kg,62.6,mixed,133,2026-07-16,14.0,13.87,Jaipur,true
Plastic Can (50 Litre),Plastic,can,Ramnagariya,kg,109.9,mixed,50,2026-04-24,14.0,12.39,Jaipur,true
Plastic Can (50 Litre),Plastic,can,Hasanpura,kg,93.6,dirty,117,2026-06-30,14.0,12.09,Jaipur,true
Plastic Can (50 Litre),Plastic,can,Patrakar Colony,kg,70.4,clean,57,2026-05-01,14.0,12.42,Jaipur,true
Plastic Can (50 Litre),Plastic,can,Shyam Nagar,kg,74.8,clean,111,2026-06-24,14.0,12.97,Jaipur,true
Plastic Can (50 Litre),Plastic,can,Mansarovar,kg,38.4,mixed,124,2026-07-07,14.0,13.36,Jaipur,true
Plastic Can (50 Litre),Plastic,can,Airport Area,kg,19.4,mixed,81,2026-05-25,14.0,11.94,Jaipur,true
Plastic Can (50 Litre),Plastic,can,Ramnagariya,kg,103.7,mixed,90,2026-06-03,14.0,11.1,Jaipur,true
Plastic Can (50 Litre),Plastic,can,Chandpole,kg,89.7,dirty,95,2026-06-08,14.0,10.48,Jaipur,true
Plastic Can (50 Litre),Plastic,can,Nirman Nagar,kg,97.3,mixed,59,2026-05-03,14.0,12.61,Jaipur,true
Plastic Can (50 Litre),Plastic,can,Ramnagariya,kg,22.8,mixed,88,2026-06-01,14.0,10.61,Jaipur,true
Plastic Can (50 Litre),Plastic,can,Shyam Nagar,kg,90.7,dirty,2,2026-03-07,14.0,11.83,Jaipur,true
Plastic Can (50 Litre),Plastic,can,Patrakar Colony,kg,44.6,mixed,54,2026-04-28,14.0,11.72,Jaipur,true
Plastic Can (50 Litre),Plastic,can,Hasanpura,kg,12.6,clean,59,2026-05-03,14.0,13.28,Jaipur,true
Plastic Can (50 Litre),Plastic,can,Airport Area,kg,90.6,mixed,170,2026-08-22,14.0,15.33,Jaipur,true
Plastic Can (50 Litre),Plastic,can,Shyam Nagar,kg,35.0,dirty,84,2026-05-28,14.0,9.66,Jaipur,true
Plastic Can (50 Litre),Plastic,can,Vaishali Nagar,kg,64.2,mixed,91,2026-06-04,14.0,12.58,Jaipur,true
Plastic Can (50 Litre),Plastic,can,Malviya Nagar,kg,26.0,damaged,159,2026-08-11,14.0,10.09,Jaipur,true
Plastic Can (50 Litre),Plastic,can,C-Scheme,kg,88.3,dirty,32,2026-04-06,14.0,11.24,Jaipur,true
Plastic Can (50 Litre),Plastic,can,MI Road,kg,25.1,dirty,56,2026-04-30,14.0,9.85,Jaipur,true
Plastic Can (50 Litre),Plastic,can,Vaishali Nagar,kg,41.7,mixed,42,2026-04-16,14.0,13.75,Jaipur,true
Plastic Can (50 Litre),Plastic,can,Raja Park,kg,95.5,mixed,142,2026-07-25,14.0,13.69,Jaipur,true
Plastic Can (50 Litre),Plastic,can,Gopalpura,kg,32.0,damaged,44,2026-04-18,14.0,8.83,Jaipur,true
Plastic Can (50 Litre),Plastic,can,Chandpole,kg,14.7,mixed,64,2026-05-08,14.0,12.32,Jaipur,true
Plastic Can (50 Litre),Plastic,can,Airport Area,kg,109.5,mixed,16,2026-03-21,14.0,13.65,Jaipur,true
Plastic Can (50 Litre),Plastic,can,Sodala,kg,42.0,damaged,57,2026-05-01,14.0,8.95,Jaipur,true
Plastic Can (50 Litre),Plastic,can,Airport Area,kg,80.7,damaged,46,2026-04-20,14.0,9.78,Jaipur,true
Plastic Can (50 Litre),Plastic,can,Hasanpura,kg,22.7,clean,32,2026-04-06,14.0,14.22,Jaipur,true
Plastic Can (50 Litre),Plastic,can,Nirman Nagar,kg,65.9,damaged,166,2026-08-18,14.0,11.34,Jaipur,true
Plastic Can (50 Litre),Plastic,can,Sodala,kg,77.9,dirty,96,2026-06-09,14.0,10.29,Jaipur,true
Plastic Can (50 Litre),Plastic,can,MI Road,kg,91.4,clean,139,2026-07-22,14.0,13.48,Jaipur,true
Plastic Can (50 Litre),Plastic,can,Raja Park,kg,55.4,mixed,88,2026-06-01,14.0,11.87,Jaipur,true
Plastic Can (50 Litre),Plastic,can,Gopalpura,kg,91.5,clean,70,2026-05-14,14.0,12.17,Jaipur,true
Plastic Can (50 Litre),Plastic,can,Nirman Nagar,kg,79.3,mixed,100,2026-06-13,14.0,12.84,Jaipur,true
Plastic Can (50 Litre),Plastic,can,Vaishali Nagar,kg,61.9,mixed,121,2026-07-04,14.0,13.94,Jaipur,true
Plastic Can (50 Litre),Plastic,can,Sodala,kg,56.3,clean,55,2026-04-29,14.0,13.4,Jaipur,true
Plastic Can (50 Litre),Plastic,can,Raja Park,kg,66.3,damaged,35,2026-04-09,14.0,10.36,Jaipur,true
Plastic Can (50 Litre),Plastic,can,Civil Lines,kg,75.9,dirty,88,2026-06-01,14.0,10.31,Jaipur,true
Plastic Can (50 Litre),Plastic,can,Barkat Nagar,kg,30.4,mixed,48,2026-04-22,14.0,13.22,Jaipur,true
Plastic Can (50 Litre),Plastic,can,Chandpole,kg,15.1,mixed,162,2026-08-14,14.0,14.92,Jaipur,true
Plastic Can (50 Litre),Plastic,can,Ramnagariya,kg,46.5,mixed,97,2026-06-10,14.0,10.89,Jaipur,true
Plastic Can (50 Litre),Plastic,can,Ramnagariya,kg,34.5,mixed,93,2026-06-06,14.0,10.61,Jaipur,true
Plastic Can (50 Litre),Plastic,can,Model Town,kg,35.9,dirty,128,2026-07-11,14.0,10.86,Jaipur,true
Plastic Can (50 Litre),Plastic,can,Shyam Nagar,kg,50.4,clean,69,2026-05-13,14.0,12.23,Jaipur,true
Plastic Can (50 Litre),Plastic,can,Barkat Nagar,kg,77.5,mixed,159,2026-08-11,14.0,15.78,Jaipur,true
Plastic Can (50 Litre),Plastic,can,Airport Area,kg,105.1,dirty,46,2026-04-20,14.0,11.08,Jaipur,true
Plastic Can (50 Litre),Plastic,can,Gopalpura,kg,50.6,clean,72,2026-05-16,14.0,12.09,Jaipur,true
Plastic Can (50 Litre),Plastic,can,C-Scheme,kg,10.7,mixed,166,2026-08-18,14.0,14.25,Jaipur,true
Plastic Can (50 Litre),Plastic,can,Hasanpura,kg,89.8,mixed,173,2026-08-25,14.0,15.69,Jaipur,true
Plastic Can (50 Litre),Plastic,can,Shyam Nagar,kg,4.8,damaged,34,2026-04-08,14.0,9.44,Jaipur,true
Plastic Can (50 Litre),Plastic,can,Civil Lines,kg,40.3,clean,160,2026-08-12,14.0,15.8,Jaipur,true
Plastic Can (50 Litre),Plastic,can,Barkat Nagar,kg,65.2,mixed,127,2026-07-10,14.0,13.62,Jaipur,true
Plastic Drum (200 Litre),Plastic,drum,Vaishali Nagar,kg,5.8,clean,159,2026-08-11,10.0,11.46,Jaipur,true
Plastic Drum (200 Litre),Plastic,drum,Mahesh Nagar,kg,28.9,clean,162,2026-08-14,10.0,11.57,Jaipur,true
Plastic Drum (200 Litre),Plastic,drum,C-Scheme,kg,44.5,mixed,96,2026-06-09,10.0,8.44,Jaipur,true
Plastic Drum (200 Litre),Plastic,drum,Hasanpura,kg,55.7,dirty,104,2026-06-17,10.0,8.31,Jaipur,true
Plastic Drum (200 Litre),Plastic,drum,Ramnagariya,kg,37.7,mixed,161,2026-08-13,10.0,9.72,Jaipur,true
Plastic Drum (200 Litre),Plastic,drum,Mahesh Nagar,kg,76.4,clean,139,2026-07-22,10.0,10.8,Jaipur,true
Plastic Drum (200 Litre),Plastic,drum,Ramnagariya,kg,110.2,mixed,121,2026-07-04,10.0,8.73,Jaipur,true
Plastic Drum (200 Litre),Plastic,drum,Model Town,kg,72.3,clean,144,2026-07-27,10.0,10.2,Jaipur,true
Plastic Drum (200 Litre),Plastic,drum,Shyam Nagar,kg,92.2,clean,127,2026-07-10,10.0,9.35,Jaipur,true
Plastic Drum (200 Litre),Plastic,drum,Raja Park,kg,9.1,mixed,173,2026-08-25,10.0,10.18,Jaipur,true
Plastic Drum (200 Litre),Plastic,drum,Tonk Road,kg,77.3,mixed,123,2026-07-06,10.0,8.61,Jaipur,true
Plastic Drum (200 Litre),Plastic,drum,Barkat Nagar,kg,69.5,mixed,85,2026-05-29,10.0,9.19,Jaipur,true
Plastic Drum (200 Litre),Plastic,drum,Nirman Nagar,kg,104.9,dirty,43,2026-04-17,10.0,8.13,Jaipur,true
Plastic Drum (200 Litre),Plastic,drum,Sodala,kg,40.2,mixed,117,2026-06-30,10.0,9.04,Jaipur,true
Plastic Drum (200 Litre),Plastic,drum,Hasanpura,kg,12.4,mixed,36,2026-04-10,10.0,9.65,Jaipur,true
Plastic Drum (200 Litre),Plastic,drum,Nirman Nagar,kg,18.2,dirty,19,2026-03-24,10.0,8.04,Jaipur,true
Plastic Drum (200 Litre),Plastic,drum,Shyam Nagar,kg,118.3,mixed,16,2026-03-21,10.0,9.27,Jaipur,true
Plastic Drum (200 Litre),Plastic,drum,C-Scheme,kg,24.7,mixed,179,2026-08-31,10.0,9.89,Jaipur,true
Plastic Drum (200 Litre),Plastic,drum,Barkat Nagar,kg,29.0,mixed,40,2026-04-14,10.0,9.84,Jaipur,true
Plastic Drum (200 Litre),Plastic,drum,Durgapura,kg,109.8,dirty,149,2026-08-01,10.0,8.36,Jaipur,true
Plastic Drum (200 Litre),Plastic,drum,C-Scheme,kg,88.9,mixed,146,2026-07-29,10.0,9.67,Jaipur,true
Plastic Drum (200 Litre),Plastic,drum,Hasanpura,kg,72.6,mixed,109,2026-06-22,10.0,9.77,Jaipur,true
Plastic Drum (200 Litre),Plastic,drum,Malviya Nagar,kg,72.0,mixed,69,2026-05-13,10.0,8.06,Jaipur,true
Plastic Drum (200 Litre),Plastic,drum,Vaishali Nagar,kg,37.8,clean,94,2026-06-07,10.0,9.08,Jaipur,true
Plastic Drum (200 Litre),Plastic,drum,C-Scheme,kg,113.0,clean,28,2026-04-02,10.0,9.98,Jaipur,true
Plastic Drum (200 Litre),Plastic,drum,C-Scheme,kg,39.6,clean,157,2026-08-09,10.0,10.6,Jaipur,true
Plastic Drum (200 Litre),Plastic,drum,Barkat Nagar,kg,109.3,dirty,29,2026-04-03,10.0,8.64,Jaipur,true
Plastic Drum (200 Litre),Plastic,drum,Vaishali Nagar,kg,33.9,mixed,56,2026-04-30,10.0,9.27,Jaipur,true
Plastic Drum (200 Litre),Plastic,drum,Mahesh Nagar,kg,83.1,clean,172,2026-08-24,10.0,11.82,Jaipur,true
Plastic Drum (200 Litre),Plastic,drum,Chandpole,kg,104.3,mixed,63,2026-05-07,10.0,9.19,Jaipur,true
Plastic Drum (200 Litre),Plastic,drum,Sodala,kg,113.7,clean,143,2026-07-26,10.0,9.96,Jaipur,true
Plastic Drum (200 Litre),Plastic,drum,Vaishali Nagar,kg,41.4,mixed,43,2026-04-17,10.0,9.62,Jaipur,true
Plastic Drum (200 Litre),Plastic,drum,Tonk Road,kg,14.4,mixed,177,2026-08-29,10.0,9.75,Jaipur,true
Plastic Drum (200 Litre),Plastic,drum,Patrakar Colony,kg,98.7,damaged,132,2026-07-15,10.0,6.76,Jaipur,true
Plastic Drum (200 Litre),Plastic,drum,Mahesh Nagar,kg,66.5,dirty,104,2026-06-17,10.0,8.34,Jaipur,true
Plastic Drum (200 Litre),Plastic,drum,Chandpole,kg,97.8,mixed,18,2026-03-23,10.0,10.05,Jaipur,true
Plastic Drum (200 Litre),Plastic,drum,C-Scheme,kg,89.0,dirty,28,2026-04-02,10.0,8.08,Jaipur,true
Plastic Drum (200 Litre),Plastic,drum,Patrakar Colony,kg,109.4,clean,41,2026-04-15,10.0,9.26,Jaipur,true
Plastic Drum (200 Litre),Plastic,drum,Durgapura,kg,49.5,damaged,137,2026-07-20,10.0,6.91,Jaipur,true
Plastic Drum (200 Litre),Plastic,drum,Mahesh Nagar,kg,104.5,dirty,88,2026-06-01,10.0,7.65,Jaipur,true
Plastic Drum (200 Litre),Plastic,drum,Hasanpura,kg,79.3,damaged,105,2026-06-18,10.0,7.34,Jaipur,true
Plastic Drum (200 Litre),Plastic,drum,Nirman Nagar,kg,105.5,dirty,68,2026-05-12,10.0,7.6,Jaipur,true
Plastic Drum (200 Litre),Plastic,drum,Civil Lines,kg,63.2,dirty,170,2026-08-22,10.0,9.39,Jaipur,true
Plastic Drum (200 Litre),Plastic,drum,Gopalpura,kg,12.4,mixed,30,2026-04-04,10.0,8.73,Jaipur,true
Plastic Drum (200 Litre),Plastic,drum,Ramnagariya,kg,10.8,clean,13,2026-03-18,10.0,9.06,Jaipur,true
Plastic Drum (200 Litre),Plastic,drum,C-Scheme,kg,61.4,clean,117,2026-06-30,10.0,10.02,Jaipur,true
Plastic Drum (200 Litre),Plastic,drum,Chandpole,kg,16.4,dirty,138,2026-07-21,10.0,8.18,Jaipur,true
Plastic Drum (200 Litre),Plastic,drum,Model Town,kg,62.9,clean,176,2026-08-28,10.0,11.31,Jaipur,true
Plastic Drum (200 Litre),Plastic,drum,Sodala,kg,43.5,clean,141,2026-07-24,10.0,9.67,Jaipur,true
Plastic Drum (200 Litre),Plastic,drum,Vaishali Nagar,kg,74.1,mixed,5,2026-03-10,10.0,10.93,Jaipur,true
Plastic Drum (200 Litre),Plastic,drum,Patrakar Colony,kg,4.6,clean,118,2026-07-01,10.0,8.8,Jaipur,true
Plastic Drum (200 Litre),Plastic,drum,Airport Area,kg,1.3,mixed,27,2026-04-01,10.0,9.44,Jaipur,true
Plastic Drum (200 Litre),Plastic,drum,Mahesh Nagar,kg,48.5,mixed,103,2026-06-16,10.0,9.48,Jaipur,true
Plastic Drum (200 Litre),Plastic,drum,Airport Area,kg,66.7,mixed,147,2026-07-30,10.0,10.08,Jaipur,true
Plastic Drum (200 Litre),Plastic,drum,Nirman Nagar,kg,93.9,mixed,100,2026-06-13,10.0,9.17,Jaipur,true
Plastic Drum (200 Litre),Plastic,drum,Barkat Nagar,kg,53.3,dirty,178,2026-08-30,10.0,9.41,Jaipur,true
Plastic Drum (200 Litre),Plastic,drum,Nirman Nagar,kg,114.7,clean,166,2026-08-18,10.0,11.34,Jaipur,true
Plastic Drum (200 Litre),Plastic,drum,Patrakar Colony,kg,96.3,mixed,127,2026-07-10,10.0,8.64,Jaipur,true
Plastic Drum (200 Litre),Plastic,drum,Adarsh Nagar,kg,107.7,damaged,113,2026-06-26,10.0,6.61,Jaipur,true
Plastic Drum (200 Litre),Plastic,drum,Chandpole,kg,78.4,clean,98,2026-06-11,10.0,9.69,Jaipur,true
Plastic Drum (200 Litre),Plastic,drum,Mansarovar,kg,1.1,mixed,59,2026-05-03,10.0,9.13,Jaipur,true
Plastic Drum (200 Litre),Plastic,drum,Barkat Nagar,kg,106.8,dirty,100,2026-06-13,10.0,8.09,Jaipur,true
Plastic Drum (200 Litre),Plastic,drum,Civil Lines,kg,16.2,dirty,28,2026-04-02,10.0,7.98,Jaipur,true
Plastic Drum (200 Litre),Plastic,drum,Ramnagariya,kg,87.0,mixed,97,2026-06-10,10.0,8.09,Jaipur,true
Plastic Drum (200 Litre),Plastic,drum,Chandpole,kg,94.8,damaged,44,2026-04-18,10.0,7.04,Jaipur,true
Plastic Drum (200 Litre),Plastic,drum,Barkat Nagar,kg,33.5,mixed,50,2026-04-24,10.0,9.63,Jaipur,true
Plastic Drum (200 Litre),Plastic,drum,Mahesh Nagar,kg,79.5,mixed,55,2026-04-29,10.0,9.88,Jaipur,true
Plastic Drum (200 Litre),Plastic,drum,Mansarovar,kg,19.4,mixed,39,2026-04-13,10.0,10.36,Jaipur,true
Plastic Drum (200 Litre),Plastic,drum,Ramnagariya,kg,64.6,mixed,102,2026-06-15,10.0,8.59,Jaipur,true
Plastic Drum (200 Litre),Plastic,drum,Ramnagariya,kg,22.3,dirty,102,2026-06-15,10.0,7.02,Jaipur,true
Plastic Drum (200 Litre),Plastic,drum,Sodala,kg,97.2,dirty,173,2026-08-25,10.0,8.82,Jaipur,true
Plastic Drum (200 Litre),Plastic,drum,Sodala,kg,34.6,clean,124,2026-07-07,10.0,9.17,Jaipur,true
Plastic Drum (200 Litre),Plastic,drum,MI Road,kg,81.2,mixed,67,2026-05-11,10.0,8.18,Jaipur,true
Plastic Drum (200 Litre),Plastic,drum,Adarsh Nagar,kg,90.0,mixed,159,2026-08-11,10.0,9.95,Jaipur,true
Plastic Drum (200 Litre),Plastic,drum,Airport Area,kg,33.0,mixed,155,2026-08-07,10.0,10.33,Jaipur,true
Plastic Drum (200 Litre),Plastic,drum,Civil Lines,kg,110.7,mixed,1,2026-03-06,10.0,10.47,Jaipur,true
Plastic Drum (200 Litre),Plastic,drum,Vaishali Nagar,kg,94.1,mixed,29,2026-04-03,10.0,10.24,Jaipur,true
Plastic Drum (200 Litre),Plastic,drum,Airport Area,kg,76.0,dirty,156,2026-08-08,10.0,9.3,Jaipur,true
Plastic Drum (200 Litre),Plastic,drum,MI Road,kg,1.2,dirty,45,2026-04-19,10.0,7.16,Jaipur,true
Plastic Drum (200 Litre),Plastic,drum,Vaishali Nagar,kg,110.8,clean,100,2026-06-13,10.0,10.07,Jaipur,true
Plastic Drum (200 Litre),Plastic,drum,Durgapura,kg,10.8,damaged,35,2026-04-09,10.0,7.11,Jaipur,true
Plastic Drum (200 Litre),Plastic,drum,Hasanpura,kg,64.2,mixed,84,2026-05-28,10.0,9.28,Jaipur,true
Plastic Drum (200 Litre),Plastic,drum,Hasanpura,kg,63.5,mixed,41,2026-04-15,10.0,9.99,Jaipur,true
Plastic Drum (200 Litre),Plastic,drum,Nirman Nagar,kg,3.2,mixed,149,2026-08-01,10.0,9.59,Jaipur,true
Plastic Drum (200 Litre),Plastic,drum,Mahesh Nagar,kg,11.5,mixed,63,2026-05-07,10.0,9.13,Jaipur,true
Plastic Drum (200 Litre),Plastic,drum,Malviya Nagar,kg,113.5,damaged,61,2026-05-05,10.0,6.29,Jaipur,true
Plastic Drum (200 Litre),Plastic,drum,Mansarovar,kg,45.5,dirty,72,2026-05-16,10.0,7.52,Jaipur,true
Plastic Drum (200 Litre),Plastic,drum,Hasanpura,kg,75.2,mixed,94,2026-06-07,10.0,8.98,Jaipur,true
Plastic Drum (200 Litre),Plastic,drum,Durgapura,kg,62.7,mixed,165,2026-08-17,10.0,10.71,Jaipur,true
Plastic Drum (200 Litre),Plastic,drum,Airport Area,kg,60.4,dirty,65,2026-05-09,10.0,7.66,Jaipur,true
PVC Pipe,Plastic,pipe,Airport Area,kg,75.6,clean,65,2026-05-09,10.0,9.46,Jaipur,true
PVC Pipe,Plastic,pipe,Barkat Nagar,kg,68.4,mixed,145,2026-07-28,10.0,10.18,Jaipur,true
PVC Pipe,Plastic,pipe,Durgapura,kg,9.8,dirty,176,2026-08-28,10.0,8.74,Jaipur,true
PVC Pipe,Plastic,pipe,Chandpole,kg,32.7,clean,33,2026-04-07,10.0,9.84,Jaipur,true
PVC Pipe,Plastic,pipe,Adarsh Nagar,kg,114.6,dirty,172,2026-08-24,10.0,8.37,Jaipur,true
PVC Pipe,Plastic,pipe,Vaishali Nagar,kg,67.1,clean,52,2026-04-26,10.0,10.11,Jaipur,true
PVC Pipe,Plastic,pipe,Patrakar Colony,kg,16.7,clean,105,2026-06-18,10.0,8.72,Jaipur,true
PVC Pipe,Plastic,pipe,Mansarovar,kg,98.0,dirty,98,2026-06-11,10.0,8.17,Jaipur,true
PVC Pipe,Plastic,pipe,MI Road,kg,46.7,dirty,112,2026-06-25,10.0,7.2,Jaipur,true
PVC Pipe,Plastic,pipe,Patrakar Colony,kg,27.6,dirty,4,2026-03-09,10.0,7.85,Jaipur,true
PVC Pipe,Plastic,pipe,Durgapura,kg,31.2,mixed,136,2026-07-19,10.0,9.01,Jaipur,true
PVC Pipe,Plastic,pipe,Model Town,kg,18.2,clean,102,2026-06-15,10.0,9.4,Jaipur,true
PVC Pipe,Plastic,pipe,Mahesh Nagar,kg,75.1,mixed,103,2026-06-16,10.0,9.86,Jaipur,true
PVC Pipe,Plastic,pipe,Mahesh Nagar,kg,32.8,mixed,114,2026-06-27,10.0,9.71,Jaipur,true
PVC Pipe,Plastic,pipe,Chandpole,kg,7.5,mixed,38,2026-04-12,10.0,9.74,Jaipur,true
PVC Pipe,Plastic,pipe,Adarsh Nagar,kg,14.7,damaged,57,2026-05-01,10.0,6.06,Jaipur,true
PVC Pipe,Plastic,pipe,Nirman Nagar,kg,58.8,clean,179,2026-08-31,10.0,11.01,Jaipur,true
PVC Pipe,Plastic,pipe,Chandpole,kg,31.1,clean,101,2026-06-14,10.0,9.44,Jaipur,true
PVC Pipe,Plastic,pipe,Nirman Nagar,kg,103.0,clean,68,2026-05-12,10.0,9.39,Jaipur,true
PVC Pipe,Plastic,pipe,Adarsh Nagar,kg,87.3,clean,155,2026-08-07,10.0,10.35,Jaipur,true
PVC Pipe,Plastic,pipe,Model Town,kg,24.6,dirty,0,2026-03-05,10.0,8.5,Jaipur,true
PVC Pipe,Plastic,pipe,Model Town,kg,6.9,mixed,89,2026-06-02,10.0,8.21,Jaipur,true
PVC Pipe,Plastic,pipe,Ramnagariya,kg,107.0,damaged,143,2026-07-26,10.0,6.75,Jaipur,true
PVC Pipe,Plastic,pipe,Mahesh Nagar,kg,2.2,damaged,145,2026-07-28,10.0,7.41,Jaipur,true
PVC Pipe,Plastic,pipe,Adarsh Nagar,kg,113.9,mixed,134,2026-07-17,10.0,8.93,Jaipur,true
PVC Pipe,Plastic,pipe,Barkat Nagar,kg,44.9,dirty,117,2026-06-30,10.0,8.25,Jaipur,true
PVC Pipe,Plastic,pipe,Ramnagariya,kg,84.3,dirty,158,2026-08-10,10.0,8.4,Jaipur,true
PVC Pipe,Plastic,pipe,Nirman Nagar,kg,24.8,dirty,130,2026-07-13,10.0,7.81,Jaipur,true
PVC Pipe,Plastic,pipe,Hasanpura,kg,8.3,mixed,20,2026-03-25,10.0,9.73,Jaipur,true
PVC Pipe,Plastic,pipe,Ramnagariya,kg,100.1,mixed,33,2026-04-07,10.0,8.82,Jaipur,true
PVC Pipe,Plastic,pipe,Gopalpura,kg,88.0,mixed,8,2026-03-13,10.0,9.46,Jaipur,true
PVC Pipe,Plastic,pipe,Adarsh Nagar,kg,21.3,clean,109,2026-06-22,10.0,8.65,Jaipur,true
PVC Pipe,Plastic,pipe,Civil Lines,kg,119.0,clean,59,2026-05-03,10.0,9.52,Jaipur,true
PVC Pipe,Plastic,pipe,Ramnagariya,kg,76.3,dirty,54,2026-04-28,10.0,7.36,Jaipur,true
PVC Pipe,Plastic,pipe,Adarsh Nagar,kg,47.8,mixed,162,2026-08-14,10.0,9.65,Jaipur,true
PVC Pipe,Plastic,pipe,Ramnagariya,kg,103.7,mixed,1,2026-03-06,10.0,9.53,Jaipur,true
PVC Pipe,Plastic,pipe,Airport Area,kg,88.3,clean,12,2026-03-17,10.0,10.23,Jaipur,true
PVC Pipe,Plastic,pipe,Airport Area,kg,57.0,mixed,151,2026-08-03,10.0,10.12,Jaipur,true
PVC Pipe,Plastic,pipe,Raja Park,kg,93.5,mixed,67,2026-05-11,10.0,8.64,Jaipur,true
PVC Pipe,Plastic,pipe,Chandpole,kg,76.7,mixed,130,2026-07-13,10.0,9.67,Jaipur,true
PVC Pipe,Plastic,pipe,Patrakar Colony,kg,46.0,clean,104,2026-06-17,10.0,8.71,Jaipur,true
PVC Pipe,Plastic,pipe,Patrakar Colony,kg,40.0,mixed,99,2026-06-12,10.0,8.02,Jaipur,true
PVC Pipe,Plastic,pipe,Mahesh Nagar,kg,18.8,mixed,89,2026-06-02,10.0,8.66,Jaipur,true
PVC Pipe,Plastic,pipe,Nirman Nagar,kg,21.9,mixed,25,2026-03-30,10.0,9.54,Jaipur,true
PVC Pipe,Plastic,pipe,MI Road,kg,75.4,clean,19,2026-03-24,10.0,9.64,Jaipur,true
PVC Pipe,Plastic,pipe,Durgapura,kg,14.2,mixed,179,2026-08-31,10.0,9.94,Jaipur,true
PVC Pipe,Plastic,pipe,Sodala,kg,28.3,mixed,99,2026-06-12,10.0,8.41,Jaipur,true
PVC Pipe,Plastic,pipe,Barkat Nagar,kg,65.1,mixed,105,2026-06-18,10.0,9.73,Jaipur,true
PVC Pipe,Plastic,pipe,Vaishali Nagar,kg,1.2,dirty,151,2026-08-03,10.0,8.66,Jaipur,true
PVC Pipe,Plastic,pipe,Chandpole,kg,7.1,dirty,25,2026-03-30,10.0,8.2,Jaipur,true
PVC Pipe,Plastic,pipe,Malviya Nagar,kg,52.0,dirty,76,2026-05-20,10.0,6.73,Jaipur,true
PVC Pipe,Plastic,pipe,Gopalpura,kg,54.9,mixed,22,2026-03-27,10.0,9.01,Jaipur,true
PVC Pipe,Plastic,pipe,Patrakar Colony,kg,4.5,mixed,136,2026-07-19,10.0,8.43,Jaipur,true
PVC Pipe,Plastic,pipe,Ramnagariya,kg,76.9,clean,176,2026-08-28,10.0,10.44,Jaipur,true
PVC Pipe,Plastic,pipe,Sodala,kg,38.1,clean,150,2026-08-02,10.0,9.77,Jaipur,true
PVC Pipe,Plastic,pipe,Ramnagariya,kg,64.4,mixed,61,2026-05-05,10.0,8.35,Jaipur,true
PVC Pipe,Plastic,pipe,Ramnagariya,kg,98.2,mixed,137,2026-07-20,10.0,8.91,Jaipur,true
PVC Pipe,Plastic,pipe,MI Road,kg,42.2,mixed,11,2026-03-16,10.0,8.76,Jaipur,true
PVC Pipe,Plastic,pipe,Sodala,kg,27.8,mixed,26,2026-03-31,10.0,9.06,Jaipur,true
PVC Pipe,Plastic,pipe,Vaishali Nagar,kg,99.0,mixed,15,2026-03-20,10.0,10.4,Jaipur,true
PVC Pipe,Plastic,pipe,Sodala,kg,11.6,mixed,112,2026-06-25,10.0,8.78,Jaipur,true
PVC Pipe,Plastic,pipe,MI Road,kg,34.6,clean,46,2026-04-20,10.0,8.79,Jaipur,true
PVC Pipe,Plastic,pipe,Nirman Nagar,kg,36.6,clean,145,2026-07-28,10.0,9.91,Jaipur,true
PVC Pipe,Plastic,pipe,Mahesh Nagar,kg,21.2,damaged,82,2026-05-26,10.0,6.79,Jaipur,true
PVC Pipe,Plastic,pipe,Gopalpura,kg,92.5,dirty,126,2026-07-09,10.0,7.52,Jaipur,true
PVC Pipe,Plastic,pipe,Durgapura,kg,57.3,mixed,113,2026-06-26,10.0,9.48,Jaipur,true
PVC Pipe,Plastic,pipe,Adarsh Nagar,kg,50.4,clean,140,2026-07-23,10.0,9.54,Jaipur,true
PVC Pipe,Plastic,pipe,Patrakar Colony,kg,79.7,mixed,48,2026-04-22,10.0,8.72,Jaipur,true
PVC Pipe,Plastic,pipe,Civil Lines,kg,3.4,dirty,67,2026-05-11,10.0,7.22,Jaipur,true
PVC Pipe,Plastic,pipe,Patrakar Colony,kg,66.4,clean,40,2026-04-14,10.0,9.54,Jaipur,true
PVC Pipe,Plastic,pipe,Model Town,kg,48.7,clean,48,2026-04-22,10.0,9.49,Jaipur,true
PVC Pipe,Plastic,pipe,Durgapura,kg,9.6,mixed,31,2026-04-05,10.0,9.2,Jaipur,true
PVC Pipe,Plastic,pipe,Chandpole,kg,52.1,clean,54,2026-04-28,10.0,10.05,Jaipur,true
PVC Pipe,Plastic,pipe,Civil Lines,kg,10.3,mixed,78,2026-05-22,10.0,8.33,Jaipur,true
PVC Pipe,Plastic,pipe,Vaishali Nagar,kg,13.4,mixed,4,2026-03-09,10.0,10.48,Jaipur,true
PVC Pipe,Plastic,pipe,Malviya Nagar,kg,24.2,mixed,24,2026-03-29,10.0,8.77,Jaipur,true
PVC Pipe,Plastic,pipe,Gopalpura,kg,87.2,mixed,73,2026-05-17,10.0,8.26,Jaipur,true
PVC Pipe,Plastic,pipe,Malviya Nagar,kg,95.9,mixed,101,2026-06-14,10.0,8.5,Jaipur,true
PVC Pipe,Plastic,pipe,Hasanpura,kg,29.5,mixed,4,2026-03-09,10.0,10.47,Jaipur,true
PVC Pipe,Plastic,pipe,MI Road,kg,115.7,mixed,10,2026-03-15,10.0,9.16,Jaipur,true
PVC Pipe,Plastic,pipe,Sodala,kg,87.2,clean,16,2026-03-21,10.0,9.91,Jaipur,true
PVC Pipe,Plastic,pipe,MI Road,kg,60.8,dirty,116,2026-06-29,10.0,7.76,Jaipur,true
PVC Pipe,Plastic,pipe,Hasanpura,kg,42.1,dirty,119,2026-07-02,10.0,8.19,Jaipur,true
PVC Pipe,Plastic,pipe,Sodala,kg,113.9,clean,143,2026-07-26,10.0,9.96,Jaipur,true
PVC Pipe,Plastic,pipe,Patrakar Colony,kg,27.3,dirty,128,2026-07-11,10.0,7.2,Jaipur,true
PVC Pipe,Plastic,pipe,Patrakar Colony,kg,88.6,mixed,58,2026-05-02,10.0,8.41,Jaipur,true
PVC Pipe,Plastic,pipe,Mansarovar,kg,41.1,mixed,46,2026-04-20,10.0,9.47,Jaipur,true
PVC Pipe,Plastic,pipe,Vaishali Nagar,kg,74.8,clean,148,2026-07-31,10.0,10.79,Jaipur,true
PVC Pipe,Plastic,pipe,Patrakar Colony,kg,90.5,mixed,166,2026-08-18,10.0,9.95,Jaipur,true
PVC Pipe,Plastic,pipe,Barkat Nagar,kg,118.4,mixed,98,2026-06-11,10.0,9.46,Jaipur,true
Polythene Bags (LD),Plastic,film,Mansarovar,kg,37.1,clean,21,2026-03-26,10.0,10.34,Jaipur,true
Polythene Bags (LD),Plastic,film,Barkat Nagar,kg,63.3,dirty,125,2026-07-08,10.0,8.27,Jaipur,true
Polythene Bags (LD),Plastic,film,Vaishali Nagar,kg,77.9,clean,105,2026-06-18,10.0,10.29,Jaipur,true
Polythene Bags (LD),Plastic,film,Patrakar Colony,kg,108.1,mixed,121,2026-07-04,10.0,8.78,Jaipur,true
Polythene Bags (LD),Plastic,film,Chandpole,kg,102.1,mixed,149,2026-08-01,10.0,10.1,Jaipur,true
Polythene Bags (LD),Plastic,film,Nirman Nagar,kg,107.5,damaged,78,2026-05-22,10.0,6.45,Jaipur,true
Polythene Bags (LD),Plastic,film,Raja Park,kg,19.4,damaged,33,2026-04-07,10.0,6.84,Jaipur,true
Polythene Bags (LD),Plastic,film,C-Scheme,kg,71.1,mixed,116,2026-06-29,10.0,9.6,Jaipur,true
Polythene Bags (LD),Plastic,film,Hasanpura,kg,43.4,mixed,110,2026-06-23,10.0,9.31,Jaipur,true
Polythene Bags (LD),Plastic,film,Durgapura,kg,19.4,mixed,22,2026-03-27,10.0,9.05,Jaipur,true
Polythene Bags (LD),Plastic,film,Chandpole,kg,78.3,clean,178,2026-08-30,10.0,11.34,Jaipur,true
Polythene Bags (LD),Plastic,film,Shyam Nagar,kg,40.6,mixed,45,2026-04-19,10.0,8.57,Jaipur,true
Polythene Bags (LD),Plastic,film,Civil Lines,kg,63.5,mixed,7,2026-03-12,10.0,10.28,Jaipur,true
Polythene Bags (LD),Plastic,film,Gopalpura,kg,63.3,clean,107,2026-06-20,10.0,9.18,Jaipur,true
Polythene Bags (LD),Plastic,film,Model Town,kg,77.4,damaged,30,2026-04-04,10.0,7.17,Jaipur,true
Polythene Bags (LD),Plastic,film,Mahesh Nagar,kg,101.8,mixed,75,2026-05-19,10.0,9.0,Jaipur,true
Polythene Bags (LD),Plastic,film,C-Scheme,kg,5.2,mixed,172,2026-08-24,10.0,10.13,Jaipur,true
Polythene Bags (LD),Plastic,film,Gopalpura,kg,27.6,mixed,100,2026-06-13,10.0,8.32,Jaipur,true
Polythene Bags (LD),Plastic,film,Gopalpura,kg,25.9,mixed,56,2026-04-30,10.0,8.36,Jaipur,true
Polythene Bags (LD),Plastic,film,Durgapura,kg,28.8,clean,80,2026-05-24,10.0,8.76,Jaipur,true
Polythene Bags (LD),Plastic,film,Sodala,kg,18.6,dirty,137,2026-07-20,10.0,7.68,Jaipur,true
Polythene Bags (LD),Plastic,film,Civil Lines,kg,11.8,clean,75,2026-05-19,10.0,8.74,Jaipur,true
Polythene Bags (LD),Plastic,film,Mahesh Nagar,kg,62.0,clean,123,2026-07-06,10.0,10.16,Jaipur,true
Polythene Bags (LD),Plastic,film,Model Town,kg,46.0,dirty,29,2026-04-03,10.0,7.95,Jaipur,true
Polythene Bags (LD),Plastic,film,Mahesh Nagar,kg,86.9,mixed,20,2026-03-25,10.0,10.15,Jaipur,true
Polythene Bags (LD),Plastic,film,Tonk Road,kg,58.4,mixed,164,2026-08-16,10.0,10.24,Jaipur,true
Polythene Bags (LD),Plastic,film,Raja Park,kg,84.4,mixed,63,2026-05-07,10.0,8.94,Jaipur,true
Polythene Bags (LD),Plastic,film,Hasanpura,kg,73.8,mixed,135,2026-07-18,10.0,9.85,Jaipur,true
Polythene Bags (LD),Plastic,film,Mahesh Nagar,kg,3.3,mixed,75,2026-05-19,10.0,8.66,Jaipur,true
Polythene Bags (LD),Plastic,film,MI Road,kg,10.0,mixed,14,2026-03-19,10.0,8.9,Jaipur,true
Polythene Bags (LD),Plastic,film,Patrakar Colony,kg,60.2,damaged,154,2026-08-06,10.0,7.43,Jaipur,true
Polythene Bags (LD),Plastic,film,Durgapura,kg,9.3,dirty,132,2026-07-15,10.0,7.88,Jaipur,true
Polythene Bags (LD),Plastic,film,Malviya Nagar,kg,62.0,mixed,131,2026-07-14,10.0,8.85,Jaipur,true
Polythene Bags (LD),Plastic,film,Chandpole,kg,2.3,dirty,31,2026-04-05,10.0,8.04,Jaipur,true
Polythene Bags (LD),Plastic,film,Nirman Nagar,kg,57.8,clean,105,2026-06-18,10.0,9.85,Jaipur,true
Polythene Bags (LD),Plastic,film,Ramnagariya,kg,18.8,clean,149,2026-08-01,10.0,9.23,Jaipur,true
Polythene Bags (LD),Plastic,film,Civil Lines,kg,41.2,mixed,109,2026-06-22,10.0,9.06,Jaipur,true
Polythene Bags (LD),Plastic,film,C-Scheme,kg,106.8,clean,13,2026-03-18,10.0,10.09,Jaipur,true
Polythene Bags (LD),Plastic,film,Nirman Nagar,kg,101.4,clean,148,2026-07-31,10.0,10.33,Jaipur,true
Polythene Bags (LD),Plastic,film,Adarsh Nagar,kg,86.1,mixed,167,2026-08-19,10.0,9.82,Jaipur,true
Polythene Bags (LD),Plastic,film,Shyam Nagar,kg,48.1,mixed,13,2026-03-18,10.0,8.95,Jaipur,true
Polythene Bags (LD),Plastic,film,Raja Park,kg,44.4,clean,12,2026-03-17,10.0,9.71,Jaipur,true
Polythene Bags (LD),Plastic,film,Chandpole,kg,32.6,mixed,76,2026-05-20,10.0,8.37,Jaipur,true
Polythene Bags (LD),Plastic,film,Model Town,kg,114.1,damaged,113,2026-06-26,10.0,7.16,Jaipur,true
Polythene Bags (LD),Plastic,film,Civil Lines,kg,15.2,clean,0,2026-03-05,10.0,10.66,Jaipur,true
Polythene Bags (LD),Plastic,film,C-Scheme,kg,39.3,dirty,117,2026-06-30,10.0,7.8,Jaipur,true
Polythene Bags (LD),Plastic,film,Adarsh Nagar,kg,68.6,mixed,154,2026-08-06,10.0,9.86,Jaipur,true
Polythene Bags (LD),Plastic,film,Durgapura,kg,39.0,dirty,171,2026-08-23,10.0,8.79,Jaipur,true
Polythene Bags (LD),Plastic,film,Malviya Nagar,kg,114.2,damaged,133,2026-07-16,10.0,6.59,Jaipur,true
Polythene Bags (LD),Plastic,film,Barkat Nagar,kg,47.7,clean,56,2026-04-30,10.0,9.66,Jaipur,true
Polythene Bags (LD),Plastic,film,Gopalpura,kg,10.7,mixed,52,2026-04-26,10.0,8.35,Jaipur,true
Polythene Bags (LD),Plastic,film,Nirman Nagar,kg,84.0,clean,150,2026-08-02,10.0,10.52,Jaipur,true
Polythene Bags (LD),Plastic,film,Civil Lines,kg,28.5,clean,24,2026-03-29,10.0,10.07,Jaipur,true
Polythene Bags (LD),Plastic,film,Patrakar Colony,kg,20.1,mixed,72,2026-05-16,10.0,7.73,Jaipur,true
Polythene Bags (LD),Plastic,film,Airport Area,kg,85.2,mixed,51,2026-04-25,10.0,9.26,Jaipur,true
Polythene Bags (LD),Plastic,film,Airport Area,kg,41.5,clean,16,2026-03-21,10.0,9.84,Jaipur,true
Polythene Bags (LD),Plastic,film,Mansarovar,kg,11.9,clean,56,2026-04-30,10.0,9.83,Jaipur,true
Polythene Bags (LD),Plastic,film,Model Town,kg,91.4,mixed,162,2026-08-14,10.0,10.87,Jaipur,true
Polythene Bags (LD),Plastic,film,Chandpole,kg,13.4,clean,13,2026-03-18,10.0,10.02,Jaipur,true
Polythene Bags (LD),Plastic,film,Ramnagariya,kg,91.4,damaged,156,2026-08-08,10.0,7.53,Jaipur,true
Polythene Bags (LD),Plastic,film,Malviya Nagar,kg,7.0,clean,0,2026-03-05,10.0,9.74,Jaipur,true
Polythene Bags (LD),Plastic,film,Vaishali Nagar,kg,26.4,mixed,89,2026-06-02,10.0,8.64,Jaipur,true
Polythene Bags (LD),Plastic,film,Chandpole,kg,69.6,mixed,152,2026-08-04,10.0,10.48,Jaipur,true
Polythene Bags (LD),Plastic,film,Airport Area,kg,11.2,dirty,112,2026-06-25,10.0,7.71,Jaipur,true
Polythene Bags (LD),Plastic,film,Hasanpura,kg,38.1,dirty,159,2026-08-11,10.0,9.27,Jaipur,true
Polythene Bags (LD),Plastic,film,MI Road,kg,43.6,damaged,7,2026-03-12,10.0,6.87,Jaipur,true
Polythene Bags (LD),Plastic,film,Gopalpura,kg,30.0,dirty,117,2026-06-30,10.0,7.5,Jaipur,true
Polythene Bags (LD),Plastic,film,C-Scheme,kg,20.0,clean,17,2026-03-22,10.0,9.99,Jaipur,true
Polythene Bags (LD),Plastic,film,Ramnagariya,kg,86.9,mixed,88,2026-06-01,10.0,7.88,Jaipur,true
Polythene Bags (LD),Plastic,film,Hasanpura,kg,23.1,dirty,151,2026-08-03,10.0,8.65,Jaipur,true
Polythene Bags (LD),Plastic,film,Sodala,kg,88.7,mixed,154,2026-08-06,10.0,10.39,Jaipur,true
Polythene Bags (LD),Plastic,film,Raja Park,kg,110.6,mixed,40,2026-04-14,10.0,9.72,Jaipur,true
Polythene Bags (LD),Plastic,film,Durgapura,kg,33.8,mixed,9,2026-03-14,10.0,9.36,Jaipur,true
Polythene Bags (LD),Plastic,film,Mahesh Nagar,kg,11.1,clean,58,2026-05-02,10.0,9.65,Jaipur,true
Polythene Bags (LD),Plastic,film,Raja Park,kg,34.0,mixed,105,2026-06-18,10.0,8.89,Jaipur,true
Polythene Bags (LD),Plastic,film,Mahesh Nagar,kg,100.0,dirty,130,2026-07-13,10.0,8.5,Jaipur,true
Polythene Bags (LD),Plastic,film,Sodala,kg,99.9,clean,157,2026-08-09,10.0,10.86,Jaipur,true
Polythene Bags (LD),Plastic,film,Mansarovar,kg,50.7,clean,47,2026-04-21,10.0,10.47,Jaipur,true
Polythene Bags (LD),Plastic,film,Raja Park,kg,110.9,dirty,111,2026-06-24,10.0,7.79,Jaipur,true
Polythene Bags (LD),Plastic,film,Mahesh Nagar,kg,24.9,mixed,154,2026-08-06,10.0,10.83,Jaipur,true
Polythene Bags (LD),Plastic,film,Airport Area,kg,115.4,damaged,166,2026-08-18,10.0,8.08,Jaipur,true
Polythene Bags (LD),Plastic,film,Raja Park,kg,52.0,mixed,138,2026-07-21,10.0,9.75,Jaipur,true
Polythene Bags (LD),Plastic,film,Shyam Nagar,kg,35.5,mixed,76,2026-05-20,10.0,7.85,Jaipur,true
Polythene Bags (LD),Plastic,film,Model Town,kg,12.3,mixed,170,2026-08-22,10.0,10.47,Jaipur,true
Polythene Bags (LD),Plastic,film,MI Road,kg,72.7,mixed,66,2026-05-10,10.0,8.27,Jaipur,true
Polythene Bags (LD),Plastic,film,Sodala,kg,105.7,dirty,72,2026-05-16,10.0,7.16,Jaipur,true
Polythene Bags (LD),Plastic,film,Barkat Nagar,kg,88.4,mixed,109,2026-06-22,10.0,9.71,Jaipur,true
Polythene Bags (LD),Plastic,film,Vaishali Nagar,kg,83.9,mixed,94,2026-06-07,10.0,8.99,Jaipur,true
Polythene Bags (LD),Plastic,film,Chandpole,kg,115.2,mixed,38,2026-04-12,10.0,10.12,Jaipur,true
Polythene Bags (LD),Plastic,film,Airport Area,kg,16.9,mixed,147,2026-07-30,10.0,9.7,Jaipur,true
Polythene Bags (HM),Plastic,film,Gopalpura,kg,89.2,mixed,88,2026-06-01,10.0,8.11,Jaipur,true
Polythene Bags (HM),Plastic,film,Mansarovar,kg,37.0,mixed,149,2026-08-01,10.0,10.12,Jaipur,true
Polythene Bags (HM),Plastic,film,Mahesh Nagar,kg,10.6,dirty,110,2026-06-23,10.0,7.94,Jaipur,true
Polythene Bags (HM),Plastic,film,Raja Park,kg,57.9,mixed,95,2026-06-08,10.0,8.57,Jaipur,true
Polythene Bags (HM),Plastic,film,Vaishali Nagar,kg,72.3,dirty,109,2026-06-22,10.0,8.31,Jaipur,true
Polythene Bags (HM),Plastic,film,Mahesh Nagar,kg,73.4,mixed,65,2026-05-09,10.0,9.45,Jaipur,true
Polythene Bags (HM),Plastic,film,Airport Area,kg,69.0,mixed,141,2026-07-24,10.0,9.9,Jaipur,true
Polythene Bags (HM),Plastic,film,MI Road,kg,73.3,clean,67,2026-05-11,10.0,8.59,Jaipur,true
Polythene Bags (HM),Plastic,film,Gopalpura,kg,15.6,mixed,119,2026-07-02,10.0,8.71,Jaipur,true
Polythene Bags (HM),Plastic,film,Malviya Nagar,kg,92.7,mixed,22,2026-03-27,10.0,8.79,Jaipur,true
Polythene Bags (HM),Plastic,film,MI Road,kg,76.3,mixed,78,2026-05-22,10.0,8.02,Jaipur,true
Polythene Bags (HM),Plastic,film,Shyam Nagar,kg,31.1,dirty,83,2026-05-27,10.0,6.85,Jaipur,true
Polythene Bags (HM),Plastic,film,Airport Area,kg,8.2,mixed,49,2026-04-23,10.0,9.02,Jaipur,true
Polythene Bags (HM),Plastic,film,Patrakar Colony,kg,86.9,clean,35,2026-04-09,10.0,9.68,Jaipur,true
Polythene Bags (HM),Plastic,film,Vaishali Nagar,kg,65.1,mixed,28,2026-04-02,10.0,10.13,Jaipur,true
Polythene Bags (HM),Plastic,film,Sodala,kg,43.2,clean,98,2026-06-11,10.0,8.89,Jaipur,true
Polythene Bags (HM),Plastic,film,Mahesh Nagar,kg,20.5,clean,148,2026-07-31,10.0,10.39,Jaipur,true
Polythene Bags (HM),Plastic,film,Shyam Nagar,kg,7.0,mixed,159,2026-08-11,10.0,9.92,Jaipur,true
Polythene Bags (HM),Plastic,film,Gopalpura,kg,39.5,damaged,130,2026-07-13,10.0,6.5,Jaipur,true
Polythene Bags (HM),Plastic,film,Gopalpura,kg,35.2,mixed,62,2026-05-06,10.0,8.36,Jaipur,true
Polythene Bags (HM),Plastic,film,Raja Park,kg,16.3,mixed,175,2026-08-27,10.0,10.16,Jaipur,true
Polythene Bags (HM),Plastic,film,Durgapura,kg,72.0,clean,173,2026-08-25,10.0,11.11,Jaipur,true
Polythene Bags (HM),Plastic,film,Patrakar Colony,kg,89.0,damaged,28,2026-04-02,10.0,6.7,Jaipur,true
Polythene Bags (HM),Plastic,film,Model Town,kg,27.1,damaged,80,2026-05-24,10.0,6.31,Jaipur,true
Polythene Bags (HM),Plastic,film,Mansarovar,kg,2.0,clean,137,2026-07-20,10.0,10.36,Jaipur,true
Polythene Bags (HM),Plastic,film,Vaishali Nagar,kg,25.6,mixed,52,2026-04-26,10.0,9.25,Jaipur,true
Polythene Bags (HM),Plastic,film,Tonk Road,kg,39.3,clean,111,2026-06-24,10.0,8.75,Jaipur,true
Polythene Bags (HM),Plastic,film,C-Scheme,kg,10.6,mixed,123,2026-07-06,10.0,8.71,Jaipur,true
Polythene Bags (HM),Plastic,film,Malviya Nagar,kg,11.4,mixed,152,2026-08-04,10.0,9.16,Jaipur,true
Polythene Bags (HM),Plastic,film,Raja Park,kg,21.0,damaged,153,2026-08-05,10.0,7.5,Jaipur,true
Polythene Bags (HM),Plastic,film,Civil Lines,kg,71.9,mixed,116,2026-06-29,10.0,9.86,Jaipur,true
Polythene Bags (HM),Plastic,film,Shyam Nagar,kg,85.0,dirty,70,2026-05-14,10.0,7.08,Jaipur,true
Polythene Bags (HM),Plastic,film,Malviya Nagar,kg,4.3,dirty,1,2026-03-06,10.0,7.82,Jaipur,true
Polythene Bags (HM),Plastic,film,Mahesh Nagar,kg,76.3,damaged,140,2026-07-23,10.0,7.79,Jaipur,true
Polythene Bags (HM),Plastic,film,Sodala,kg,56.9,mixed,143,2026-07-26,10.0,9.49,Jaipur,true
Polythene Bags (HM),Plastic,film,Mansarovar,kg,70.6,dirty,48,2026-04-22,10.0,8.49,Jaipur,true
Polythene Bags (HM),Plastic,film,Patrakar Colony,kg,77.2,clean,1,2026-03-06,10.0,10.06,Jaipur,true
Polythene Bags (HM),Plastic,film,Nirman Nagar,kg,79.4,dirty,138,2026-07-21,10.0,8.41,Jaipur,true
Polythene Bags (HM),Plastic,film,Shyam Nagar,kg,81.6,dirty,59,2026-05-03,10.0,7.26,Jaipur,true
Polythene Bags (HM),Plastic,film,Ramnagariya,kg,13.1,clean,27,2026-04-01,10.0,9.1,Jaipur,true
Polythene Bags (HM),Plastic,film,Chandpole,kg,84.7,clean,149,2026-08-01,10.0,10.61,Jaipur,true
Polythene Bags (HM),Plastic,film,Mahesh Nagar,kg,53.1,clean,126,2026-07-09,10.0,10.32,Jaipur,true
Polythene Bags (HM),Plastic,film,Nirman Nagar,kg,91.6,clean,27,2026-04-01,10.0,10.33,Jaipur,true
Polythene Bags (HM),Plastic,film,Malviya Nagar,kg,117.6,clean,118,2026-07-01,10.0,9.14,Jaipur,true
Polythene Bags (HM),Plastic,film,Model Town,kg,65.8,mixed,120,2026-07-03,10.0,9.54,Jaipur,true
Polythene Bags (HM),Plastic,film,Durgapura,kg,79.9,mixed,10,2026-03-15,10.0,9.68,Jaipur,true
Polythene Bags (HM),Plastic,film,Nirman Nagar,kg,100.5,mixed,132,2026-07-15,10.0,9.79,Jaipur,true
Polythene Bags (HM),Plastic,film,Nirman Nagar,kg,49.0,clean,138,2026-07-21,10.0,9.99,Jaipur,true
Polythene Bags (HM),Plastic,film,Gopalpura,kg,68.2,clean,3,2026-03-08,10.0,10.31,Jaipur,true
Polythene Bags (HM),Plastic,film,Chandpole,kg,63.9,dirty,82,2026-05-26,10.0,7.74,Jaipur,true
Polythene Bags (HM),Plastic,film,Sodala,kg,103.6,mixed,6,2026-03-11,10.0,10.01,Jaipur,true
Polythene Bags (HM),Plastic,film,Adarsh Nagar,kg,7.8,clean,154,2026-08-06,10.0,9.95,Jaipur,true
Polythene Bags (HM),Plastic,film,Barkat Nagar,kg,80.0,mixed,42,2026-04-16,10.0,10.14,Jaipur,true
Polythene Bags (HM),Plastic,film,Malviya Nagar,kg,76.7,mixed,79,2026-05-23,10.0,7.91,Jaipur,true
Polythene Bags (HM),Plastic,film,Patrakar Colony,kg,45.5,clean,133,2026-07-16,10.0,8.88,Jaipur,true
Polythene Bags (HM),Plastic,film,Model Town,kg,13.2,mixed,84,2026-05-28,10.0,8.49,Jaipur,true
Polythene Bags (HM),Plastic,film,Gopalpura,kg,21.9,damaged,10,2026-03-15,10.0,6.68,Jaipur,true
Polythene Bags (HM),Plastic,film,Durgapura,kg,35.5,damaged,37,2026-04-11,10.0,6.97,Jaipur,true
Polythene Bags (HM),Plastic,film,Mahesh Nagar,kg,20.6,dirty,62,2026-05-06,10.0,7.89,Jaipur,true
Polythene Bags (HM),Plastic,film,Nirman Nagar,kg,67.3,mixed,13,2026-03-18,10.0,9.8,Jaipur,true
Polythene Bags (HM),Plastic,film,MI Road,kg,118.4,clean,0,2026-03-05,10.0,10.27,Jaipur,true
Polythene Bags (HM),Plastic,film,Vaishali Nagar,kg,107.2,mixed,165,2026-08-17,10.0,11.37,Jaipur,true
Polythene Bags (HM),Plastic,film,Tonk Road,kg,27.3,mixed,26,2026-03-31,10.0,8.74,Jaipur,true
Polythene Bags (HM),Plastic,film,Malviya Nagar,kg,95.3,mixed,171,2026-08-23,10.0,10.05,Jaipur,true
Polythene Bags (HM),Plastic,film,Patrakar Colony,kg,104.3,clean,31,2026-04-05,10.0,9.4,Jaipur,true
Polythene Bags (HM),Plastic,film,Barkat Nagar,kg,115.5,clean,88,2026-06-01,10.0,9.37,Jaipur,true
Polythene Bags (HM),Plastic,film,Sodala,kg,45.5,dirty,52,2026-04-26,10.0,7.27,Jaipur,true
Polythene Bags (HM),Plastic,film,Malviya Nagar,kg,27.3,mixed,111,2026-06-24,10.0,8.23,Jaipur,true
Polythene Bags (HM),Plastic,film,Adarsh Nagar,kg,83.8,clean,148,2026-07-31,10.0,9.46,Jaipur,true
Polythene Bags (HM),Plastic,film,Patrakar Colony,kg,76.3,mixed,54,2026-04-28,10.0,8.71,Jaipur,true
Polythene Bags (HM),Plastic,film,Gopalpura,kg,6.0,mixed,174,2026-08-26,10.0,9.7,Jaipur,true
Polythene Bags (HM),Plastic,film,Sodala,kg,101.1,mixed,168,2026-08-20,10.0,10.35,Jaipur,true
Polythene Bags (HM),Plastic,film,Civil Lines,kg,103.0,clean,45,2026-04-19,10.0,9.93,Jaipur,true
Polythene Bags (HM),Plastic,film,Ramnagariya,kg,65.4,mixed,47,2026-04-21,10.0,8.65,Jaipur,true
Polythene Bags (HM),Plastic,film,Malviya Nagar,kg,104.5,mixed,77,2026-05-21,10.0,7.91,Jaipur,true
Polythene Bags (HM),Plastic,film,Sodala,kg,20.1,dirty,37,2026-04-11,10.0,7.75,Jaipur,true
Polythene Bags (HM),Plastic,film,Mahesh Nagar,kg,70.2,mixed,179,2026-08-31,10.0,10.98,Jaipur,true
Polythene Bags (HM),Plastic,film,Nirman Nagar,kg,60.3,mixed,29,2026-04-03,10.0,9.8,Jaipur,true
Polythene Bags (HM),Plastic,film,Chandpole,kg,61.3,mixed,151,2026-08-03,10.0,10.27,Jaipur,true
Polythene Bags (HM),Plastic,film,Mansarovar,kg,95.9,damaged,76,2026-05-20,10.0,6.81,Jaipur,true
Polythene Bags (HM),Plastic,film,Vaishali Nagar,kg,47.9,dirty,47,2026-04-21,10.0,8.07,Jaipur,true
Polythene Bags (HM),Plastic,film,MI Road,kg,1.6,mixed,165,2026-08-17,10.0,9.75,Jaipur,true
Polythene Bags (HM),Plastic,film,Shyam Nagar,kg,23.9,clean,108,2026-06-21,10.0,9.04,Jaipur,true
Polythene Bags (HM),Plastic,film,Shyam Nagar,kg,78.6,clean,173,2026-08-25,10.0,10.7,Jaipur,true
Polythene Bags (HM),Plastic,film,Raja Park,kg,98.9,mixed,69,2026-05-13,10.0,8.64,Jaipur,true
Polythene Bags (HM),Plastic,film,MI Road,kg,62.3,mixed,31,2026-04-05,10.0,9.06,Jaipur,true
Polythene Bags (HM),Plastic,film,Civil Lines,kg,78.6,mixed,160,2026-08-12,10.0,11.18,Jaipur,true
Polythene Bags (HM),Plastic,film,Mansarovar,kg,43.1,mixed,84,2026-05-28,10.0,9.02,Jaipur,true
Polythene Bags (HM),Plastic,film,Hasanpura,kg,89.9,dirty,143,2026-07-26,10.0,8.71,Jaipur,true
Polythene Bags (HM),Plastic,film,Civil Lines,kg,81.0,mixed,62,2026-05-06,10.0,9.28,Jaipur,true
Plastic (PP) Bags,Plastic,film,Barkat Nagar,kg,99.6,mixed,85,2026-05-29,10.0,9.19,Jaipur,true
Plastic (PP) Bags,Plastic,film,Vaishali Nagar,kg,61.4,clean,112,2026-06-25,10.0,10.37,Jaipur,true
Plastic (PP) Bags,Plastic,film,Mahesh Nagar,kg,69.9,dirty,89,2026-06-02,10.0,7.65,Jaipur,true
Plastic (PP) Bags,Plastic,film,Mahesh Nagar,kg,65.7,clean,92,2026-06-05,10.0,9.45,Jaipur,true
Plastic (PP) Bags,Plastic,film,Hasanpura,kg,99.7,clean,130,2026-07-13,10.0,10.47,Jaipur,true
Plastic (PP) Bags,Plastic,film,Mansarovar,kg,88.8,dirty,95,2026-06-08,10.0,7.8,Jaipur,true
Plastic (PP) Bags,Plastic,film,Chandpole,kg,5.6,clean,6,2026-03-11,10.0,10.6,Jaipur,true
Plastic (PP) Bags,Plastic,film,C-Scheme,kg,96.8,damaged,63,2026-05-07,10.0,6.67,Jaipur,true
Plastic (PP) Bags,Plastic,film,Vaishali Nagar,kg,92.1,mixed,92,2026-06-05,10.0,8.99,Jaipur,true
Plastic (PP) Bags,Plastic,film,Barkat Nagar,kg,99.1,mixed,6,2026-03-11,10.0,10.76,Jaipur,true
Plastic (PP) Bags,Plastic,film,Mansarovar,kg,119.1,mixed,62,2026-05-06,10.0,9.73,Jaipur,true
Plastic (PP) Bags,Plastic,film,Airport Area,kg,106.1,clean,3,2026-03-08,10.0,10.91,Jaipur,true
Plastic (PP) Bags,Plastic,film,Mansarovar,kg,38.0,clean,38,2026-04-12,10.0,10.65,Jaipur,true
Plastic (PP) Bags,Plastic,film,Mansarovar,kg,62.1,mixed,67,2026-05-11,10.0,9.25,Jaipur,true
Plastic (PP) Bags,Plastic,film,Hasanpura,kg,31.2,dirty,67,2026-05-11,10.0,7.48,Jaipur,true
Plastic (PP) Bags,Plastic,film,Barkat Nagar,kg,50.5,dirty,175,2026-08-27,10.0,9.45,Jaipur,true
Plastic (PP) Bags,Plastic,film,Model Town,kg,40.7,clean,60,2026-05-04,10.0,9.08,Jaipur,true
Plastic (PP) Bags,Plastic,film,MI Road,kg,96.0,dirty,71,2026-05-15,10.0,6.85,Jaipur,true
Plastic (PP) Bags,Plastic,film,Mahesh Nagar,kg,81.3,damaged,114,2026-06-27,10.0,7.57,Jaipur,true
Plastic (PP) Bags,Plastic,film,Adarsh Nagar,kg,88.3,clean,112,2026-06-25,10.0,9.09,Jaipur,true
Plastic (PP) Bags,Plastic,film,Gopalpura,kg,73.3,mixed,151,2026-08-03,10.0,9.56,Jaipur,true
Plastic (PP) Bags,Plastic,film,Nirman Nagar,kg,16.3,dirty,104,2026-06-17,10.0,7.66,Jaipur,true
Plastic (PP) Bags,Plastic,film,Vaishali Nagar,kg,15.2,clean,135,2026-07-18,10.0,9.96,Jaipur,true
Plastic (PP) Bags,Plastic,film,Patrakar Colony,kg,41.9,dirty,64,2026-05-08,10.0,6.81,Jaipur,true
Plastic (PP) Bags,Plastic,film,Raja Park,kg,77.9,mixed,138,2026-07-21,10.0,9.75,Jaipur,true
Plastic (PP) Bags,Plastic,film,Vaishali Nagar,kg,14.8,dirty,87,2026-05-31,10.0,7.35,Jaipur,true
Plastic (PP) Bags,Plastic,film,Gopalpura,kg,19.3,mixed,148,2026-07-31,10.0,8.92,Jaipur,true
Plastic (PP) Bags,Plastic,film,Gopalpura,kg,63.1,mixed,54,2026-04-28,10.0,8.91,Jaipur,true
Plastic (PP) Bags,Plastic,film,Model Town,kg,109.7,mixed,97,2026-06-10,10.0,8.76,Jaipur,true
Plastic (PP) Bags,Plastic,film,MI Road,kg,71.2,clean,117,2026-06-30,10.0,9.53,Jaipur,true
Plastic (PP) Bags,Plastic,film,Hasanpura,kg,19.9,damaged,162,2026-08-14,10.0,8.24,Jaipur,true
Plastic (PP) Bags,Plastic,film,Airport Area,kg,17.5,dirty,166,2026-08-18,10.0,8.81,Jaipur,true
Plastic (PP) Bags,Plastic,film,Barkat Nagar,kg,84.0,mixed,50,2026-04-24,10.0,10.02,Jaipur,true
Plastic (PP) Bags,Plastic,film,Shyam Nagar,kg,64.6,mixed,132,2026-07-15,10.0,9.29,Jaipur,true
Plastic (PP) Bags,Plastic,film,MI Road,kg,81.2,mixed,22,2026-03-27,10.0,8.91,Jaipur,true
Plastic (PP) Bags,Plastic,film,Raja Park,kg,57.3,mixed,151,2026-08-03,10.0,10.0,Jaipur,true
Plastic (PP) Bags,Plastic,film,Adarsh Nagar,kg,19.4,mixed,24,2026-03-29,10.0,8.73,Jaipur,true
Plastic (PP) Bags,Plastic,film,Model Town,kg,64.2,mixed,144,2026-07-27,10.0,9.71,Jaipur,true
Plastic (PP) Bags,Plastic,film,Raja Park,kg,66.0,dirty,80,2026-05-24,10.0,7.38,Jaipur,true
Plastic (PP) Bags,Plastic,film,Adarsh Nagar,kg,69.5,clean,62,2026-05-06,10.0,8.87,Jaipur,true
Plastic (PP) Bags,Plastic,film,C-Scheme,kg,77.2,mixed,2,2026-03-07,10.0,10.27,Jaipur,true
Plastic (PP) Bags,Plastic,film,Gopalpura,kg,13.8,mixed,80,2026-05-24,10.0,7.99,Jaipur,true
Plastic (PP) Bags,Plastic,film,Adarsh Nagar,kg,100.9,mixed,26,2026-03-31,10.0,8.93,Jaipur,true
Plastic (PP) Bags,Plastic,film,Patrakar Colony,kg,59.8,clean,128,2026-07-11,10.0,9.25,Jaipur,true
Plastic (PP) Bags,Plastic,film,Barkat Nagar,kg,63.3,mixed,164,2026-08-16,10.0,11.41,Jaipur,true
Plastic (PP) Bags,Plastic,film,Hasanpura,kg,20.9,mixed,17,2026-03-22,10.0,10.13,Jaipur,true
Plastic (PP) Bags,Plastic,film,Mansarovar,kg,47.4,mixed,122,2026-07-05,10.0,9.73,Jaipur,true
Plastic (PP) Bags,Plastic,film,Shyam Nagar,kg,21.8,clean,113,2026-06-26,10.0,9.22,Jaipur,true
Plastic (PP) Bags,Plastic,film,Durgapura,kg,55.1,mixed,91,2026-06-04,10.0,8.47,Jaipur,true
Plastic (PP) Bags,Plastic,film,Gopalpura,kg,65.5,dirty,86,2026-05-30,10.0,6.89,Jaipur,true
Plastic (PP) Bags,Plastic,film,Chandpole,kg,66.2,mixed,47,2026-04-21,10.0,9.57,Jaipur,true
Plastic (PP) Bags,Plastic,film,Hasanpura,kg,8.4,mixed,33,2026-04-07,10.0,9.66,Jaipur,true
Plastic (PP) Bags,Plastic,film,Durgapura,kg,33.2,mixed,37,2026-04-11,10.0,9.29,Jaipur,true
Plastic (PP) Bags,Plastic,film,Hasanpura,kg,14.0,mixed,114,2026-06-27,10.0,9.68,Jaipur,true
Plastic (PP) Bags,Plastic,film,Shyam Nagar,kg,41.1,mixed,8,2026-03-13,10.0,9.16,Jaipur,true
Plastic (PP) Bags,Plastic,film,Ramnagariya,kg,41.7,dirty,136,2026-07-19,10.0,7.12,Jaipur,true
Plastic (PP) Bags,Plastic,film,Shyam Nagar,kg,117.5,mixed,64,2026-05-08,10.0,8.58,Jaipur,true
Plastic (PP) Bags,Plastic,film,Nirman Nagar,kg,101.1,mixed,16,2026-03-21,10.0,9.77,Jaipur,true
Plastic (PP) Bags,Plastic,film,Ramnagariya,kg,51.6,mixed,158,2026-08-10,10.0,9.89,Jaipur,true
Plastic (PP) Bags,Plastic,film,MI Road,kg,17.3,mixed,142,2026-07-25,10.0,8.9,Jaipur,true
Plastic (PP) Bags,Plastic,film,Mahesh Nagar,kg,92.4,clean,161,2026-08-13,10.0,12.13,Jaipur,true
Plastic (PP) Bags,Plastic,film,Chandpole,kg,75.1,damaged,88,2026-06-01,10.0,6.53,Jaipur,true
Plastic (PP) Bags,Plastic,film,Sodala,kg,58.5,mixed,127,2026-07-10,10.0,9.06,Jaipur,true
Plastic (PP) Bags,Plastic,film,Gopalpura,kg,91.5,dirty,8,2026-03-13,10.0,8.04,Jaipur,true
Plastic (PP) Bags,Plastic,film,Mahesh Nagar,kg,70.5,mixed,113,2026-06-26,10.0,10.07,Jaipur,true
Plastic (PP) Bags,Plastic,film,Hasanpura,kg,94.3,mixed,80,2026-05-24,10.0,9.19,Jaipur,true
Plastic (PP) Bags,Plastic,film,Ramnagariya,kg,38.6,dirty,140,2026-07-23,10.0,7.43,Jaipur,true
Plastic (PP) Bags,Plastic,film,Nirman Nagar,kg,49.7,mixed,123,2026-07-06,10.0,8.89,Jaipur,true
Plastic (PP) Bags,Plastic,film,Model Town,kg,24.9,clean,166,2026-08-18,10.0,10.82,Jaipur,true
Plastic (PP) Bags,Plastic,film,Malviya Nagar,kg,99.4,clean,135,2026-07-18,10.0,9.12,Jaipur,true
Plastic (PP) Bags,Plastic,film,Hasanpura,kg,28.5,dirty,44,2026-04-18,10.0,7.91,Jaipur,true
Plastic (PP) Bags,Plastic,film,Tonk Road,kg,49.3,dirty,31,2026-04-05,10.0,7.4,Jaipur,true
Plastic (PP) Bags,Plastic,film,Gopalpura,kg,95.0,mixed,25,2026-03-30,10.0,9.35,Jaipur,true
Plastic (PP) Bags,Plastic,film,Airport Area,kg,70.8,mixed,106,2026-06-19,10.0,9.48,Jaipur,true
Plastic (PP) Bags,Plastic,film,Mahesh Nagar,kg,99.1,dirty,28,2026-04-02,10.0,8.62,Jaipur,true
Plastic (PP) Bags,Plastic,film,Chandpole,kg,102.7,mixed,95,2026-06-08,10.0,8.81,Jaipur,true
Plastic (PP) Bags,Plastic,film,Tonk Road,kg,15.2,clean,140,2026-07-23,10.0,9.33,Jaipur,true
Plastic (PP) Bags,Plastic,film,C-Scheme,kg,119.4,mixed,135,2026-07-18,10.0,9.25,Jaipur,true
Plastic (PP) Bags,Plastic,film,Vaishali Nagar,kg,42.6,mixed,142,2026-07-25,10.0,9.97,Jaipur,true
Plastic (PP) Bags,Plastic,film,MI Road,kg,110.1,mixed,118,2026-07-01,10.0,8.83,Jaipur,true
Plastic (PP) Bags,Plastic,film,Mahesh Nagar,kg,75.6,mixed,70,2026-05-14,10.0,9.19,Jaipur,true
Plastic (PP) Bags,Plastic,film,Gopalpura,kg,41.6,damaged,121,2026-07-04,10.0,6.48,Jaipur,true
Plastic (PP) Bags,Plastic,film,MI Road,kg,118.2,mixed,46,2026-04-20,10.0,8.7,Jaipur,true
Plastic (PP) Bags,Plastic,film,Civil Lines,kg,68.9,clean,136,2026-07-19,10.0,10.06,Jaipur,true
Plastic (PP) Bags,Plastic,film,Chandpole,kg,60.5,mixed,29,2026-04-03,10.0,9.92,Jaipur,true
Plastic (PP) Bags,Plastic,film,Mansarovar,kg,42.5,dirty,96,2026-06-09,10.0,7.72,Jaipur,true
Plastic (PP) Bags,Plastic,film,Adarsh Nagar,kg,6.6,mixed,13,2026-03-18,10.0,8.63,Jaipur,true
Plastic (PP) Bags,Plastic,film,Durgapura,kg,86.1,dirty,25,2026-03-30,10.0,8.3,Jaipur,true
Plastic (PP) Bags,Plastic,film,Adarsh Nagar,kg,27.6,clean,20,2026-03-25,10.0,8.97,Jaipur,true
Plastic (PP) Bags,Plastic,film,Airport Area,kg,75.2,damaged,76,2026-05-20,10.0,6.44,Jaipur,true
Water Tank (Sintex),Plastic,tank,Mansarovar,kg,90.9,damaged,107,2026-06-20,15.0,11.0,Jaipur,true
Water Tank (Sintex),Plastic,tank,MI Road,kg,37.4,mixed,129,2026-07-12,15.0,13.04,Jaipur,true
Water Tank (Sintex),Plastic,tank,Airport Area,kg,66.4,mixed,176,2026-08-28,15.0,16.25,Jaipur,true
Water Tank (Sintex),Plastic,tank,Sodala,kg,64.0,mixed,79,2026-05-23,15.0,12.46,Jaipur,true
Water Tank (Sintex),Plastic,tank,Mahesh Nagar,kg,55.7,mixed,144,2026-07-27,15.0,15.36,Jaipur,true
Water Tank (Sintex),Plastic,tank,Durgapura,kg,109.9,mixed,121,2026-07-04,15.0,14.08,Jaipur,true
Water Tank (Sintex),Plastic,tank,Chandpole,kg,73.7,dirty,10,2026-03-15,15.0,12.68,Jaipur,true
Water Tank (Sintex),Plastic,tank,MI Road,kg,74.1,clean,55,2026-04-29,15.0,13.86,Jaipur,true
Water Tank (Sintex),Plastic,tank,Patrakar Colony,kg,79.6,mixed,117,2026-06-30,15.0,13.45,Jaipur,true
Water Tank (Sintex),Plastic,tank,Mansarovar,kg,22.0,clean,43,2026-04-17,15.0,15.29,Jaipur,true
Water Tank (Sintex),Plastic,tank,Civil Lines,kg,71.0,clean,69,2026-05-13,15.0,13.9,Jaipur,true
Water Tank (Sintex),Plastic,tank,Raja Park,kg,112.7,dirty,82,2026-05-26,15.0,11.3,Jaipur,true
Water Tank (Sintex),Plastic,tank,Civil Lines,kg,98.9,damaged,108,2026-06-21,15.0,10.69,Jaipur,true
Water Tank (Sintex),Plastic,tank,C-Scheme,kg,20.1,mixed,178,2026-08-30,15.0,15.09,Jaipur,true
Water Tank (Sintex),Plastic,tank,Hasanpura,kg,94.4,dirty,109,2026-06-22,15.0,12.45,Jaipur,true
Water Tank (Sintex),Plastic,tank,Malviya Nagar,kg,38.8,damaged,137,2026-07-20,15.0,9.68,Jaipur,true
Water Tank (Sintex),Plastic,tank,Raja Park,kg,87.7,mixed,31,2026-04-05,15.0,14.36,Jaipur,true
Water Tank (Sintex),Plastic,tank,Durgapura,kg,88.1,mixed,159,2026-08-11,15.0,16.05,Jaipur,true
Water Tank (Sintex),Plastic,tank,Shyam Nagar,kg,57.3,dirty,90,2026-06-03,15.0,10.48,Jaipur,true
Water Tank (Sintex),Plastic,tank,Mahesh Nagar,kg,106.7,mixed,53,2026-04-27,15.0,14.41,Jaipur,true
Water Tank (Sintex),Plastic,tank,Chandpole,kg,7.7,dirty,105,2026-06-18,15.0,11.64,Jaipur,true
Water Tank (Sintex),Plastic,tank,MI Road,kg,18.5,dirty,42,2026-04-16,15.0,11.17,Jaipur,true
Water Tank (Sintex),Plastic,tank,Shyam Nagar,kg,75.5,clean,98,2026-06-11,15.0,13.63,Jaipur,true
Water Tank (Sintex),Plastic,tank,Sodala,kg,65.4,mixed,128,2026-07-11,15.0,13.86,Jaipur,true
Water Tank (Sintex),Plastic,tank,Nirman Nagar,kg,27.5,mixed,18,2026-03-23,15.0,14.31,Jaipur,true
Water Tank (Sintex),Plastic,tank,Tonk Road,kg,29.4,mixed,125,2026-07-08,15.0,12.6,Jaipur,true
Water Tank (Sintex),Plastic,tank,Ramnagariya,kg,94.3,clean,25,2026-03-30,15.0,14.31,Jaipur,true
Water Tank (Sintex),Plastic,tank,C-Scheme,kg,114.0,mixed,170,2026-08-22,15.0,16.14,Jaipur,true
Water Tank (Sintex),Plastic,tank,Barkat Nagar,kg,56.2,mixed,62,2026-05-06,15.0,14.35,Jaipur,true
Water Tank (Sintex),Plastic,tank,Gopalpura,kg,28.6,clean,95,2026-06-08,15.0,12.42,Jaipur,true
Water Tank (Sintex),Plastic,tank,MI Road,kg,94.2,mixed,111,2026-06-24,15.0,13.01,Jaipur,true
Water Tank (Sintex),Plastic,tank,Barkat Nagar,kg,115.5,mixed,146,2026-07-29,15.0,15.35,Jaipur,true
Water Tank (Sintex),Plastic,tank,Patrakar Colony,kg,90.0,clean,7,2026-03-12,15.0,14.81,Jaipur,true
Water Tank (Sintex),Plastic,tank,Malviya Nagar,kg,44.9,damaged,11,2026-03-16,15.0,9.72,Jaipur,true
Water Tank (Sintex),Plastic,tank,Sodala,kg,65.7,mixed,7,2026-03-12,15.0,14.79,Jaipur,true
Water Tank (Sintex),Plastic,tank,Gopalpura,kg,74.0,mixed,53,2026-04-27,15.0,12.98,Jaipur,true
Water Tank (Sintex),Plastic,tank,Malviya Nagar,kg,33.5,mixed,139,2026-07-22,15.0,13.05,Jaipur,true
Water Tank (Sintex),Plastic,tank,Airport Area,kg,9.4,mixed,88,2026-06-01,15.0,12.38,Jaipur,true
Water Tank (Sintex),Plastic,tank,Malviya Nagar,kg,40.1,mixed,75,2026-05-19,15.0,11.42,Jaipur,true
Water Tank (Sintex),Plastic,tank,Civil Lines,kg,7.5,dirty,152,2026-08-04,15.0,12.78,Jaipur,true
Water Tank (Sintex),Plastic,tank,Chandpole,kg,47.2,mixed,9,2026-03-14,15.0,14.43,Jaipur,true
Water Tank (Sintex),Plastic,tank,Mahesh Nagar,kg,31.8,mixed,104,2026-06-17,15.0,14.15,Jaipur,true
Water Tank (Sintex),Plastic,tank,Mahesh Nagar,kg,43.9,mixed,105,2026-06-18,15.0,14.16,Jaipur,true
Water Tank (Sintex),Plastic,tank,C-Scheme,kg,80.5,mixed,148,2026-07-31,15.0,14.46,Jaipur,true
Water Tank (Sintex),Plastic,tank,Civil Lines,kg,41.5,dirty,126,2026-07-09,15.0,11.59,Jaipur,true
Water Tank (Sintex),Plastic,tank,Patrakar Colony,kg,79.7,clean,6,2026-03-11,15.0,15.04,Jaipur,true
Water Tank (Sintex),Plastic,tank,Tonk Road,kg,52.0,dirty,82,2026-05-26,15.0,10.69,Jaipur,true
Water Tank (Sintex),Plastic,tank,Barkat Nagar,kg,48.7,mixed,39,2026-04-13,15.0,15.29,Jaipur,true
Water Tank (Sintex),Plastic,tank,C-Scheme,kg,99.1,mixed,109,2026-06-22,15.0,13.76,Jaipur,true
Water Tank (Sintex),Plastic,tank,Patrakar Colony,kg,110.4,mixed,128,2026-07-11,15.0,13.22,Jaipur,true
Water Tank (Sintex),Plastic,tank,Durgapura,kg,82.0,clean,129,2026-07-12,15.0,15.03,Jaipur,true
Water Tank (Sintex),Plastic,tank,Raja Park,kg,75.0,mixed,153,2026-08-05,15.0,15.61,Jaipur,true
Water Tank (Sintex),Plastic,tank,Chandpole,kg,49.9,mixed,140,2026-07-23,15.0,14.49,Jaipur,true
Water Tank (Sintex),Plastic,tank,MI Road,kg,68.3,clean,167,2026-08-19,15.0,15.75,Jaipur,true
Water Tank (Sintex),Plastic,tank,Barkat Nagar,kg,60.0,mixed,163,2026-08-15,15.0,16.96,Jaipur,true
Water Tank (Sintex),Plastic,tank,MI Road,kg,111.0,mixed,146,2026-07-29,15.0,13.8,Jaipur,true
Water Tank (Sintex),Plastic,tank,Patrakar Colony,kg,22.6,dirty,9,2026-03-14,15.0,11.16,Jaipur,true
Water Tank (Sintex),Plastic,tank,Sodala,kg,43.3,mixed,145,2026-07-28,15.0,13.67,Jaipur,true
Water Tank (Sintex),Plastic,tank,Mansarovar,kg,95.6,mixed,146,2026-07-29,15.0,15.61,Jaipur,true
Water Tank (Sintex),Plastic,tank,Civil Lines,kg,99.9,mixed,2,2026-03-07,15.0,15.82,Jaipur,true
Water Tank (Sintex),Plastic,tank,Barkat Nagar,kg,112.7,mixed,11,2026-03-16,15.0,15.2,Jaipur,true
Water Tank (Sintex),Plastic,tank,Civil Lines,kg,6.7,mixed,95,2026-06-08,15.0,12.64,Jaipur,true
Water Tank (Sintex),Plastic,tank,Barkat Nagar,kg,22.5,mixed,69,2026-05-13,15.0,13.11,Jaipur,true
Water Tank (Sintex),Plastic,tank,Mahesh Nagar,kg,58.6,mixed,26,2026-03-31,15.0,15.31,Jaipur,true
Water Tank (Sintex),Plastic,tank,Durgapura,kg,29.1,mixed,92,2026-06-05,15.0,12.22,Jaipur,true
Water Tank (Sintex),Plastic,tank,Nirman Nagar,kg,61.8,mixed,113,2026-06-26,15.0,14.43,Jaipur,true
Water Tank (Sintex),Plastic,tank,Tonk Road,kg,19.3,dirty,52,2026-04-26,15.0,10.52,Jaipur,true
Water Tank (Sintex),Plastic,tank,Gopalpura,kg,62.2,dirty,118,2026-07-01,15.0,11.38,Jaipur,true
Water Tank (Sintex),Plastic,tank,Vaishali Nagar,kg,46.0,mixed,105,2026-06-18,15.0,14.14,Jaipur,true
Water Tank (Sintex),Plastic,tank,Malviya Nagar,kg,87.5,damaged,124,2026-07-07,15.0,9.74,Jaipur,true
Water Tank (Sintex),Plastic,tank,Raja Park,kg,58.0,dirty,161,2026-08-13,15.0,13.87,Jaipur,true
Water Tank (Sintex),Plastic,tank,Vaishali Nagar,kg,9.8,mixed,78,2026-05-22,15.0,12.96,Jaipur,true
Water Tank (Sintex),Plastic,tank,C-Scheme,kg,31.2,dirty,101,2026-06-14,15.0,11.1,Jaipur,true
Water Tank (Sintex),Plastic,tank,Mahesh Nagar,kg,70.5,mixed,86,2026-05-30,15.0,13.5,Jaipur,true
Water Tank (Sintex),Plastic,tank,Durgapura,kg,84.3,clean,59,2026-05-03,15.0,13.97,Jaipur,true
Water Tank (Sintex),Plastic,tank,Malviya Nagar,kg,47.5,dirty,133,2026-07-16,15.0,10.77,Jaipur,true
Water Tank (Sintex),Plastic,tank,Adarsh Nagar,kg,41.3,dirty,57,2026-05-01,15.0,10.3,Jaipur,true
Water Tank (Sintex),Plastic,tank,Airport Area,kg,108.8,dirty,83,2026-05-27,15.0,11.24,Jaipur,true
Water Tank (Sintex),Plastic,tank,Raja Park,kg,14.5,damaged,114,2026-06-27,15.0,10.28,Jaipur,true
Water Tank (Sintex),Plastic,tank,MI Road,kg,50.9,clean,79,2026-05-23,15.0,12.64,Jaipur,true
Water Tank (Sintex),Plastic,tank,Model Town,kg,76.9,mixed,56,2026-04-30,15.0,13.73,Jaipur,true
Water Tank (Sintex),Plastic,tank,Sodala,kg,42.0,dirty,9,2026-03-14,15.0,11.7,Jaipur,true
Water Tank (Sintex),Plastic,tank,Sodala,kg,91.1,clean,117,2026-06-30,15.0,14.81,Jaipur,true
Water Tank (Sintex),Plastic,tank,Malviya Nagar,kg,119.2,mixed,39,2026-04-13,15.0,14.1,Jaipur,true
Water Tank (Sintex),Plastic,tank,Model Town,kg,79.5,clean,174,2026-08-26,15.0,16.72,Jaipur,true
Water Tank (Sintex),Plastic,tank,Shyam Nagar,kg,119.3,mixed,108,2026-06-21,15.0,13.43,Jaipur,true
Water Tank (Sintex),Plastic,tank,Airport Area,kg,112.1,dirty,112,2026-06-25,15.0,12.02,Jaipur,true
Water Tank (Sintex),Plastic,tank,Nirman Nagar,kg,37.2,damaged,78,2026-05-22,15.0,9.3,Jaipur,true
Water Tank (Sintex),Plastic,tank,Patrakar Colony,kg,2.8,clean,172,2026-08-24,15.0,15.0,Jaipur,true
Water Tank (Sintex),Plastic,tank,Ramnagariya,kg,44.7,clean,12,2026-03-17,15.0,13.54,Jaipur,true
Cooler (Plastic/Fibre),Plastic,appliance body,Civil Lines,kg,1.7,dirty,102,2026-06-15,8.0,6.17,Jaipur,true
Cooler (Plastic/Fibre),Plastic,appliance body,Barkat Nagar,kg,45.5,mixed,170,2026-08-22,8.0,8.76,Jaipur,true
Cooler (Plastic/Fibre),Plastic,appliance body,C-Scheme,kg,91.0,dirty,49,2026-04-23,8.0,6.27,Jaipur,true
Cooler (Plastic/Fibre),Plastic,appliance body,MI Road,kg,114.1,dirty,41,2026-04-15,8.0,6.07,Jaipur,true
Cooler (Plastic/Fibre),Plastic,appliance body,Tonk Road,kg,51.7,dirty,43,2026-04-17,8.0,6.06,Jaipur,true
Cooler (Plastic/Fibre),Plastic,appliance body,Mahesh Nagar,kg,13.9,mixed,72,2026-05-16,8.0,7.02,Jaipur,true
Cooler (Plastic/Fibre),Plastic,appliance body,Raja Park,kg,117.2,mixed,82,2026-05-26,8.0,7.09,Jaipur,true
Cooler (Plastic/Fibre),Plastic,appliance body,Durgapura,kg,48.4,mixed,173,2026-08-25,8.0,8.14,Jaipur,true
Cooler (Plastic/Fibre),Plastic,appliance body,Chandpole,kg,29.6,mixed,54,2026-04-28,8.0,7.36,Jaipur,true
Cooler (Plastic/Fibre),Plastic,appliance body,Chandpole,kg,29.2,mixed,105,2026-06-18,8.0,7.3,Jaipur,true
Cooler (Plastic/Fibre),Plastic,appliance body,Mansarovar,kg,73.1,clean,71,2026-05-15,8.0,7.65,Jaipur,true
Cooler (Plastic/Fibre),Plastic,appliance body,Shyam Nagar,kg,29.8,clean,7,2026-03-12,8.0,7.83,Jaipur,true
Cooler (Plastic/Fibre),Plastic,appliance body,Hasanpura,kg,13.9,mixed,3,2026-03-08,8.0,8.36,Jaipur,true
Cooler (Plastic/Fibre),Plastic,appliance body,Barkat Nagar,kg,38.6,mixed,68,2026-05-12,8.0,7.13,Jaipur,true
Cooler (Plastic/Fibre),Plastic,appliance body,Barkat Nagar,kg,103.8,mixed,20,2026-03-25,8.0,8.05,Jaipur,true
Cooler (Plastic/Fibre),Plastic,appliance body,Vaishali Nagar,kg,82.1,clean,49,2026-04-23,8.0,8.26,Jaipur,true
Cooler (Plastic/Fibre),Plastic,appliance body,Nirman Nagar,kg,45.0,dirty,97,2026-06-10,8.0,5.77,Jaipur,true
Cooler (Plastic/Fibre),Plastic,appliance body,Sodala,kg,35.1,dirty,33,2026-04-07,8.0,6.08,Jaipur,true
Cooler (Plastic/Fibre),Plastic,appliance body,Airport Area,kg,62.9,clean,3,2026-03-08,8.0,8.73,Jaipur,true
Cooler (Plastic/Fibre),Plastic,appliance body,Civil Lines,kg,105.1,mixed,9,2026-03-14,8.0,7.96,Jaipur,true
Cooler (Plastic/Fibre),Plastic,appliance body,Ramnagariya,kg,119.1,clean,61,2026-05-05,8.0,7.02,Jaipur,true
Cooler (Plastic/Fibre),Plastic,appliance body,Sodala,kg,56.7,damaged,93,2026-06-06,8.0,4.98,Jaipur,true
Cooler (Plastic/Fibre),Plastic,appliance body,Patrakar Colony,kg,103.7,mixed,169,2026-08-21,8.0,8.16,Jaipur,true
Cooler (Plastic/Fibre),Plastic,appliance body,Mahesh Nagar,kg,61.0,clean,153,2026-08-05,8.0,9.29,Jaipur,true
Cooler (Plastic/Fibre),Plastic,appliance body,Civil Lines,kg,113.0,clean,90,2026-06-03,8.0,7.32,Jaipur,true
Cooler (Plastic/Fibre),Plastic,appliance body,Nirman Nagar,kg,61.0,mixed,54,2026-04-28,8.0,7.56,Jaipur,true
Cooler (Plastic/Fibre),Plastic,appliance body,Sodala,kg,103.6,dirty,59,2026-05-03,8.0,5.91,Jaipur,true
Cooler (Plastic/Fibre),Plastic,appliance body,Nirman Nagar,kg,9.8,clean,89,2026-06-02,8.0,6.95,Jaipur,true
Cooler (Plastic/Fibre),Plastic,appliance body,Ramnagariya,kg,112.4,dirty,128,2026-07-11,8.0,5.96,Jaipur,true
Cooler (Plastic/Fibre),Plastic,appliance body,Sodala,kg,7.5,damaged,85,2026-05-29,8.0,4.94,Jaipur,true
Cooler (Plastic/Fibre),Plastic,appliance body,Sodala,kg,118.6,mixed,98,2026-06-11,8.0,7.04,Jaipur,true
Cooler (Plastic/Fibre),Plastic,appliance body,Ramnagariya,kg,36.3,mixed,130,2026-07-13,8.0,6.73,Jaipur,true
Cooler (Plastic/Fibre),Plastic,appliance body,Hasanpura,kg,117.4,clean,27,2026-04-01,8.0,8.62,Jaipur,true
Cooler (Plastic/Fibre),Plastic,appliance body,Mahesh Nagar,kg,5.3,dirty,17,2026-03-22,8.0,6.91,Jaipur,true
Cooler (Plastic/Fibre),Plastic,appliance body,Civil Lines,kg,76.2,clean,136,2026-07-19,8.0,8.05,Jaipur,true
Cooler (Plastic/Fibre),Plastic,appliance body,Gopalpura,kg,105.1,dirty,81,2026-05-25,8.0,5.7,Jaipur,true
Cooler (Plastic/Fibre),Plastic,appliance body,Civil Lines,kg,22.9,clean,123,2026-07-06,8.0,7.52,Jaipur,true
Cooler (Plastic/Fibre),Plastic,appliance body,C-Scheme,kg,31.0,mixed,147,2026-07-30,8.0,7.62,Jaipur,true
Cooler (Plastic/Fibre),Plastic,appliance body,Raja Park,kg,58.0,dirty,53,2026-04-27,8.0,6.15,Jaipur,true
Cooler (Plastic/Fibre),Plastic,appliance body,Chandpole,kg,84.9,mixed,179,2026-08-31,8.0,8.5,Jaipur,true
Cooler (Plastic/Fibre),Plastic,appliance body,Civil Lines,kg,53.0,damaged,122,2026-07-05,8.0,5.79,Jaipur,true
Cooler (Plastic/Fibre),Plastic,appliance body,Malviya Nagar,kg,92.6,clean,25,2026-03-30,8.0,7.66,Jaipur,true
Cooler (Plastic/Fibre),Plastic,appliance body,Chandpole,kg,49.9,mixed,170,2026-08-22,8.0,8.55,Jaipur,true
Cooler (Plastic/Fibre),Plastic,appliance body,Chandpole,kg,81.9,mixed,110,2026-06-23,8.0,7.52,Jaipur,true
Cooler (Plastic/Fibre),Plastic,appliance body,Malviya Nagar,kg,42.1,dirty,79,2026-05-23,8.0,5.18,Jaipur,true
Cooler (Plastic/Fibre),Plastic,appliance body,Gopalpura,kg,58.3,dirty,126,2026-07-09,8.0,6.02,Jaipur,true
Cooler (Plastic/Fibre),Plastic,appliance body,Civil Lines,kg,76.2,mixed,131,2026-07-14,8.0,7.74,Jaipur,true
Cooler (Plastic/Fibre),Plastic,appliance body,Tonk Road,kg,42.6,mixed,1,2026-03-06,8.0,7.45,Jaipur,true
Cooler (Plastic/Fibre),Plastic,appliance body,C-Scheme,kg,95.7,damaged,81,2026-05-25,8.0,5.23,Jaipur,true
Cooler (Plastic/Fibre),Plastic,appliance body,C-Scheme,kg,68.2,clean,170,2026-08-22,8.0,9.04,Jaipur,true
Cooler (Plastic/Fibre),Plastic,appliance body,Mansarovar,kg,74.8,dirty,163,2026-08-15,8.0,7.82,Jaipur,true
Cooler (Plastic/Fibre),Plastic,appliance body,Mahesh Nagar,kg,94.9,clean,99,2026-06-12,8.0,7.96,Jaipur,true
Cooler (Plastic/Fibre),Plastic,appliance body,Hasanpura,kg,43.4,mixed,17,2026-03-22,8.0,8.11,Jaipur,true
Cooler (Plastic/Fibre),Plastic,appliance body,Nirman Nagar,kg,101.7,dirty,92,2026-06-05,8.0,5.85,Jaipur,true
Cooler (Plastic/Fibre),Plastic,appliance body,Mahesh Nagar,kg,89.6,mixed,27,2026-04-01,8.0,8.24,Jaipur,true
Cooler (Plastic/Fibre),Plastic,appliance body,Durgapura,kg,103.8,dirty,159,2026-08-11,8.0,7.28,Jaipur,true
Cooler (Plastic/Fibre),Plastic,appliance body,Adarsh Nagar,kg,36.9,mixed,73,2026-05-17,8.0,6.17,Jaipur,true
Cooler (Plastic/Fibre),Plastic,appliance body,Tonk Road,kg,11.2,mixed,87,2026-05-31,8.0,6.16,Jaipur,true
Cooler (Plastic/Fibre),Plastic,appliance body,Raja Park,kg,48.0,dirty,91,2026-06-04,8.0,5.54,Jaipur,true
Cooler (Plastic/Fibre),Plastic,appliance body,Adarsh Nagar,kg,99.4,dirty,18,2026-03-23,8.0,6.18,Jaipur,true
Cooler (Plastic/Fibre),Plastic,appliance body,Model Town,kg,74.4,mixed,49,2026-04-23,8.0,7.47,Jaipur,true
Cooler (Plastic/Fibre),Plastic,appliance body,Sodala,kg,18.3,dirty,62,2026-05-06,8.0,5.82,Jaipur,true
Cooler (Plastic/Fibre),Plastic,appliance body,Durgapura,kg,114.2,mixed,88,2026-06-01,8.0,6.78,Jaipur,true
Cooler (Plastic/Fibre),Plastic,appliance body,Airport Area,kg,103.3,mixed,162,2026-08-14,8.0,8.74,Jaipur,true
Cooler (Plastic/Fibre),Plastic,appliance body,Mansarovar,kg,60.0,dirty,117,2026-06-30,8.0,6.98,Jaipur,true
Cooler (Plastic/Fibre),Plastic,appliance body,Adarsh Nagar,kg,79.5,dirty,52,2026-04-26,8.0,5.74,Jaipur,true
Cooler (Plastic/Fibre),Plastic,appliance body,Sodala,kg,79.5,dirty,104,2026-06-17,8.0,6.15,Jaipur,true
Cooler (Plastic/Fibre),Plastic,appliance body,Mahesh Nagar,kg,35.0,mixed,6,2026-03-11,8.0,8.35,Jaipur,true
Cooler (Plastic/Fibre),Plastic,appliance body,Tonk Road,kg,36.6,mixed,168,2026-08-20,8.0,7.68,Jaipur,true
Cooler (Plastic/Fibre),Plastic,appliance body,Mahesh Nagar,kg,24.6,dirty,61,2026-05-05,8.0,6.24,Jaipur,true
Cooler (Plastic/Fibre),Plastic,appliance body,Nirman Nagar,kg,10.5,damaged,49,2026-04-23,8.0,5.43,Jaipur,true
Cooler (Plastic/Fibre),Plastic,appliance body,C-Scheme,kg,29.3,mixed,52,2026-04-26,8.0,6.95,Jaipur,true
Cooler (Plastic/Fibre),Plastic,appliance body,Gopalpura,kg,33.3,damaged,124,2026-07-07,8.0,5.12,Jaipur,true
Cooler (Plastic/Fibre),Plastic,appliance body,Chandpole,kg,66.1,clean,94,2026-06-07,8.0,7.31,Jaipur,true
Cooler (Plastic/Fibre),Plastic,appliance body,Malviya Nagar,kg,18.8,dirty,53,2026-04-27,8.0,5.52,Jaipur,true
Cooler (Plastic/Fibre),Plastic,appliance body,Sodala,kg,116.0,damaged,67,2026-05-11,8.0,5.08,Jaipur,true
Cooler (Plastic/Fibre),Plastic,appliance body,C-Scheme,kg,10.5,clean,48,2026-04-22,8.0,7.5,Jaipur,true
Cooler (Plastic/Fibre),Plastic,appliance body,C-Scheme,kg,105.3,mixed,64,2026-05-08,8.0,7.09,Jaipur,true
Cooler (Plastic/Fibre),Plastic,appliance body,Mansarovar,kg,14.7,clean,119,2026-07-02,8.0,8.18,Jaipur,true
Cooler (Plastic/Fibre),Plastic,appliance body,Gopalpura,kg,38.1,dirty,15,2026-03-20,8.0,6.14,Jaipur,true
Cooler (Plastic/Fibre),Plastic,appliance body,Model Town,kg,72.3,mixed,125,2026-07-08,8.0,7.45,Jaipur,true
Cooler (Plastic/Fibre),Plastic,appliance body,Gopalpura,kg,47.1,mixed,56,2026-04-30,8.0,6.69,Jaipur,true
Cooler (Plastic/Fibre),Plastic,appliance body,Airport Area,kg,21.6,mixed,97,2026-06-10,8.0,6.78,Jaipur,true
Cooler (Plastic/Fibre),Plastic,appliance body,Sodala,kg,111.1,mixed,10,2026-03-15,8.0,7.59,Jaipur,true
Cooler (Plastic/Fibre),Plastic,appliance body,Civil Lines,kg,88.4,mixed,76,2026-05-20,8.0,6.93,Jaipur,true
Cooler (Plastic/Fibre),Plastic,appliance body,Mansarovar,kg,53.1,mixed,19,2026-03-24,8.0,8.3,Jaipur,true
Cooler (Plastic/Fibre),Plastic,appliance body,Patrakar Colony,kg,65.7,clean,125,2026-07-08,8.0,7.26,Jaipur,true
Cooler (Plastic/Fibre),Plastic,appliance body,MI Road,kg,107.0,mixed,107,2026-06-20,8.0,6.92,Jaipur,true
Cooler (Plastic/Fibre),Plastic,appliance body,Vaishali Nagar,kg,13.3,dirty,46,2026-04-20,8.0,6.38,Jaipur,true
Cooler (Plastic/Fibre),Plastic,appliance body,C-Scheme,kg,116.3,mixed,81,2026-05-25,8.0,6.97,Jaipur,true
Fibre,Plastic,fibre,Shyam Nagar,kg,38.2,dirty,120,2026-07-03,5.0,3.73,Jaipur,true
Fibre,Plastic,fibre,Shyam Nagar,kg,3.0,mixed,29,2026-04-03,5.0,4.47,Jaipur,true
Fibre,Plastic,fibre,Adarsh Nagar,kg,52.9,mixed,124,2026-07-07,5.0,4.31,Jaipur,true
Fibre,Plastic,fibre,Chandpole,kg,13.9,clean,58,2026-05-02,5.0,4.67,Jaipur,true
Fibre,Plastic,fibre,Gopalpura,kg,31.4,dirty,29,2026-04-03,5.0,3.78,Jaipur,true
Fibre,Plastic,fibre,Raja Park,kg,23.8,clean,50,2026-04-24,5.0,4.8,Jaipur,true
Fibre,Plastic,fibre,Hasanpura,kg,40.7,damaged,42,2026-04-16,5.0,3.68,Jaipur,true
Fibre,Plastic,fibre,Gopalpura,kg,85.3,mixed,165,2026-08-17,5.0,5.13,Jaipur,true
Fibre,Plastic,fibre,Vaishali Nagar,kg,30.2,clean,137,2026-07-20,5.0,5.13,Jaipur,true
Fibre,Plastic,fibre,Raja Park,kg,103.6,clean,47,2026-04-21,5.0,4.89,Jaipur,true
Fibre,Plastic,fibre,Raja Park,kg,104.2,clean,32,2026-04-06,5.0,4.99,Jaipur,true
Fibre,Plastic,fibre,Model Town,kg,68.6,mixed,162,2026-08-14,5.0,5.43,Jaipur,true
Fibre,Plastic,fibre,Gopalpura,kg,20.5,clean,54,2026-04-28,5.0,4.5,Jaipur,true
Fibre,Plastic,fibre,Mansarovar,kg,18.0,damaged,98,2026-06-11,5.0,3.47,Jaipur,true
Fibre,Plastic,fibre,Durgapura,kg,29.7,mixed,112,2026-06-25,5.0,4.48,Jaipur,true
Fibre,Plastic,fibre,Barkat Nagar,kg,86.7,clean,80,2026-05-24,5.0,4.8,Jaipur,true
Fibre,Plastic,fibre,Ramnagariya,kg,118.0,mixed,174,2026-08-26,5.0,4.9,Jaipur,true
Fibre,Plastic,fibre,Nirman Nagar,kg,114.1,mixed,163,2026-08-15,5.0,5.45,Jaipur,true
Fibre,Plastic,fibre,Airport Area,kg,98.6,mixed,117,2026-06-30,5.0,4.86,Jaipur,true
Fibre,Plastic,fibre,Airport Area,kg,83.0,mixed,27,2026-04-01,5.0,4.91,Jaipur,true
Fibre,Plastic,fibre,Model Town,kg,36.2,dirty,98,2026-06-11,5.0,3.7,Jaipur,true
Fibre,Plastic,fibre,Chandpole,kg,91.8,mixed,142,2026-07-25,5.0,5.02,Jaipur,true
Fibre,Plastic,fibre,Airport Area,kg,2.3,mixed,157,2026-08-09,5.0,5.14,Jaipur,true
Fibre,Plastic,fibre,Adarsh Nagar,kg,10.3,mixed,67,2026-05-11,5.0,3.86,Jaipur,true
Fibre,Plastic,fibre,Civil Lines,kg,116.5,dirty,47,2026-04-21,5.0,4.04,Jaipur,true
Fibre,Plastic,fibre,Airport Area,kg,29.2,clean,81,2026-05-25,5.0,4.48,Jaipur,true
Fibre,Plastic,fibre,Chandpole,kg,34.6,damaged,80,2026-05-24,5.0,3.22,Jaipur,true
Fibre,Plastic,fibre,Mahesh Nagar,kg,59.6,dirty,3,2026-03-08,5.0,4.63,Jaipur,true
Fibre,Plastic,fibre,Mahesh Nagar,kg,117.9,dirty,47,2026-04-21,5.0,4.2,Jaipur,true
Fibre,Plastic,fibre,Tonk Road,kg,116.6,mixed,138,2026-07-21,5.0,4.61,Jaipur,true
Fibre,Plastic,fibre,Hasanpura,kg,69.9,dirty,128,2026-07-11,5.0,4.24,Jaipur,true
Fibre,Plastic,fibre,Adarsh Nagar,kg,3.2,clean,60,2026-05-04,5.0,4.19,Jaipur,true
Fibre,Plastic,fibre,Airport Area,kg,96.0,clean,72,2026-05-16,5.0,4.57,Jaipur,true
Fibre,Plastic,fibre,Tonk Road,kg,94.2,damaged,159,2026-08-11,5.0,3.8,Jaipur,true
Fibre,Plastic,fibre,C-Scheme,kg,108.2,mixed,64,2026-05-08,5.0,4.43,Jaipur,true
Fibre,Plastic,fibre,C-Scheme,kg,103.0,dirty,28,2026-04-02,5.0,4.04,Jaipur,true
Fibre,Plastic,fibre,Malviya Nagar,kg,82.0,dirty,6,2026-03-11,5.0,4.05,Jaipur,true
Fibre,Plastic,fibre,Barkat Nagar,kg,63.2,mixed,154,2026-08-06,5.0,5.58,Jaipur,true
Fibre,Plastic,fibre,Sodala,kg,24.7,dirty,133,2026-07-16,5.0,3.77,Jaipur,true
Fibre,Plastic,fibre,Raja Park,kg,30.0,mixed,97,2026-06-10,5.0,4.18,Jaipur,true
Fibre,Plastic,fibre,Nirman Nagar,kg,12.2,mixed,5,2026-03-10,5.0,5.03,Jaipur,true
Fibre,Plastic,fibre,Sodala,kg,100.0,clean,88,2026-06-01,5.0,4.36,Jaipur,true
Fibre,Plastic,fibre,Malviya Nagar,kg,6.2,mixed,128,2026-07-11,5.0,4.23,Jaipur,true
Fibre,Plastic,fibre,Hasanpura,kg,100.2,dirty,179,2026-08-31,5.0,4.65,Jaipur,true
Fibre,Plastic,fibre,Sodala,kg,3.9,clean,157,2026-08-09,5.0,5.22,Jaipur,true
Fibre,Plastic,fibre,Tonk Road,kg,18.1,clean,51,2026-04-25,5.0,4.36,Jaipur,true
Fibre,Plastic,fibre,Nirman Nagar,kg,37.7,mixed,11,2026-03-16,5.0,4.69,Jaipur,true
Fibre,Plastic,fibre,Patrakar Colony,kg,11.9,mixed,101,2026-06-14,5.0,4.09,Jaipur,true
Fibre,Plastic,fibre,Gopalpura,kg,71.3,dirty,4,2026-03-09,5.0,4.18,Jaipur,true
Fibre,Plastic,fibre,Ramnagariya,kg,39.7,dirty,106,2026-06-19,5.0,3.55,Jaipur,true
Fibre,Plastic,fibre,Chandpole,kg,98.7,mixed,111,2026-06-24,5.0,4.71,Jaipur,true
Fibre,Plastic,fibre,Sodala,kg,23.0,dirty,132,2026-07-15,5.0,3.86,Jaipur,true
Fibre,Plastic,fibre,Mansarovar,kg,89.5,mixed,54,2026-04-28,5.0,4.99,Jaipur,true
Fibre,Plastic,fibre,Patrakar Colony,kg,14.2,dirty,161,2026-08-13,5.0,4.16,Jaipur,true
Fibre,Plastic,fibre,Vaishali Nagar,kg,34.4,mixed,69,2026-05-13,5.0,4.4,Jaipur,true
Fibre,Plastic,fibre,Hasanpura,kg,3.2,dirty,75,2026-05-19,5.0,3.67,Jaipur,true
Fibre,Plastic,fibre,Adarsh Nagar,kg,78.9,clean,95,2026-06-08,5.0,4.18,Jaipur,true
Fibre,Plastic,fibre,MI Road,kg,7.2,mixed,67,2026-05-11,5.0,3.93,Jaipur,true
Fibre,Plastic,fibre,Tonk Road,kg,96.8,mixed,88,2026-06-01,5.0,4.01,Jaipur,true
Fibre,Plastic,fibre,Adarsh Nagar,kg,41.9,clean,20,2026-03-25,5.0,4.48,Jaipur,true
Fibre,Plastic,fibre,Adarsh Nagar,kg,66.0,clean,167,2026-08-19,5.0,5.15,Jaipur,true
Fibre,Plastic,fibre,C-Scheme,kg,37.3,clean,54,2026-04-28,5.0,4.68,Jaipur,true
Fibre,Plastic,fibre,Airport Area,kg,11.6,mixed,80,2026-05-24,5.0,4.23,Jaipur,true
Fibre,Plastic,fibre,Durgapura,kg,72.8,mixed,8,2026-03-13,5.0,4.94,Jaipur,true
Fibre,Plastic,fibre,Vaishali Nagar,kg,115.6,clean,9,2026-03-14,5.0,5.42,Jaipur,true
Fibre,Plastic,fibre,Airport Area,kg,84.2,mixed,160,2026-08-12,5.0,5.54,Jaipur,true
Fibre,Plastic,fibre,Hasanpura,kg,98.8,clean,154,2026-08-06,5.0,5.9,Jaipur,true
Fibre,Plastic,fibre,Sodala,kg,30.8,mixed,12,2026-03-17,5.0,4.53,Jaipur,true
Fibre,Plastic,fibre,Chandpole,kg,9.0,mixed,151,2026-08-03,5.0,4.94,Jaipur,true
Fibre,Plastic,fibre,MI Road,kg,92.9,mixed,117,2026-06-30,5.0,4.54,Jaipur,true
Fibre,Plastic,fibre,Ramnagariya,kg,74.8,damaged,122,2026-07-05,5.0,3.29,Jaipur,true
Fibre,Plastic,fibre,Patrakar Colony,kg,88.9,mixed,65,2026-05-09,5.0,4.16,Jaipur,true
Fibre,Plastic,fibre,Patrakar Colony,kg,89.1,clean,47,2026-04-21,5.0,4.57,Jaipur,true
Fibre,Plastic,fibre,Model Town,kg,38.0,mixed,138,2026-07-21,5.0,4.72,Jaipur,true
Fibre,Plastic,fibre,Mansarovar,kg,33.4,mixed,154,2026-08-06,5.0,5.46,Jaipur,true
Fibre,Plastic,fibre,Barkat Nagar,kg,33.8,clean,115,2026-06-28,5.0,5.1,Jaipur,true
Fibre,Plastic,fibre,Hasanpura,kg,8.4,mixed,24,2026-03-29,5.0,4.97,Jaipur,true
Fibre,Plastic,fibre,Barkat Nagar,kg,21.1,mixed,163,2026-08-15,5.0,5.44,Jaipur,true
Fibre,Plastic,fibre,Malviya Nagar,kg,21.1,mixed,54,2026-04-28,5.0,4.18,Jaipur,true
Fibre,Plastic,fibre,Civil Lines,kg,4.0,clean,102,2026-06-15,5.0,4.77,Jaipur,true
Fibre,Plastic,fibre,Model Town,kg,89.2,clean,36,2026-04-10,5.0,5.01,Jaipur,true
Fibre,Plastic,fibre,Ramnagariya,kg,52.4,damaged,20,2026-03-25,5.0,3.33,Jaipur,true
Fibre,Plastic,fibre,Malviya Nagar,kg,29.9,clean,11,2026-03-16,5.0,4.54,Jaipur,true
Fibre,Plastic,fibre,Civil Lines,kg,75.0,clean,9,2026-03-14,5.0,5.22,Jaipur,true
Fibre,Plastic,fibre,Raja Park,kg,81.5,mixed,1,2026-03-06,5.0,5.12,Jaipur,true
Fibre,Plastic,fibre,Mahesh Nagar,kg,78.0,mixed,26,2026-03-31,5.0,5.1,Jaipur,true
Fibre,Plastic,fibre,Gopalpura,kg,2.2,mixed,70,2026-05-14,5.0,3.98,Jaipur,true
Fibre,Plastic,fibre,Shyam Nagar,kg,61.9,damaged,15,2026-03-20,5.0,3.54,Jaipur,true
Fibre,Plastic,fibre,Durgapura,kg,47.7,mixed,102,2026-06-15,5.0,4.44,Jaipur,true
Fibre,Plastic,fibre,Patrakar Colony,kg,28.1,mixed,2,2026-03-07,5.0,4.64,Jaipur,true
E-waste,E-waste,mixed,MI Road,kg,55.2,clean,28,2026-04-02,10.0,9.49,Jaipur,true
E-waste,E-waste,mixed,Model Town,kg,9.1,mixed,8,2026-03-13,10.0,9.57,Jaipur,true
E-waste,E-waste,mixed,Barkat Nagar,kg,25.9,mixed,49,2026-04-23,10.0,9.38,Jaipur,true
E-waste,E-waste,mixed,Gopalpura,kg,18.3,mixed,69,2026-05-13,10.0,7.95,Jaipur,true
E-waste,E-waste,mixed,Malviya Nagar,kg,41.6,dirty,83,2026-05-27,10.0,6.64,Jaipur,true
E-waste,E-waste,mixed,Tonk Road,kg,78.8,mixed,15,2026-03-20,10.0,9.28,Jaipur,true
E-waste,E-waste,mixed,MI Road,kg,51.4,clean,105,2026-06-18,10.0,9.19,Jaipur,true
E-waste,E-waste,mixed,Ramnagariya,kg,118.7,damaged,83,2026-05-27,10.0,6.07,Jaipur,true
E-waste,E-waste,mixed,Patrakar Colony,kg,20.4,mixed,0,2026-03-05,10.0,9.29,Jaipur,true
E-waste,E-waste,mixed,Ramnagariya,kg,118.7,mixed,63,2026-05-07,10.0,8.31,Jaipur,true
E-waste,E-waste,mixed,Patrakar Colony,kg,108.0,mixed,7,2026-03-12,10.0,9.41,Jaipur,true
E-waste,E-waste,mixed,Tonk Road,kg,24.5,clean,123,2026-07-06,10.0,8.69,Jaipur,true
E-waste,E-waste,mixed,Model Town,kg,11.4,damaged,91,2026-06-04,10.0,6.16,Jaipur,true
E-waste,E-waste,mixed,Model Town,kg,99.5,mixed,64,2026-05-08,10.0,8.97,Jaipur,true
E-waste,E-waste,mixed,Tonk Road,kg,84.4,mixed,164,2026-08-16,10.0,10.24,Jaipur,true
E-waste,E-waste,mixed,Mansarovar,kg,9.0,mixed,105,2026-06-18,10.0,9.52,Jaipur,true
E-waste,E-waste,mixed,Chandpole,kg,85.0,damaged,106,2026-06-19,10.0,7.21,Jaipur,true
E-waste,E-waste,mixed,Sodala,kg,47.6,mixed,159,2026-08-11,10.0,10.09,Jaipur,true
E-waste,E-waste,mixed,Civil Lines,kg,50.3,dirty,5,2026-03-10,10.0,8.95,Jaipur,true
E-waste,E-waste,mixed,Patrakar Colony,kg,70.0,mixed,179,2026-08-31,10.0,9.66,Jaipur,true
E-waste,E-waste,mixed,Shyam Nagar,kg,112.5,dirty,136,2026-07-19,10.0,7.67,Jaipur,true
E-waste,E-waste,mixed,Civil Lines,kg,56.5,mixed,76,2026-05-20,10.0,8.66,Jaipur,true
E-waste,E-waste,mixed,C-Scheme,kg,116.7,mixed,171,2026-08-23,10.0,10.7,Jaipur,true
E-waste,E-waste,mixed,Malviya Nagar,kg,59.9,clean,94,2026-06-07,10.0,8.31,Jaipur,true
E-waste,E-waste,mixed,Ramnagariya,kg,33.9,mixed,57,2026-05-01,10.0,8.08,Jaipur,true
E-waste,E-waste,mixed,C-Scheme,kg,11.5,clean,60,2026-05-04,10.0,8.96,Jaipur,true
E-waste,E-waste,mixed,Chandpole,kg,94.9,damaged,6,2026-03-11,10.0,7.87,Jaipur,true
E-waste,E-waste,mixed,Shyam Nagar,kg,52.2,mixed,123,2026-07-06,10.0,8.77,Jaipur,true
E-waste,E-waste,mixed,Raja Park,kg,36.3,mixed,160,2026-08-12,10.0,10.52,Jaipur,true
E-waste,E-waste,mixed,Patrakar Colony,kg,72.3,mixed,1,2026-03-06,10.0,9.58,Jaipur,true
E-waste,E-waste,mixed,Sodala,kg,53.0,damaged,42,2026-04-16,10.0,7.08,Jaipur,true
E-waste,E-waste,mixed,Malviya Nagar,kg,67.8,dirty,170,2026-08-22,10.0,8.58,Jaipur,true
E-waste,E-waste,mixed,C-Scheme,kg,112.6,mixed,30,2026-04-04,10.0,9.44,Jaipur,true
E-waste,E-waste,mixed,Mahesh Nagar,kg,71.0,dirty,70,2026-05-14,10.0,7.81,Jaipur,true
E-waste,E-waste,mixed,Civil Lines,kg,41.8,clean,65,2026-05-09,10.0,9.18,Jaipur,true
E-waste,E-waste,mixed,Barkat Nagar,kg,32.0,dirty,49,2026-04-23,10.0,7.97,Jaipur,true
E-waste,E-waste,mixed,Durgapura,kg,57.6,mixed,17,2026-03-22,10.0,9.95,Jaipur,true
E-waste,E-waste,mixed,Adarsh Nagar,kg,97.0,mixed,79,2026-05-23,10.0,7.88,Jaipur,true
E-waste,E-waste,mixed,Durgapura,kg,66.2,mixed,10,2026-03-15,10.0,9.68,Jaipur,true
E-waste,E-waste,mixed,Airport Area,kg,46.7,mixed,165,2026-08-17,10.0,10.44,Jaipur,true
E-waste,E-waste,mixed,Raja Park,kg,61.4,mixed,132,2026-07-15,10.0,9.64,Jaipur,true
E-waste,E-waste,mixed,Malviya Nagar,kg,106.9,clean,62,2026-05-06,10.0,8.91,Jaipur,true
E-waste,E-waste,mixed,Raja Park,kg,67.4,mixed,52,2026-04-26,10.0,9.08,Jaipur,true
E-waste,E-waste,mixed,Malviya Nagar,kg,80.8,damaged,169,2026-08-21,10.0,7.64,Jaipur,true
E-waste,E-waste,mixed,Vaishali Nagar,kg,96.9,damaged,96,2026-06-09,10.0,7.02,Jaipur,true
E-waste,E-waste,mixed,Chandpole,kg,52.0,clean,95,2026-06-08,10.0,9.25,Jaipur,true
E-waste,E-waste,mixed,Nirman Nagar,kg,76.6,mixed,135,2026-07-18,10.0,9.44,Jaipur,true
E-waste,E-waste,mixed,Civil Lines,kg,90.6,mixed,76,2026-05-20,10.0,8.66,Jaipur,true
E-waste,E-waste,mixed,Durgapura,kg,28.5,mixed,24,2026-03-29,10.0,9.39,Jaipur,true
E-waste,E-waste,mixed,Nirman Nagar,kg,78.8,dirty,13,2026-03-18,10.0,8.33,Jaipur,true
E-waste,E-waste,mixed,Nirman Nagar,kg,43.2,clean,72,2026-05-16,10.0,8.81,Jaipur,true
E-waste,E-waste,mixed,Tonk Road,kg,86.9,mixed,122,2026-07-05,10.0,8.93,Jaipur,true
E-waste,E-waste,mixed,Tonk Road,kg,97.0,dirty,84,2026-05-28,10.0,7.04,Jaipur,true
E-waste,E-waste,mixed,Barkat Nagar,kg,114.8,damaged,9,2026-03-14,10.0,7.69,Jaipur,true
E-waste,E-waste,mixed,Model Town,kg,61.1,dirty,138,2026-07-21,10.0,8.35,Jaipur,true
E-waste,E-waste,mixed,MI Road,kg,103.8,clean,83,2026-05-27,10.0,8.65,Jaipur,true
E-waste,E-waste,mixed,Patrakar Colony,kg,56.3,damaged,95,2026-06-08,10.0,6.01,Jaipur,true
E-waste,E-waste,mixed,Shyam Nagar,kg,80.9,dirty,97,2026-06-10,10.0,7.12,Jaipur,true
E-waste,E-waste,mixed,Civil Lines,kg,1.8,mixed,137,2026-07-20,10.0,9.42,Jaipur,true
E-waste,E-waste,mixed,Hasanpura,kg,104.2,dirty,60,2026-05-04,10.0,8.03,Jaipur,true
E-waste,E-waste,mixed,Vaishali Nagar,kg,68.0,mixed,101,2026-06-14,10.0,9.66,Jaipur,true
E-waste,E-waste,mixed,Gopalpura,kg,56.6,dirty,149,2026-08-01,10.0,8.0,Jaipur,true
E-waste,E-waste,mixed,Vaishali Nagar,kg,49.9,mixed,128,2026-07-11,10.0,9.61,Jaipur,true
E-waste,E-waste,mixed,Model Town,kg,82.0,mixed,172,2026-08-24,10.0,10.67,Jaipur,true
E-waste,E-waste,mixed,Durgapura,kg,94.6,mixed,170,2026-08-22,10.0,10.81,Jaipur,true
E-waste,E-waste,mixed,MI Road,kg,101.7,mixed,121,2026-07-04,10.0,8.89,Jaipur,true
E-waste,E-waste,mixed,Mansarovar,kg,111.6,clean,13,2026-03-18,10.0,10.86,Jaipur,true
E-waste,E-waste,mixed,Patrakar Colony,kg,35.9,damaged,16,2026-03-21,10.0,6.49,Jaipur,true
E-waste,E-waste,mixed,Civil Lines,kg,43.9,clean,161,2026-08-13,10.0,11.22,Jaipur,true
E-waste,E-waste,mixed,Adarsh Nagar,kg,2.4,clean,108,2026-06-21,10.0,8.73,Jaipur,true
E-waste,E-waste,mixed,Tonk Road,kg,47.8,mixed,129,2026-07-12,10.0,8.68,Jaipur,true
E-waste,E-waste,mixed,Airport Area,kg,108.7,damaged,126,2026-07-09,10.0,7.03,Jaipur,true
E-waste,E-waste,mixed,Shyam Nagar,kg,11.2,dirty,119,2026-07-02,10.0,7.45,Jaipur,true
E-waste,E-waste,mixed,Hasanpura,kg,21.2,mixed,139,2026-07-22,10.0,9.86,Jaipur,true
E-waste,E-waste,mixed,Model Town,kg,34.2,mixed,56,2026-04-30,10.0,8.8,Jaipur,true
E-waste,E-waste,mixed,Barkat Nagar,kg,20.7,mixed,166,2026-08-18,10.0,10.77,Jaipur,true
E-waste,E-waste,mixed,Raja Park,kg,15.0,mixed,169,2026-08-21,10.0,10.5,Jaipur,true
E-waste,E-waste,mixed,Vaishali Nagar,kg,64.2,mixed,118,2026-07-01,10.0,9.89,Jaipur,true
E-waste,E-waste,mixed,Hasanpura,kg,64.7,clean,94,2026-06-07,10.0,9.43,Jaipur,true
E-waste,E-waste,mixed,Vaishali Nagar,kg,48.1,damaged,145,2026-07-28,10.0,7.4,Jaipur,true
E-waste,E-waste,mixed,C-Scheme,kg,84.7,dirty,59,2026-05-03,10.0,7.5,Jaipur,true
E-waste,E-waste,mixed,Civil Lines,kg,69.9,clean,62,2026-05-06,10.0,9.75,Jaipur,true
E-waste,E-waste,mixed,Adarsh Nagar,kg,51.2,mixed,62,2026-05-06,10.0,8.45,Jaipur,true
E-waste,E-waste,mixed,Mahesh Nagar,kg,43.3,mixed,119,2026-07-02,10.0,9.67,Jaipur,true
E-waste,E-waste,mixed,Civil Lines,kg,95.8,mixed,10,2026-03-15,10.0,9.89,Jaipur,true
E-waste,E-waste,mixed,Airport Area,kg,19.0,clean,66,2026-05-10,10.0,8.93,Jaipur,true
E-waste,E-waste,mixed,Mansarovar,kg,68.2,mixed,24,2026-03-29,10.0,10.45,Jaipur,true
E-waste,E-waste,mixed,Shyam Nagar,kg,66.8,mixed,61,2026-05-05,10.0,8.66,Jaipur,true
E-waste,E-waste,mixed,Model Town,kg,11.8,clean,161,2026-08-13,10.0,11.06,Jaipur,true
E-waste,E-waste,mixed,Patrakar Colony,kg,8.3,mixed,24,2026-03-29,10.0,8.78,Jaipur,true
CPU,E-waste,computer,Tonk Road,kg,117.8,clean,104,2026-06-17,250.0,229.17,Jaipur,true
CPU,E-waste,computer,Durgapura,kg,109.6,mixed,25,2026-03-30,250.0,244.22,Jaipur,true
CPU,E-waste,computer,Barkat Nagar,kg,81.9,dirty,26,2026-03-31,250.0,215.01,Jaipur,true
CPU,E-waste,computer,Mansarovar,kg,63.4,dirty,158,2026-08-10,250.0,241.93,Jaipur,true
CPU,E-waste,computer,Patrakar Colony,kg,11.7,mixed,116,2026-06-29,250.0,216.88,Jaipur,true
CPU,E-waste,computer,Model Town,kg,2.4,clean,100,2026-06-13,250.0,229.82,Jaipur,true
CPU,E-waste,computer,Malviya Nagar,kg,36.9,clean,135,2026-07-18,250.0,219.26,Jaipur,true
CPU,E-waste,computer,Ramnagariya,kg,82.8,mixed,140,2026-07-23,250.0,227.21,Jaipur,true
CPU,E-waste,computer,Mahesh Nagar,kg,118.2,dirty,118,2026-07-01,250.0,210.48,Jaipur,true
CPU,E-waste,computer,Malviya Nagar,kg,6.2,damaged,129,2026-07-12,250.0,160.75,Jaipur,true
CPU,E-waste,computer,Adarsh Nagar,kg,29.5,clean,59,2026-05-03,250.0,208.19,Jaipur,true
CPU,E-waste,computer,Civil Lines,kg,73.0,mixed,89,2026-06-02,250.0,216.53,Jaipur,true
CPU,E-waste,computer,Hasanpura,kg,9.6,damaged,173,2026-08-25,250.0,202.08,Jaipur,true
CPU,E-waste,computer,MI Road,kg,73.3,mixed,12,2026-03-17,250.0,227.55,Jaipur,true
CPU,E-waste,computer,Model Town,kg,87.7,clean,32,2026-04-06,250.0,251.08,Jaipur,true
CPU,E-waste,computer,Malviya Nagar,kg,97.1,mixed,33,2026-04-07,250.0,221.48,Jaipur,true
CPU,E-waste,computer,Patrakar Colony,kg,26.8,clean,4,2026-03-09,250.0,242.56,Jaipur,true
CPU,E-waste,computer,Chandpole,kg,53.6,mixed,163,2026-08-15,250.0,275.91,Jaipur,true
CPU,E-waste,computer,Vaishali Nagar,kg,75.5,dirty,167,2026-08-19,250.0,238.03,Jaipur,true
CPU,E-waste,computer,Patrakar Colony,kg,95.2,mixed,29,2026-04-03,250.0,225.72,Jaipur,true
CPU,E-waste,computer,Durgapura,kg,47.6,clean,90,2026-06-03,250.0,215.27,Jaipur,true
CPU,E-waste,computer,Gopalpura,kg,20.2,damaged,28,2026-04-02,250.0,164.75,Jaipur,true
CPU,E-waste,computer,Chandpole,kg,15.7,clean,162,2026-08-14,250.0,279.82,Jaipur,true
CPU,E-waste,computer,Mansarovar,kg,118.6,mixed,119,2026-07-02,250.0,253.33,Jaipur,true
CPU,E-waste,computer,Nirman Nagar,kg,101.7,clean,5,2026-03-10,250.0,274.65,Jaipur,true
CPU,E-waste,computer,Vaishali Nagar,kg,96.4,mixed,158,2026-08-10,250.0,281.94,Jaipur,true
CPU,E-waste,computer,Hasanpura,kg,47.7,mixed,49,2026-04-23,250.0,235.93,Jaipur,true
CPU,E-waste,computer,Sodala,kg,34.9,dirty,113,2026-06-26,250.0,189.89,Jaipur,true
CPU,E-waste,computer,MI Road,kg,117.5,mixed,126,2026-07-09,250.0,218.85,Jaipur,true
CPU,E-waste,computer,Airport Area,kg,3.6,dirty,169,2026-08-21,250.0,225.88,Jaipur,true
CPU,E-waste,computer,Mansarovar,kg,48.5,mixed,22,2026-03-27,250.0,242.22,Jaipur,true
CPU,E-waste,computer,Vaishali Nagar,kg,60.3,damaged,61,2026-05-05,250.0,178.69,Jaipur,true
CPU,E-waste,computer,Airport Area,kg,102.1,clean,50,2026-04-24,250.0,253.04,Jaipur,true
CPU,E-waste,computer,Ramnagariya,kg,76.7,mixed,121,2026-07-04,250.0,218.25,Jaipur,true
CPU,E-waste,computer,MI Road,kg,39.6,clean,111,2026-06-24,250.0,218.89,Jaipur,true
CPU,E-waste,computer,MI Road,kg,34.1,mixed,169,2026-08-21,250.0,248.36,Jaipur,true
CPU,E-waste,computer,MI Road,kg,89.8,mixed,149,2026-08-01,250.0,232.67,Jaipur,true
CPU,E-waste,computer,Patrakar Colony,kg,28.1,dirty,132,2026-07-15,250.0,184.22,Jaipur,true
CPU,E-waste,computer,Tonk Road,kg,4.1,mixed,69,2026-05-13,250.0,196.3,Jaipur,true
CPU,E-waste,computer,Hasanpura,kg,47.7,dirty,158,2026-08-10,250.0,230.12,Jaipur,true
CPU,E-waste,computer,Malviya Nagar,kg,103.8,mixed,27,2026-04-01,250.0,226.31,Jaipur,true
CPU,E-waste,computer,Barkat Nagar,kg,86.6,dirty,123,2026-07-06,250.0,203.76,Jaipur,true
CPU,E-waste,computer,Barkat Nagar,kg,61.8,clean,72,2026-05-16,250.0,237.56,Jaipur,true
CPU,E-waste,computer,Shyam Nagar,kg,97.7,mixed,9,2026-03-14,250.0,234.48,Jaipur,true
CPU,E-waste,computer,Malviya Nagar,kg,31.3,mixed,36,2026-04-10,250.0,212.64,Jaipur,true
CPU,E-waste,computer,Chandpole,kg,54.2,mixed,89,2026-06-02,250.0,217.7,Jaipur,true
CPU,E-waste,computer,Ramnagariya,kg,89.3,mixed,118,2026-07-01,250.0,216.7,Jaipur,true
CPU,E-waste,computer,Barkat Nagar,kg,40.4,mixed,150,2026-08-02,250.0,249.91,Jaipur,true
CPU,E-waste,computer,Hasanpura,kg,10.9,dirty,78,2026-05-22,250.0,183.42,Jaipur,true
CPU,E-waste,computer,Gopalpura,kg,82.6,damaged,3,2026-03-08,250.0,184.04,Jaipur,true
CPU,E-waste,computer,Gopalpura,kg,31.0,dirty,17,2026-03-22,250.0,194.52,Jaipur,true
CPU,E-waste,computer,Tonk Road,kg,48.7,mixed,134,2026-07-17,250.0,218.29,Jaipur,true
CPU,E-waste,computer,Gopalpura,kg,53.7,dirty,73,2026-05-17,250.0,175.44,Jaipur,true
CPU,E-waste,computer,Civil Lines,kg,118.5,mixed,6,2026-03-11,250.0,260.97,Jaipur,true
CPU,E-waste,computer,Barkat Nagar,kg,69.8,clean,148,2026-07-31,250.0,267.85,Jaipur,true
CPU,E-waste,computer,Durgapura,kg,99.2,mixed,146,2026-07-29,250.0,242.94,Jaipur,true
CPU,E-waste,computer,Sodala,kg,59.8,dirty,140,2026-07-23,250.0,203.63,Jaipur,true
CPU,E-waste,computer,Adarsh Nagar,kg,100.3,clean,159,2026-08-11,250.0,261.25,Jaipur,true
CPU,E-waste,computer,Tonk Road,kg,15.9,mixed,43,2026-04-17,250.0,214.33,Jaipur,true
CPU,E-waste,computer,Model Town,kg,93.1,clean,138,2026-07-21,250.0,257.73,Jaipur,true
CPU,E-waste,computer,Civil Lines,kg,56.1,dirty,154,2026-08-06,250.0,230.23,Jaipur,true
CPU,E-waste,computer,Mahesh Nagar,kg,32.5,clean,167,2026-08-19,250.0,283.18,Jaipur,true
CPU,E-waste,computer,Tonk Road,kg,77.6,damaged,65,2026-05-09,250.0,157.68,Jaipur,true
CPU,E-waste,computer,Malviya Nagar,kg,36.7,mixed,60,2026-05-04,250.0,200.33,Jaipur,true
CPU,E-waste,computer,Chandpole,kg,27.1,mixed,92,2026-06-05,250.0,209.32,Jaipur,true
CPU,E-waste,computer,Sodala,kg,65.7,mixed,106,2026-06-19,250.0,229.3,Jaipur,true
CPU,E-waste,computer,Airport Area,kg,21.2,mixed,107,2026-06-20,250.0,222.41,Jaipur,true
CPU,E-waste,computer,Model Town,kg,115.4,mixed,141,2026-07-24,250.0,246.12,Jaipur,true
CPU,E-waste,computer,Chandpole,kg,71.8,clean,100,2026-06-13,250.0,243.78,Jaipur,true
CPU,E-waste,computer,Vaishali Nagar,kg,4.2,dirty,23,2026-03-28,250.0,209.16,Jaipur,true
CPU,E-waste,computer,Ramnagariya,kg,28.5,clean,176,2026-08-28,250.0,250.93,Jaipur,true
CPU,E-waste,computer,Mansarovar,kg,109.6,mixed,123,2026-07-06,250.0,243.78,Jaipur,true
CPU,E-waste,computer,Sodala,kg,38.4,mixed,137,2026-07-20,250.0,225.84,Jaipur,true
CPU,E-waste,computer,Model Town,kg,21.0,damaged,49,2026-04-23,250.0,168.29,Jaipur,true
CPU,E-waste,computer,Nirman Nagar,kg,90.0,mixed,169,2026-08-21,250.0,276.93,Jaipur,true
CPU,E-waste,computer,Adarsh Nagar,kg,59.3,clean,51,2026-04-25,250.0,223.13,Jaipur,true
CPU,E-waste,computer,Mahesh Nagar,kg,15.1,mixed,158,2026-08-10,250.0,271.53,Jaipur,true
CPU,E-waste,computer,Airport Area,kg,45.9,mixed,132,2026-07-15,250.0,234.8,Jaipur,true
CPU,E-waste,computer,Tonk Road,kg,90.0,dirty,159,2026-08-11,250.0,215.11,Jaipur,true
CPU,E-waste,computer,Malviya Nagar,kg,14.5,mixed,64,2026-05-08,250.0,199.99,Jaipur,true
CPU,E-waste,computer,Ramnagariya,kg,52.1,clean,125,2026-07-08,250.0,225.51,Jaipur,true
CPU,E-waste,computer,Sodala,kg,84.0,clean,97,2026-06-10,250.0,223.87,Jaipur,true
CPU,E-waste,computer,Airport Area,kg,3.0,clean,30,2026-04-04,250.0,242.69,Jaipur,true
CPU,E-waste,computer,Mahesh Nagar,kg,12.8,clean,132,2026-07-15,250.0,258.57,Jaipur,true
CPU,E-waste,computer,Raja Park,kg,104.7,clean,154,2026-08-06,250.0,278.33,Jaipur,true
CPU,E-waste,computer,Civil Lines,kg,96.7,dirty,161,2026-08-13,250.0,236.19,Jaipur,true
CPU,E-waste,computer,Shyam Nagar,kg,40.1,clean,27,2026-04-01,250.0,235.69,Jaipur,true
CPU,E-waste,computer,Durgapura,kg,115.2,mixed,33,2026-04-07,250.0,237.12,Jaipur,true
CPU,E-waste,computer,Sodala,kg,3.3,mixed,174,2026-08-26,250.0,248.33,Jaipur,true
CPU,E-waste,computer,Durgapura,kg,98.6,mixed,8,2026-03-13,250.0,247.05,Jaipur,true
Printer,E-waste,peripheral,Vaishali Nagar,kg,110.7,dirty,31,2026-04-05,10.0,8.63,Jaipur,true
Printer,E-waste,peripheral,C-Scheme,kg,5.0,damaged,68,2026-05-12,10.0,6.32,Jaipur,true
Printer,E-waste,peripheral,Vaishali Nagar,kg,118.8,mixed,80,2026-05-24,10.0,9.21,Jaipur,true
Printer,E-waste,peripheral,Vaishali Nagar,kg,77.3,dirty,105,2026-06-18,10.0,8.33,Jaipur,true
Printer,E-waste,peripheral,Barkat Nagar,kg,113.7,mixed,144,2026-07-27,10.0,10.15,Jaipur,true
Printer,E-waste,peripheral,Tonk Road,kg,4.6,clean,76,2026-05-20,10.0,8.09,Jaipur,true
Printer,E-waste,peripheral,Nirman Nagar,kg,46.2,mixed,159,2026-08-11,10.0,10.45,Jaipur,true
Printer,E-waste,peripheral,Sodala,kg,61.8,dirty,175,2026-08-27,10.0,8.8,Jaipur,true
Printer,E-waste,peripheral,Mahesh Nagar,kg,31.2,clean,40,2026-04-14,10.0,10.43,Jaipur,true
Printer,E-waste,peripheral,Civil Lines,kg,24.8,mixed,131,2026-07-14,10.0,9.31,Jaipur,true
Printer,E-waste,peripheral,C-Scheme,kg,98.8,mixed,138,2026-07-21,10.0,9.7,Jaipur,true
Printer,E-waste,peripheral,Civil Lines,kg,12.4,dirty,13,2026-03-18,10.0,8.07,Jaipur,true
Printer,E-waste,peripheral,Gopalpura,kg,67.8,clean,44,2026-04-18,10.0,9.18,Jaipur,true
Printer,E-waste,peripheral,MI Road,kg,91.2,clean,57,2026-05-01,10.0,8.99,Jaipur,true
Printer,E-waste,peripheral,Nirman Nagar,kg,50.8,mixed,128,2026-07-11,10.0,9.56,Jaipur,true
Printer,E-waste,peripheral,Ramnagariya,kg,22.4,mixed,3,2026-03-08,10.0,9.17,Jaipur,true
Printer,E-waste,peripheral,Model Town,kg,88.8,damaged,92,2026-06-05,10.0,6.4,Jaipur,true
Printer,E-waste,peripheral,Adarsh Nagar,kg,42.7,damaged,111,2026-06-24,10.0,6.14,Jaipur,true
Printer,E-waste,peripheral,Vaishali Nagar,kg,105.6,clean,150,2026-08-02,10.0,11.0,Jaipur,true
Printer,E-waste,peripheral,Vaishali Nagar,kg,98.3,mixed,89,2026-06-02,10.0,8.99,Jaipur,true
Printer,E-waste,peripheral,MI Road,kg,98.1,mixed,38,2026-04-12,10.0,9.33,Jaipur,true
Printer,E-waste,peripheral,Sodala,kg,74.3,clean,18,2026-03-23,10.0,10.06,Jaipur,true
Printer,E-waste,peripheral,Barkat Nagar,kg,33.4,mixed,22,2026-03-27,10.0,9.53,Jaipur,true
Printer,E-waste,peripheral,Shyam Nagar,kg,95.8,mixed,118,2026-07-01,10.0,8.98,Jaipur,true
Printer,E-waste,peripheral,Mansarovar,kg,6.2,mixed,136,2026-07-19,10.0,9.65,Jaipur,true
Printer,E-waste,peripheral,Chandpole,kg,98.6,damaged,50,2026-04-24,10.0,7.33,Jaipur,true
Printer,E-waste,peripheral,Sodala,kg,72.0,clean,117,2026-06-30,10.0,9.87,Jaipur,true
Printer,E-waste,peripheral,Vaishali Nagar,kg,109.2,mixed,128,2026-07-11,10.0,10.0,Jaipur,true
Printer,E-waste,peripheral,Shyam Nagar,kg,58.2,mixed,20,2026-03-25,10.0,9.2,Jaipur,true
Printer,E-waste,peripheral,Ramnagariya,kg,78.7,dirty,18,2026-03-23,10.0,7.73,Jaipur,true
Printer,E-waste,peripheral,Vaishali Nagar,kg,3.4,clean,169,2026-08-21,10.0,11.69,Jaipur,true
Printer,E-waste,peripheral,Airport Area,kg,33.9,mixed,170,2026-08-22,10.0,10.53,Jaipur,true
Printer,E-waste,peripheral,Raja Park,kg,92.5,mixed,167,2026-08-19,10.0,10.56,Jaipur,true
Printer,E-waste,peripheral,Raja Park,kg,92.4,mixed,10,2026-03-15,10.0,9.68,Jaipur,true
Printer,E-waste,peripheral,Sodala,kg,65.3,dirty,56,2026-04-30,10.0,7.57,Jaipur,true
Printer,E-waste,peripheral,Raja Park,kg,88.0,dirty,72,2026-05-16,10.0,7.31,Jaipur,true
Printer,E-waste,peripheral,Patrakar Colony,kg,112.6,dirty,2,2026-03-07,10.0,8.2,Jaipur,true
Printer,E-waste,peripheral,Civil Lines,kg,101.5,clean,151,2026-08-03,10.0,10.72,Jaipur,true
Printer,E-waste,peripheral,Chandpole,kg,29.3,mixed,152,2026-08-04,10.0,10.07,Jaipur,true
Printer,E-waste,peripheral,Tonk Road,kg,63.2,mixed,144,2026-07-27,10.0,9.12,Jaipur,true
Printer,E-waste,peripheral,Barkat Nagar,kg,31.4,mixed,1,2026-03-06,10.0,10.37,Jaipur,true
Printer,E-waste,peripheral,Malviya Nagar,kg,101.8,mixed,77,2026-05-21,10.0,7.91,Jaipur,true
Printer,E-waste,peripheral,Mansarovar,kg,61.1,clean,58,2026-05-02,10.0,10.12,Jaipur,true
Printer,E-waste,peripheral,MI Road,kg,63.1,damaged,68,2026-05-12,10.0,6.25,Jaipur,true
Printer,E-waste,peripheral,C-Scheme,kg,14.6,dirty,138,2026-07-21,10.0,7.93,Jaipur,true
Printer,E-waste,peripheral,Mansarovar,kg,13.2,mixed,76,2026-05-20,10.0,8.73,Jaipur,true
Printer,E-waste,peripheral,MI Road,kg,38.0,mixed,55,2026-04-29,10.0,8.46,Jaipur,true
Printer,E-waste,peripheral,Barkat Nagar,kg,12.3,clean,9,2026-03-14,10.0,10.35,Jaipur,true
Printer,E-waste,peripheral,Gopalpura,kg,96.5,clean,10,2026-03-15,10.0,9.72,Jaipur,true
Printer,E-waste,peripheral,Model Town,kg,85.1,dirty,115,2026-06-28,10.0,8.22,Jaipur,true
Printer,E-waste,peripheral,Airport Area,kg,85.9,mixed,4,2026-03-09,10.0,10.41,Jaipur,true
Printer,E-waste,peripheral,Mansarovar,kg,59.1,clean,173,2026-08-25,10.0,11.9,Jaipur,true
Printer,E-waste,peripheral,Tonk Road,kg,36.6,clean,96,2026-06-09,10.0,8.42,Jaipur,true
Printer,E-waste,peripheral,Patrakar Colony,kg,21.7,dirty,37,2026-04-11,10.0,7.39,Jaipur,true
Printer,E-waste,peripheral,Model Town,kg,85.7,dirty,46,2026-04-20,10.0,7.87,Jaipur,true
Printer,E-waste,peripheral,Chandpole,kg,39.3,mixed,32,2026-04-06,10.0,9.38,Jaipur,true
Printer,E-waste,peripheral,Mansarovar,kg,41.1,damaged,152,2026-08-04,10.0,7.87,Jaipur,true
Printer,E-waste,peripheral,Gopalpura,kg,23.1,dirty,95,2026-06-08,10.0,6.7,Jaipur,true
Printer,E-waste,peripheral,Durgapura,kg,99.7,clean,96,2026-06-09,10.0,9.26,Jaipur,true
Printer,E-waste,peripheral,Hasanpura,kg,6.8,mixed,46,2026-04-20,10.0,9.36,Jaipur,true
Printer,E-waste,peripheral,Mansarovar,kg,113.7,mixed,48,2026-04-22,10.0,9.99,Jaipur,true
Printer,E-waste,peripheral,Model Town,kg,44.4,clean,1,2026-03-06,10.0,10.42,Jaipur,true
Printer,E-waste,peripheral,Hasanpura,kg,111.0,clean,0,2026-03-05,10.0,11.49,Jaipur,true
Printer,E-waste,peripheral,Adarsh Nagar,kg,38.2,mixed,62,2026-05-06,10.0,8.12,Jaipur,true
Printer,E-waste,peripheral,Mahesh Nagar,kg,74.1,mixed,131,2026-07-14,10.0,10.06,Jaipur,true
Printer,E-waste,peripheral,MI Road,kg,117.4,damaged,152,2026-08-04,10.0,7.24,Jaipur,true
Printer,E-waste,peripheral,Airport Area,kg,12.2,clean,134,2026-07-17,10.0,9.82,Jaipur,true
Printer,E-waste,peripheral,Raja Park,kg,31.2,damaged,18,2026-03-23,10.0,7.05,Jaipur,true
Printer,E-waste,peripheral,Sodala,kg,117.3,clean,134,2026-07-17,10.0,9.88,Jaipur,true
Printer,E-waste,peripheral,Model Town,kg,81.3,mixed,77,2026-05-21,10.0,8.54,Jaipur,true
Printer,E-waste,peripheral,Mahesh Nagar,kg,16.9,mixed,147,2026-07-30,10.0,10.17,Jaipur,true
Printer,E-waste,peripheral,Mahesh Nagar,kg,54.5,damaged,132,2026-07-15,10.0,7.68,Jaipur,true
Printer,E-waste,peripheral,Raja Park,kg,81.4,clean,71,2026-05-15,10.0,8.93,Jaipur,true
Printer,E-waste,peripheral,Malviya Nagar,kg,22.3,mixed,161,2026-08-13,10.0,9.77,Jaipur,true
Printer,E-waste,peripheral,MI Road,kg,30.9,mixed,99,2026-06-12,10.0,8.12,Jaipur,true
Printer,E-waste,peripheral,Civil Lines,kg,44.7,clean,94,2026-06-07,10.0,8.74,Jaipur,true
Printer,E-waste,peripheral,Mansarovar,kg,58.4,dirty,26,2026-03-31,10.0,8.75,Jaipur,true
Printer,E-waste,peripheral,Raja Park,kg,42.4,clean,43,2026-04-17,10.0,9.52,Jaipur,true
Printer,E-waste,peripheral,Shyam Nagar,kg,9.1,mixed,111,2026-06-24,10.0,8.49,Jaipur,true
Printer,E-waste,peripheral,Civil Lines,kg,94.8,dirty,63,2026-05-07,10.0,7.77,Jaipur,true
Printer,E-waste,peripheral,Durgapura,kg,26.7,clean,140,2026-07-23,10.0,9.87,Jaipur,true
Printer,E-waste,peripheral,Shyam Nagar,kg,94.9,mixed,117,2026-06-30,10.0,9.24,Jaipur,true
Printer,E-waste,peripheral,Mansarovar,kg,104.2,dirty,28,2026-04-02,10.0,8.69,Jaipur,true
Printer,E-waste,peripheral,Tonk Road,kg,70.9,clean,84,2026-05-28,10.0,8.7,Jaipur,true
Printer,E-waste,peripheral,Tonk Road,kg,70.5,mixed,178,2026-08-30,10.0,9.94,Jaipur,true
Printer,E-waste,peripheral,Gopalpura,kg,111.6,mixed,62,2026-05-06,10.0,8.69,Jaipur,true
Printer,E-waste,peripheral,MI Road,kg,19.3,mixed,84,2026-05-28,10.0,7.97,Jaipur,true
Printer,E-waste,peripheral,Adarsh Nagar,kg,30.1,dirty,3,2026-03-08,10.0,7.79,Jaipur,true
Printer,E-waste,peripheral,Malviya Nagar,kg,35.7,damaged,89,2026-06-02,10.0,5.71,Jaipur,true
Printer,E-waste,peripheral,Malviya Nagar,kg,71.8,dirty,49,2026-04-23,10.0,7.36,Jaipur,true
Microwave,E-waste,appliance,Mansarovar,kg,95.1,mixed,131,2026-07-14,15.0,15.21,Jaipur,true
Microwave,E-waste,appliance,Airport Area,kg,14.6,mixed,129,2026-07-12,15.0,13.95,Jaipur,true
Microwave,E-waste,appliance,Nirman Nagar,kg,23.6,mixed,118,2026-07-01,15.0,13.65,Jaipur,true
Microwave,E-waste,appliance,Durgapura,kg,54.8,mixed,96,2026-06-09,15.0,13.23,Jaipur,true
Microwave,E-waste,appliance,Mansarovar,kg,77.2,mixed,135,2026-07-18,15.0,14.94,Jaipur,true
Microwave,E-waste,appliance,Nirman Nagar,kg,111.8,mixed,23,2026-03-28,15.0,14.69,Jaipur,true
Microwave,E-waste,appliance,Sodala,kg,97.6,mixed,33,2026-04-07,15.0,13.95,Jaipur,true
Microwave,E-waste,appliance,Mansarovar,kg,92.7,mixed,9,2026-03-14,15.0,15.64,Jaipur,true
Microwave,E-waste,appliance,Model Town,kg,102.8,clean,10,2026-03-15,15.0,15.35,Jaipur,true
Microwave,E-waste,appliance,Chandpole,kg,108.1,damaged,72,2026-05-16,15.0,9.93,Jaipur,true
Microwave,E-waste,appliance,Barkat Nagar,kg,86.9,clean,68,2026-05-12,15.0,14.61,Jaipur,true
Microwave,E-waste,appliance,Gopalpura,kg,57.5,mixed,78,2026-05-22,15.0,12.17,Jaipur,true
Microwave,E-waste,appliance,Nirman Nagar,kg,93.0,clean,55,2026-04-29,15.0,14.86,Jaipur,true
Microwave,E-waste,appliance,Adarsh Nagar,kg,6.5,clean,109,2026-06-22,15.0,12.98,Jaipur,true
Microwave,E-waste,appliance,Civil Lines,kg,51.1,dirty,102,2026-06-15,15.0,12.04,Jaipur,true
Microwave,E-waste,appliance,C-Scheme,kg,48.7,mixed,146,2026-07-29,15.0,13.95,Jaipur,true
Microwave,E-waste,appliance,Malviya Nagar,kg,86.3,mixed,56,2026-04-30,15.0,12.73,Jaipur,true
Microwave,E-waste,appliance,Model Town,kg,28.1,mixed,166,2026-08-18,15.0,15.46,Jaipur,true
Microwave,E-waste,appliance,Adarsh Nagar,kg,118.3,clean,23,2026-03-28,15.0,14.13,Jaipur,true
Microwave,E-waste,appliance,Vaishali Nagar,kg,102.3,clean,168,2026-08-20,15.0,17.64,Jaipur,true
Microwave,E-waste,appliance,Gopalpura,kg,34.9,clean,93,2026-06-06,15.0,12.28,Jaipur,true
Microwave,E-waste,appliance,Chandpole,kg,37.0,dirty,153,2026-08-05,15.0,13.11,Jaipur,true
Microwave,E-waste,appliance,Gopalpura,kg,2.8,mixed,151,2026-08-03,15.0,13.79,Jaipur,true
Microwave,E-waste,appliance,Barkat Nagar,kg,17.2,dirty,172,2026-08-24,15.0,13.67,Jaipur,true
Microwave,E-waste,appliance,Civil Lines,kg,119.5,mixed,29,2026-04-03,15.0,14.8,Jaipur,true
Microwave,E-waste,appliance,Sodala,kg,117.1,mixed,90,2026-06-03,15.0,12.54,Jaipur,true
Microwave,E-waste,appliance,Patrakar Colony,kg,65.3,dirty,57,2026-05-01,15.0,10.78,Jaipur,true
Microwave,E-waste,appliance,Hasanpura,kg,51.1,dirty,147,2026-07-30,15.0,13.45,Jaipur,true
Microwave,E-waste,appliance,Tonk Road,kg,51.9,mixed,48,2026-04-22,15.0,13.23,Jaipur,true
Microwave,E-waste,appliance,Durgapura,kg,11.8,dirty,5,2026-03-10,15.0,12.64,Jaipur,true
Microwave,E-waste,appliance,Barkat Nagar,kg,8.8,mixed,2,2026-03-07,15.0,15.67,Jaipur,true
Microwave,E-waste,appliance,Raja Park,kg,60.8,clean,95,2026-06-08,15.0,13.5,Jaipur,true
Microwave,E-waste,appliance,Sodala,kg,107.9,mixed,4,2026-03-09,15.0,15.11,Jaipur,true
Microwave,E-waste,appliance,Airport Area,kg,104.6,mixed,36,2026-04-10,15.0,14.39,Jaipur,true
Microwave,E-waste,appliance,Nirman Nagar,kg,46.2,mixed,6,2026-03-11,15.0,14.95,Jaipur,true
Microwave,E-waste,appliance,Vaishali Nagar,kg,82.3,mixed,161,2026-08-13,15.0,17.3,Jaipur,true
Microwave,E-waste,appliance,Hasanpura,kg,35.4,clean,108,2026-06-21,15.0,14.91,Jaipur,true
Microwave,E-waste,appliance,Shyam Nagar,kg,42.2,dirty,136,2026-07-19,15.0,11.07,Jaipur,true
Microwave,E-waste,appliance,Vaishali Nagar,kg,81.8,clean,78,2026-05-22,15.0,14.16,Jaipur,true
Microwave,E-waste,appliance,MI Road,kg,41.0,mixed,112,2026-06-25,15.0,12.71,Jaipur,true
Microwave,E-waste,appliance,Malviya Nagar,kg,41.5,dirty,171,2026-08-23,15.0,12.32,Jaipur,true
Microwave,E-waste,appliance,Gopalpura,kg,82.7,mixed,72,2026-05-16,15.0,12.34,Jaipur,true
Microwave,E-waste,appliance,Nirman Nagar,kg,65.4,mixed,0,2026-03-05,15.0,15.72,Jaipur,true
Microwave,E-waste,appliance,Mahesh Nagar,kg,33.0,damaged,100,2026-06-13,15.0,10.39,Jaipur,true
Microwave,E-waste,appliance,Nirman Nagar,kg,63.8,mixed,179,2026-08-31,15.0,15.73,Jaipur,true
Microwave,E-waste,appliance,Model Town,kg,10.7,dirty,80,2026-05-24,15.0,10.72,Jaipur,true
Microwave,E-waste,appliance,Hasanpura,kg,43.1,clean,156,2026-08-08,15.0,17.33,Jaipur,true
Microwave,E-waste,appliance,Gopalpura,kg,104.6,mixed,36,2026-04-10,15.0,13.6,Jaipur,true
Microwave,E-waste,appliance,Hasanpura,kg,16.7,mixed,131,2026-07-14,15.0,14.47,Jaipur,true
Microwave,E-waste,appliance,Shyam Nagar,kg,90.4,mixed,38,2026-04-12,15.0,14.24,Jaipur,true
Microwave,E-waste,appliance,Chandpole,kg,8.0,dirty,93,2026-06-06,15.0,10.68,Jaipur,true
Microwave,E-waste,appliance,Patrakar Colony,kg,55.1,damaged,6,2026-03-11,15.0,10.74,Jaipur,true
Microwave,E-waste,appliance,Malviya Nagar,kg,1.1,damaged,58,2026-05-02,15.0,9.09,Jaipur,true
Microwave,E-waste,appliance,Adarsh Nagar,kg,41.8,mixed,153,2026-08-05,15.0,13.95,Jaipur,true
Microwave,E-waste,appliance,Airport Area,kg,2.1,clean,76,2026-05-20,15.0,13.0,Jaipur,true
Microwave,E-waste,appliance,Gopalpura,kg,41.6,clean,141,2026-07-24,15.0,14.16,Jaipur,true
Microwave,E-waste,appliance,Vaishali Nagar,kg,12.6,mixed,34,2026-04-08,15.0,14.84,Jaipur,true
Microwave,E-waste,appliance,Durgapura,kg,41.6,clean,30,2026-04-04,15.0,14.37,Jaipur,true
Microwave,E-waste,appliance,Airport Area,kg,97.4,dirty,63,2026-05-07,15.0,11.55,Jaipur,true
Microwave,E-waste,appliance,Tonk Road,kg,23.9,mixed,110,2026-06-23,15.0,12.47,Jaipur,true
Microwave,E-waste,appliance,Model Town,kg,105.5,clean,50,2026-04-24,15.0,15.1,Jaipur,true
Microwave,E-waste,appliance,Model Town,kg,102.2,clean,119,2026-07-02,15.0,15.02,Jaipur,true
Microwave,E-waste,appliance,Shyam Nagar,kg,44.4,dirty,101,2026-06-14,15.0,10.75,Jaipur,true
Microwave,E-waste,appliance,Gopalpura,kg,80.4,mixed,55,2026-04-29,15.0,13.35,Jaipur,true
Microwave,E-waste,appliance,Mahesh Nagar,kg,109.7,clean,105,2026-06-18,15.0,15.46,Jaipur,true
Microwave,E-waste,appliance,Malviya Nagar,kg,105.1,clean,65,2026-05-09,15.0,13.08,Jaipur,true
Microwave,E-waste,appliance,Durgapura,kg,69.2,clean,79,2026-05-23,15.0,13.35,Jaipur,true
Microwave,E-waste,appliance,C-Scheme,kg,59.4,clean,23,2026-03-28,15.0,15.12,Jaipur,true
Microwave,E-waste,appliance,Malviya Nagar,kg,107.7,clean,110,2026-06-23,15.0,13.45,Jaipur,true
Microwave,E-waste,appliance,Shyam Nagar,kg,50.2,damaged,31,2026-04-05,15.0,10.38,Jaipur,true
Microwave,E-waste,appliance,Hasanpura,kg,89.2,clean,130,2026-07-13,15.0,15.7,Jaipur,true
Microwave,E-waste,appliance,Ramnagariya,kg,39.3,clean,140,2026-07-23,15.0,13.76,Jaipur,true
Microwave,E-waste,appliance,MI Road,kg,87.8,clean,34,2026-04-08,15.0,14.47,Jaipur,true
Microwave,E-waste,appliance,Malviya Nagar,kg,92.5,mixed,154,2026-08-06,15.0,14.85,Jaipur,true
Microwave,E-waste,appliance,Adarsh Nagar,kg,86.0,dirty,91,2026-06-04,15.0,10.05,Jaipur,true
Microwave,E-waste,appliance,Barkat Nagar,kg,60.4,mixed,134,2026-07-17,15.0,15.17,Jaipur,true
Microwave,E-waste,appliance,Nirman Nagar,kg,32.9,mixed,96,2026-06-09,15.0,12.91,Jaipur,true
Microwave,E-waste,appliance,Airport Area,kg,10.9,mixed,45,2026-04-19,15.0,13.52,Jaipur,true
Microwave,E-waste,appliance,Hasanpura,kg,57.2,damaged,126,2026-07-09,15.0,11.02,Jaipur,true
Microwave,E-waste,appliance,Hasanpura,kg,63.2,dirty,119,2026-07-02,15.0,12.78,Jaipur,true
Microwave,E-waste,appliance,Malviya Nagar,kg,90.5,dirty,128,2026-07-11,15.0,11.22,Jaipur,true
Microwave,E-waste,appliance,Hasanpura,kg,96.3,clean,18,2026-03-23,15.0,16.31,Jaipur,true
Microwave,E-waste,appliance,Airport Area,kg,43.3,mixed,96,2026-06-09,15.0,12.89,Jaipur,true
Microwave,E-waste,appliance,Mansarovar,kg,101.1,mixed,56,2026-04-30,15.0,14.6,Jaipur,true
Microwave,E-waste,appliance,Chandpole,kg,17.3,mixed,163,2026-08-15,15.0,15.92,Jaipur,true
Microwave,E-waste,appliance,Vaishali Nagar,kg,59.3,clean,145,2026-07-28,15.0,16.15,Jaipur,true
Microwave,E-waste,appliance,Airport Area,kg,37.7,damaged,159,2026-08-11,15.0,11.73,Jaipur,true
Microwave,E-waste,appliance,Mahesh Nagar,kg,34.8,mixed,16,2026-03-21,15.0,14.75,Jaipur,true
Microwave,E-waste,appliance,Barkat Nagar,kg,31.8,mixed,73,2026-05-17,15.0,13.1,Jaipur,true
Microwave,E-waste,appliance,Hasanpura,kg,97.7,mixed,107,2026-06-20,15.0,14.51,Jaipur,true
Geyser,E-waste,appliance,Mahesh Nagar,kg,49.2,dirty,28,2026-04-02,15.0,12.44,Jaipur,true
Geyser,E-waste,appliance,Gopalpura,kg,102.1,dirty,110,2026-06-23,15.0,11.16,Jaipur,true
Geyser,E-waste,appliance,Vaishali Nagar,kg,34.4,mixed,104,2026-06-17,15.0,14.12,Jaipur,true
Geyser,E-waste,appliance,Vaishali Nagar,kg,44.2,dirty,52,2026-04-26,15.0,11.8,Jaipur,true
Geyser,E-waste,appliance,Raja Park,kg,95.1,clean,77,2026-05-21,15.0,13.35,Jaipur,true
Geyser,E-waste,appliance,Chandpole,kg,58.4,mixed,66,2026-05-10,15.0,13.46,Jaipur,true
Geyser,E-waste,appliance,Model Town,kg,95.7,damaged,171,2026-08-23,15.0,12.19,Jaipur,true
Geyser,E-waste,appliance,C-Scheme,kg,101.1,clean,116,2026-06-29,15.0,15.12,Jaipur,true
Geyser,E-waste,appliance,Raja Park,kg,28.6,damaged,67,2026-05-11,15.0,9.35,Jaipur,true
Geyser,E-waste,appliance,Malviya Nagar,kg,40.1,mixed,20,2026-03-25,15.0,12.87,Jaipur,true
Geyser,E-waste,appliance,Tonk Road,kg,15.1,mixed,16,2026-03-21,15.0,13.13,Jaipur,true
Geyser,E-waste,appliance,Mansarovar,kg,25.1,mixed,98,2026-06-11,15.0,13.87,Jaipur,true
Geyser,E-waste,appliance,Durgapura,kg,18.6,mixed,46,2026-04-20,15.0,13.26,Jaipur,true
Geyser,E-waste,appliance,Patrakar Colony,kg,17.5,dirty,94,2026-06-07,15.0,9.71,Jaipur,true
Geyser,E-waste,appliance,C-Scheme,kg,109.2,dirty,145,2026-07-28,15.0,12.27,Jaipur,true
Geyser,E-waste,appliance,C-Scheme,kg,96.9,damaged,75,2026-05-19,15.0,9.49,Jaipur,true
Geyser,E-waste,appliance,Mansarovar,kg,45.3,mixed,72,2026-05-16,15.0,13.27,Jaipur,true
Geyser,E-waste,appliance,Mahesh Nagar,kg,99.8,clean,85,2026-05-29,15.0,14.61,Jaipur,true
Geyser,E-waste,appliance,C-Scheme,kg,6.8,mixed,58,2026-05-02,15.0,12.91,Jaipur,true
Geyser,E-waste,appliance,MI Road,kg,47.1,mixed,1,2026-03-06,15.0,13.99,Jaipur,true
Geyser,E-waste,appliance,Shyam Nagar,kg,95.8,damaged,132,2026-07-15,15.0,10.45,Jaipur,true
Geyser,E-waste,appliance,Airport Area,kg,59.9,dirty,130,2026-07-13,15.0,12.16,Jaipur,true
Geyser,E-waste,appliance,Sodala,kg,25.8,mixed,61,2026-05-05,15.0,12.7,Jaipur,true
Geyser,E-waste,appliance,Mahesh Nagar,kg,110.5,clean,81,2026-05-25,15.0,14.65,Jaipur,true
Geyser,E-waste,appliance,Hasanpura,kg,108.5,dirty,122,2026-07-05,15.0,12.76,Jaipur,true
Geyser,E-waste,appliance,Ramnagariya,kg,62.2,dirty,17,2026-03-22,15.0,11.79,Jaipur,true
Geyser,E-waste,appliance,Vaishali Nagar,kg,46.6,clean,84,2026-05-28,15.0,14.07,Jaipur,true
Geyser,E-waste,appliance,Adarsh Nagar,kg,116.3,clean,118,2026-07-01,15.0,13.65,Jaipur,true
Geyser,E-waste,appliance,Mansarovar,kg,75.1,clean,7,2026-03-12,15.0,16.97,Jaipur,true
Geyser,E-waste,appliance,Nirman Nagar,kg,2.3,mixed,87,2026-05-31,15.0,12.41,Jaipur,true
Geyser,E-waste,appliance,C-Scheme,kg,104.8,damaged,123,2026-07-06,15.0,10.19,Jaipur,true
Geyser,E-waste,appliance,Sodala,kg,27.8,dirty,70,2026-05-14,15.0,10.39,Jaipur,true
Geyser,E-waste,appliance,Durgapura,kg,97.9,clean,6,2026-03-11,15.0,16.08,Jaipur,true
Geyser,E-waste,appliance,Shyam Nagar,kg,59.8,clean,164,2026-08-16,15.0,16.44,Jaipur,true
Geyser,E-waste,appliance,MI Road,kg,52.6,clean,164,2026-08-16,15.0,16.15,Jaipur,true
Geyser,E-waste,appliance,MI Road,kg,101.8,dirty,66,2026-05-10,15.0,10.54,Jaipur,true
Geyser,E-waste,appliance,MI Road,kg,87.7,dirty,85,2026-05-29,15.0,10.54,Jaipur,true
Geyser,E-waste,appliance,Raja Park,kg,26.0,clean,159,2026-08-11,15.0,16.21,Jaipur,true
Geyser,E-waste,appliance,Ramnagariya,kg,80.7,damaged,65,2026-05-09,15.0,9.3,Jaipur,true
Geyser,E-waste,appliance,Shyam Nagar,kg,39.0,damaged,114,2026-06-27,15.0,9.9,Jaipur,true
Geyser,E-waste,appliance,Durgapura,kg,104.1,mixed,97,2026-06-10,15.0,13.05,Jaipur,true
Geyser,E-waste,appliance,Chandpole,kg,88.1,clean,86,2026-05-30,15.0,13.71,Jaipur,true
Geyser,E-waste,appliance,Airport Area,kg,29.7,mixed,72,2026-05-16,15.0,12.56,Jaipur,true
Geyser,E-waste,appliance,Mansarovar,kg,21.7,mixed,161,2026-08-13,15.0,16.8,Jaipur,true
Geyser,E-waste,appliance,Chandpole,kg,9.7,mixed,133,2026-07-16,15.0,13.94,Jaipur,true
Geyser,E-waste,appliance,Tonk Road,kg,33.4,mixed,72,2026-05-16,15.0,11.72,Jaipur,true
Geyser,E-waste,appliance,MI Road,kg,92.7,dirty,142,2026-07-25,15.0,11.8,Jaipur,true
Geyser,E-waste,appliance,Patrakar Colony,kg,67.1,dirty,34,2026-04-08,15.0,11.57,Jaipur,true
Geyser,E-waste,appliance,Mahesh Nagar,kg,38.1,mixed,145,2026-07-28,15.0,14.82,Jaipur,true
Geyser,E-waste,appliance,Ramnagariya,kg,61.8,mixed,59,2026-05-03,15.0,12.37,Jaipur,true
Geyser,E-waste,appliance,Adarsh Nagar,kg,84.7,mixed,170,2026-08-22,15.0,15.08,Jaipur,true
Geyser,E-waste,appliance,Civil Lines,kg,76.9,clean,147,2026-07-30,15.0,16.02,Jaipur,true
Geyser,E-waste,appliance,Vaishali Nagar,kg,108.0,clean,38,2026-04-12,15.0,16.46,Jaipur,true
Geyser,E-waste,appliance,Barkat Nagar,kg,83.6,damaged,154,2026-08-06,15.0,12.56,Jaipur,true
Geyser,E-waste,appliance,Airport Area,kg,9.1,clean,13,2026-03-18,15.0,14.81,Jaipur,true
Geyser,E-waste,appliance,Tonk Road,kg,105.9,damaged,40,2026-04-14,15.0,10.34,Jaipur,true
Geyser,E-waste,appliance,Gopalpura,kg,103.9,mixed,95,2026-06-08,15.0,12.31,Jaipur,true
Geyser,E-waste,appliance,Patrakar Colony,kg,99.9,mixed,79,2026-05-23,15.0,11.89,Jaipur,true
Geyser,E-waste,appliance,Model Town,kg,87.7,mixed,55,2026-04-29,15.0,14.05,Jaipur,true
Geyser,E-waste,appliance,Mansarovar,kg,90.2,mixed,76,2026-05-20,15.0,13.61,Jaipur,true
Geyser,E-waste,appliance,Chandpole,kg,4.6,damaged,143,2026-07-26,15.0,10.76,Jaipur,true
Geyser,E-waste,appliance,Nirman Nagar,kg,99.1,mixed,107,2026-06-20,15.0,13.91,Jaipur,true
Geyser,E-waste,appliance,Airport Area,kg,111.4,mixed,155,2026-08-07,15.0,16.11,Jaipur,true
Geyser,E-waste,appliance,Adarsh Nagar,kg,51.5,damaged,149,2026-08-01,15.0,10.28,Jaipur,true
Geyser,E-waste,appliance,MI Road,kg,101.1,mixed,142,2026-07-25,15.0,13.89,Jaipur,true
Geyser,E-waste,appliance,Gopalpura,kg,62.3,dirty,148,2026-07-31,15.0,11.82,Jaipur,true
Geyser,E-waste,appliance,Patrakar Colony,kg,29.2,damaged,75,2026-05-19,15.0,8.57,Jaipur,true
Geyser,E-waste,appliance,Adarsh Nagar,kg,37.6,damaged,120,2026-07-03,15.0,9.52,Jaipur,true
Geyser,E-waste,appliance,Ramnagariya,kg,60.6,mixed,142,2026-07-25,15.0,13.64,Jaipur,true
Geyser,E-waste,appliance,MI Road,kg,95.0,mixed,24,2026-03-29,15.0,13.86,Jaipur,true
Geyser,E-waste,appliance,Gopalpura,kg,95.4,dirty,48,2026-04-22,15.0,11.38,Jaipur,true
Geyser,E-waste,appliance,Civil Lines,kg,13.9,mixed,3,2026-03-08,15.0,15.12,Jaipur,true
Geyser,E-waste,appliance,Civil Lines,kg,62.9,dirty,156,2026-08-08,15.0,14.07,Jaipur,true
Geyser,E-waste,appliance,Shyam Nagar,kg,56.7,mixed,158,2026-08-10,15.0,15.36,Jaipur,true
Geyser,E-waste,appliance,Patrakar Colony,kg,77.9,dirty,172,2026-08-24,15.0,12.63,Jaipur,true
Geyser,E-waste,appliance,Model Town,kg,65.4,mixed,158,2026-08-10,15.0,16.07,Jaipur,true
Geyser,E-waste,appliance,Airport Area,kg,22.6,clean,4,2026-03-09,15.0,15.77,Jaipur,true
Geyser,E-waste,appliance,Mansarovar,kg,101.7,mixed,153,2026-08-05,15.0,16.71,Jaipur,true
Geyser,E-waste,appliance,MI Road,kg,5.5,mixed,82,2026-05-26,15.0,12.1,Jaipur,true
Geyser,E-waste,appliance,Shyam Nagar,kg,94.9,mixed,81,2026-05-25,15.0,12.65,Jaipur,true
Geyser,E-waste,appliance,Model Town,kg,91.8,dirty,84,2026-05-28,15.0,11.25,Jaipur,true
Geyser,E-waste,appliance,Tonk Road,kg,55.6,mixed,116,2026-06-29,15.0,13.69,Jaipur,true
Geyser,E-waste,appliance,Mansarovar,kg,85.0,dirty,94,2026-06-07,15.0,11.57,Jaipur,true
Geyser,E-waste,appliance,Ramnagariya,kg,55.8,mixed,168,2026-08-20,15.0,14.73,Jaipur,true
Geyser,E-waste,appliance,Sodala,kg,73.1,clean,12,2026-03-17,15.0,14.84,Jaipur,true
Geyser,E-waste,appliance,Raja Park,kg,78.5,mixed,4,2026-03-09,15.0,15.42,Jaipur,true
Geyser,E-waste,appliance,Civil Lines,kg,111.0,clean,109,2026-06-22,15.0,14.84,Jaipur,true
Geyser,E-waste,appliance,Tonk Road,kg,41.7,clean,77,2026-05-21,15.0,12.14,Jaipur,true
Geyser,E-waste,appliance,Raja Park,kg,89.3,dirty,109,2026-06-22,15.0,11.76,Jaipur,true
Geyser,E-waste,appliance,Barkat Nagar,kg,9.6,dirty,131,2026-07-14,15.0,12.23,Jaipur,true
Alkaline Battery (Cell),E-waste,battery,Ramnagariya,kg,76.1,mixed,169,2026-08-21,2.0,2.03,Jaipur,true
Alkaline Battery (Cell),E-waste,battery,Gopalpura,kg,76.0,mixed,56,2026-04-30,2.0,1.74,Jaipur,true
Alkaline Battery (Cell),E-waste,battery,Sodala,kg,51.3,mixed,136,2026-07-19,2.0,1.84,Jaipur,true
Alkaline Battery (Cell),E-waste,battery,Airport Area,kg,12.4,mixed,23,2026-03-28,2.0,1.88,Jaipur,true
Alkaline Battery (Cell),E-waste,battery,Sodala,kg,1.6,mixed,79,2026-05-23,2.0,1.6,Jaipur,true
Alkaline Battery (Cell),E-waste,battery,C-Scheme,kg,59.2,mixed,3,2026-03-08,2.0,2.04,Jaipur,true
Alkaline Battery (Cell),E-waste,battery,Adarsh Nagar,kg,38.2,damaged,137,2026-07-20,2.0,1.29,Jaipur,true
Alkaline Battery (Cell),E-waste,battery,MI Road,kg,5.4,damaged,70,2026-05-14,2.0,1.18,Jaipur,true
Alkaline Battery (Cell),E-waste,battery,Mansarovar,kg,112.8,dirty,101,2026-06-14,2.0,1.66,Jaipur,true
Alkaline Battery (Cell),E-waste,battery,Ramnagariya,kg,32.1,mixed,141,2026-07-24,2.0,1.75,Jaipur,true
Alkaline Battery (Cell),E-waste,battery,Vaishali Nagar,kg,81.2,mixed,177,2026-08-29,2.0,2.28,Jaipur,true
Alkaline Battery (Cell),E-waste,battery,Mansarovar,kg,34.3,clean,107,2026-06-20,2.0,1.97,Jaipur,true
Alkaline Battery (Cell),E-waste,battery,C-Scheme,kg,31.2,mixed,131,2026-07-14,2.0,1.81,Jaipur,true
Alkaline Battery (Cell),E-waste,battery,Malviya Nagar,kg,69.7,damaged,161,2026-08-13,2.0,1.52,Jaipur,true
Alkaline Battery (Cell),E-waste,battery,MI Road,kg,68.0,mixed,124,2026-07-07,2.0,1.76,Jaipur,true
Alkaline Battery (Cell),E-waste,battery,MI Road,kg,44.7,mixed,40,2026-04-14,2.0,1.77,Jaipur,true
Alkaline Battery (Cell),E-waste,battery,Shyam Nagar,kg,69.9,dirty,97,2026-06-10,2.0,1.42,Jaipur,true
Alkaline Battery (Cell),E-waste,battery,Shyam Nagar,kg,107.2,dirty,116,2026-06-29,2.0,1.58,Jaipur,true
Alkaline Battery (Cell),E-waste,battery,Raja Park,kg,31.2,mixed,32,2026-04-06,2.0,1.83,Jaipur,true
Alkaline Battery (Cell),E-waste,battery,Barkat Nagar,kg,118.9,mixed,102,2026-06-15,2.0,1.95,Jaipur,true
Alkaline Battery (Cell),E-waste,battery,Tonk Road,kg,87.2,mixed,12,2026-03-17,2.0,1.82,Jaipur,true
Alkaline Battery (Cell),E-waste,battery,Ramnagariya,kg,100.8,clean,138,2026-07-21,2.0,1.9,Jaipur,true
Alkaline Battery (Cell),E-waste,battery,Barkat Nagar,kg,7.8,mixed,5,2026-03-10,2.0,2.09,Jaipur,true
Alkaline Battery (Cell),E-waste,battery,Tonk Road,kg,111.2,clean,12,2026-03-17,2.0,1.91,Jaipur,true
Alkaline Battery (Cell),E-waste,battery,C-Scheme,kg,52.2,clean,16,2026-03-21,2.0,2.01,Jaipur,true
Alkaline Battery (Cell),E-waste,battery,MI Road,kg,66.6,mixed,110,2026-06-23,2.0,1.73,Jaipur,true
Alkaline Battery (Cell),E-waste,battery,Nirman Nagar,kg,97.2,mixed,171,2026-08-23,2.0,2.18,Jaipur,true
Alkaline Battery (Cell),E-waste,battery,Adarsh Nagar,kg,8.2,mixed,25,2026-03-30,2.0,1.75,Jaipur,true
Alkaline Battery (Cell),E-waste,battery,Raja Park,kg,67.5,mixed,137,2026-07-20,2.0,1.92,Jaipur,true
Alkaline Battery (Cell),E-waste,battery,C-Scheme,kg,99.2,dirty,148,2026-07-31,2.0,1.64,Jaipur,true
Alkaline Battery (Cell),E-waste,battery,Nirman Nagar,kg,112.5,dirty,116,2026-06-29,2.0,1.67,Jaipur,true
Alkaline Battery (Cell),E-waste,battery,Vaishali Nagar,kg,59.5,mixed,0,2026-03-05,2.0,2.19,Jaipur,true
Alkaline Battery (Cell),E-waste,battery,Model Town,kg,69.5,clean,114,2026-06-27,2.0,2.01,Jaipur,true
Alkaline Battery (Cell),E-waste,battery,Mahesh Nagar,kg,101.8,dirty,6,2026-03-11,2.0,1.84,Jaipur,true
Alkaline Battery (Cell),E-waste,battery,Tonk Road,kg,100.7,clean,111,2026-06-24,2.0,1.82,Jaipur,true
Alkaline Battery (Cell),E-waste,battery,Shyam Nagar,kg,5.7,damaged,153,2026-08-05,2.0,1.45,Jaipur,true
Alkaline Battery (Cell),E-waste,battery,Mahesh Nagar,kg,20.9,clean,16,2026-03-21,2.0,2.07,Jaipur,true
Alkaline Battery (Cell),E-waste,battery,MI Road,kg,35.7,mixed,132,2026-07-15,2.0,1.76,Jaipur,true
Alkaline Battery (Cell),E-waste,battery,C-Scheme,kg,12.6,mixed,17,2026-03-22,2.0,1.9,Jaipur,true
Alkaline Battery (Cell),E-waste,battery,Chandpole,kg,31.0,damaged,120,2026-07-03,2.0,1.4,Jaipur,true
Alkaline Battery (Cell),E-waste,battery,Mansarovar,kg,40.3,mixed,42,2026-04-16,2.0,1.98,Jaipur,true
Alkaline Battery (Cell),E-waste,battery,Malviya Nagar,kg,42.8,mixed,65,2026-05-09,2.0,1.6,Jaipur,true
Alkaline Battery (Cell),E-waste,battery,Mansarovar,kg,108.2,dirty,68,2026-05-12,2.0,1.6,Jaipur,true
Alkaline Battery (Cell),E-waste,battery,Shyam Nagar,kg,34.5,mixed,139,2026-07-22,2.0,1.79,Jaipur,true
Alkaline Battery (Cell),E-waste,battery,Civil Lines,kg,16.0,dirty,91,2026-06-04,2.0,1.42,Jaipur,true
Alkaline Battery (Cell),E-waste,battery,Malviya Nagar,kg,62.2,mixed,167,2026-08-19,2.0,1.97,Jaipur,true
Alkaline Battery (Cell),E-waste,battery,Gopalpura,kg,98.3,mixed,32,2026-04-06,2.0,1.82,Jaipur,true
Alkaline Battery (Cell),E-waste,battery,Chandpole,kg,73.2,mixed,130,2026-07-13,2.0,1.93,Jaipur,true
Alkaline Battery (Cell),E-waste,battery,Vaishali Nagar,kg,56.6,mixed,93,2026-06-06,2.0,1.8,Jaipur,true
Alkaline Battery (Cell),E-waste,battery,Mahesh Nagar,kg,112.2,mixed,46,2026-04-20,2.0,1.95,Jaipur,true
Alkaline Battery (Cell),E-waste,battery,Ramnagariya,kg,55.0,mixed,24,2026-03-29,2.0,1.82,Jaipur,true
Alkaline Battery (Cell),E-waste,battery,Nirman Nagar,kg,14.8,clean,116,2026-06-29,2.0,1.98,Jaipur,true
Alkaline Battery (Cell),E-waste,battery,Malviya Nagar,kg,9.9,mixed,139,2026-07-22,2.0,1.74,Jaipur,true
Alkaline Battery (Cell),E-waste,battery,Tonk Road,kg,73.4,mixed,89,2026-06-02,2.0,1.6,Jaipur,true
Alkaline Battery (Cell),E-waste,battery,Hasanpura,kg,11.6,clean,116,2026-06-29,2.0,2.06,Jaipur,true
Alkaline Battery (Cell),E-waste,battery,Chandpole,kg,10.0,damaged,80,2026-05-24,2.0,1.29,Jaipur,true
Alkaline Battery (Cell),E-waste,battery,Durgapura,kg,52.4,dirty,56,2026-04-30,2.0,1.54,Jaipur,true
Alkaline Battery (Cell),E-waste,battery,Mahesh Nagar,kg,58.7,damaged,159,2026-08-11,2.0,1.71,Jaipur,true
Alkaline Battery (Cell),E-waste,battery,Mansarovar,kg,111.6,mixed,155,2026-08-07,2.0,2.27,Jaipur,true
Alkaline Battery (Cell),E-waste,battery,MI Road,kg,34.2,clean,167,2026-08-19,2.0,2.02,Jaipur,true
Alkaline Battery (Cell),E-waste,battery,Chandpole,kg,103.7,dirty,159,2026-08-11,2.0,1.87,Jaipur,true
Alkaline Battery (Cell),E-waste,battery,Adarsh Nagar,kg,96.9,mixed,98,2026-06-11,2.0,1.67,Jaipur,true
Alkaline Battery (Cell),E-waste,battery,Adarsh Nagar,kg,107.1,mixed,110,2026-06-23,2.0,1.7,Jaipur,true
Alkaline Battery (Cell),E-waste,battery,Nirman Nagar,kg,49.6,mixed,43,2026-04-17,2.0,1.84,Jaipur,true
Alkaline Battery (Cell),E-waste,battery,MI Road,kg,71.0,damaged,133,2026-07-16,2.0,1.34,Jaipur,true
Alkaline Battery (Cell),E-waste,battery,Barkat Nagar,kg,38.6,mixed,82,2026-05-26,2.0,1.8,Jaipur,true
Alkaline Battery (Cell),E-waste,battery,Civil Lines,kg,115.1,mixed,69,2026-05-13,2.0,1.77,Jaipur,true
Alkaline Battery (Cell),E-waste,battery,Civil Lines,kg,49.1,dirty,84,2026-05-28,2.0,1.46,Jaipur,true
Alkaline Battery (Cell),E-waste,battery,Sodala,kg,69.9,clean,175,2026-08-27,2.0,2.17,Jaipur,true
Alkaline Battery (Cell),E-waste,battery,Sodala,kg,13.2,dirty,122,2026-07-05,2.0,1.51,Jaipur,true
Alkaline Battery (Cell),E-waste,battery,Malviya Nagar,kg,63.8,clean,74,2026-05-18,2.0,1.66,Jaipur,true
Alkaline Battery (Cell),E-waste,battery,Sodala,kg,42.8,damaged,54,2026-04-28,2.0,1.32,Jaipur,true
Alkaline Battery (Cell),E-waste,battery,Tonk Road,kg,96.1,mixed,138,2026-07-21,2.0,1.84,Jaipur,true
Alkaline Battery (Cell),E-waste,battery,Sodala,kg,50.5,mixed,178,2026-08-30,2.0,2.06,Jaipur,true
Alkaline Battery (Cell),E-waste,battery,Civil Lines,kg,12.6,clean,78,2026-05-22,2.0,1.75,Jaipur,true
Alkaline Battery (Cell),E-waste,battery,Patrakar Colony,kg,105.3,clean,50,2026-04-24,2.0,1.87,Jaipur,true
Alkaline Battery (Cell),E-waste,battery,Gopalpura,kg,87.7,clean,115,2026-06-28,2.0,1.93,Jaipur,true
Alkaline Battery (Cell),E-waste,battery,Adarsh Nagar,kg,71.1,mixed,11,2026-03-16,2.0,1.79,Jaipur,true
Alkaline Battery (Cell),E-waste,battery,Mahesh Nagar,kg,25.5,mixed,2,2026-03-07,2.0,2.11,Jaipur,true
Alkaline Battery (Cell),E-waste,battery,Civil Lines,kg,59.2,dirty,76,2026-05-20,2.0,1.47,Jaipur,true
Alkaline Battery (Cell),E-waste,battery,Mahesh Nagar,kg,3.8,mixed,82,2026-05-26,2.0,1.81,Jaipur,true
Alkaline Battery (Cell),E-waste,battery,Malviya Nagar,kg,102.4,mixed,157,2026-08-09,2.0,1.97,Jaipur,true
Alkaline Battery (Cell),E-waste,battery,Durgapura,kg,85.5,mixed,169,2026-08-21,2.0,2.18,Jaipur,true
Alkaline Battery (Cell),E-waste,battery,C-Scheme,kg,82.4,clean,146,2026-07-29,2.0,2.03,Jaipur,true
Alkaline Battery (Cell),E-waste,battery,Gopalpura,kg,95.2,clean,53,2026-04-27,2.0,1.82,Jaipur,true
Alkaline Battery (Cell),E-waste,battery,Vaishali Nagar,kg,28.0,dirty,31,2026-04-05,2.0,1.66,Jaipur,true
Alkaline Battery (Cell),E-waste,battery,Durgapura,kg,33.5,damaged,63,2026-05-07,2.0,1.29,Jaipur,true
Alkaline Battery (Cell),E-waste,battery,Malviya Nagar,kg,74.0,clean,174,2026-08-26,2.0,2.07,Jaipur,true
Alkaline Battery (Cell),E-waste,battery,Airport Area,kg,58.3,dirty,93,2026-06-06,2.0,1.46,Jaipur,true
Alkaline Battery (Cell),E-waste,battery,Malviya Nagar,kg,85.1,damaged,107,2026-06-20,2.0,1.28,Jaipur,true
Inverter Battery,E-waste,battery,Gopalpura,kg,36.7,clean,100,2026-06-13,90.0,78.6,Jaipur,true
Inverter Battery,E-waste,battery,Malviya Nagar,kg,15.4,mixed,88,2026-06-01,90.0,68.49,Jaipur,true
Inverter Battery,E-waste,battery,Patrakar Colony,kg,33.6,mixed,109,2026-06-22,90.0,74.6,Jaipur,true
Inverter Battery,E-waste,battery,Mahesh Nagar,kg,101.0,mixed,106,2026-06-19,90.0,89.46,Jaipur,true
Inverter Battery,E-waste,battery,Barkat Nagar,kg,4.6,dirty,51,2026-04-25,90.0,70.82,Jaipur,true
Inverter Battery,E-waste,battery,Shyam Nagar,kg,16.6,clean,22,2026-03-27,90.0,82.37,Jaipur,true
Inverter Battery,E-waste,battery,Adarsh Nagar,kg,72.4,dirty,135,2026-07-18,90.0,66.15,Jaipur,true
Inverter Battery,E-waste,battery,Patrakar Colony,kg,19.5,mixed,49,2026-04-23,90.0,74.97,Jaipur,true
Inverter Battery,E-waste,battery,Gopalpura,kg,17.7,mixed,51,2026-04-25,90.0,75.72,Jaipur,true
Inverter Battery,E-waste,battery,Ramnagariya,kg,106.7,dirty,81,2026-05-25,90.0,62.25,Jaipur,true
Inverter Battery,E-waste,battery,Adarsh Nagar,kg,76.2,dirty,32,2026-04-06,90.0,67.53,Jaipur,true
Inverter Battery,E-waste,battery,C-Scheme,kg,32.1,clean,4,2026-03-09,90.0,92.93,Jaipur,true
Inverter Battery,E-waste,battery,Adarsh Nagar,kg,45.9,mixed,66,2026-05-10,90.0,70.28,Jaipur,true
Inverter Battery,E-waste,battery,Chandpole,kg,113.2,clean,34,2026-04-08,90.0,94.21,Jaipur,true
Inverter Battery,E-waste,battery,Ramnagariya,kg,45.0,mixed,42,2026-04-16,90.0,77.45,Jaipur,true
Inverter Battery,E-waste,battery,Vaishali Nagar,kg,80.2,mixed,47,2026-04-21,90.0,88.86,Jaipur,true
Inverter Battery,E-waste,battery,MI Road,kg,119.9,mixed,41,2026-04-15,90.0,80.39,Jaipur,true
Inverter Battery,E-waste,battery,Tonk Road,kg,4.4,mixed,58,2026-05-02,90.0,73.63,Jaipur,true
Inverter Battery,E-waste,battery,Sodala,kg,31.3,mixed,4,2026-03-09,90.0,87.19,Jaipur,true
Inverter Battery,E-waste,battery,Patrakar Colony,kg,22.3,mixed,164,2026-08-16,90.0,87.65,Jaipur,true
Inverter Battery,E-waste,battery,Adarsh Nagar,kg,18.7,dirty,54,2026-04-28,90.0,63.7,Jaipur,true
Inverter Battery,E-waste,battery,Model Town,kg,1.9,damaged,61,2026-05-05,90.0,58.75,Jaipur,true
Inverter Battery,E-waste,battery,Gopalpura,kg,73.7,clean,36,2026-04-10,90.0,85.66,Jaipur,true
Inverter Battery,E-waste,battery,Hasanpura,kg,99.6,damaged,130,2026-07-13,90.0,67.3,Jaipur,true
Inverter Battery,E-waste,battery,Model Town,kg,92.7,dirty,131,2026-07-14,90.0,72.99,Jaipur,true
Inverter Battery,E-waste,battery,Hasanpura,kg,95.4,damaged,16,2026-03-21,90.0,68.83,Jaipur,true
Inverter Battery,E-waste,battery,Hasanpura,kg,99.6,clean,26,2026-03-31,90.0,96.18,Jaipur,true
Inverter Battery,E-waste,battery,Shyam Nagar,kg,57.3,clean,118,2026-07-01,90.0,84.88,Jaipur,true
Inverter Battery,E-waste,battery,Chandpole,kg,30.8,mixed,103,2026-06-16,90.0,82.54,Jaipur,true
Inverter Battery,E-waste,battery,Chandpole,kg,83.0,mixed,177,2026-08-29,90.0,99.2,Jaipur,true
Inverter Battery,E-waste,battery,Barkat Nagar,kg,92.5,mixed,23,2026-03-28,90.0,91.46,Jaipur,true
Inverter Battery,E-waste,battery,Mahesh Nagar,kg,78.4,clean,29,2026-04-03,90.0,96.95,Jaipur,true
Inverter Battery,E-waste,battery,Shyam Nagar,kg,36.9,dirty,166,2026-08-18,90.0,75.4,Jaipur,true
Inverter Battery,E-waste,battery,Mahesh Nagar,kg,70.5,mixed,61,2026-05-05,90.0,85.91,Jaipur,true
Inverter Battery,E-waste,battery,Nirman Nagar,kg,109.2,damaged,66,2026-05-10,90.0,59.84,Jaipur,true
Inverter Battery,E-waste,battery,Sodala,kg,64.1,mixed,109,2026-06-22,90.0,81.34,Jaipur,true
Inverter Battery,E-waste,battery,Hasanpura,kg,15.7,mixed,146,2026-07-29,90.0,89.09,Jaipur,true
Inverter Battery,E-waste,battery,Nirman Nagar,kg,20.1,mixed,73,2026-05-17,90.0,75.77,Jaipur,true
Inverter Battery,E-waste,battery,Hasanpura,kg,86.0,mixed,122,2026-07-05,90.0,90.06,Jaipur,true
Inverter Battery,E-waste,battery,Tonk Road,kg,33.0,clean,159,2026-08-11,90.0,91.98,Jaipur,true
Inverter Battery,E-waste,battery,Vaishali Nagar,kg,82.8,mixed,170,2026-08-22,90.0,103.22,Jaipur,true
Inverter Battery,E-waste,battery,Mahesh Nagar,kg,42.2,clean,28,2026-04-02,90.0,92.17,Jaipur,true
Inverter Battery,E-waste,battery,MI Road,kg,17.0,clean,84,2026-05-28,90.0,75.36,Jaipur,true
Inverter Battery,E-waste,battery,Mahesh Nagar,kg,91.8,clean,169,2026-08-21,90.0,109.57,Jaipur,true
Inverter Battery,E-waste,battery,Tonk Road,kg,31.4,mixed,155,2026-08-07,90.0,86.79,Jaipur,true
Inverter Battery,E-waste,battery,Chandpole,kg,89.5,clean,143,2026-07-26,90.0,93.98,Jaipur,true
Inverter Battery,E-waste,battery,Nirman Nagar,kg,63.7,dirty,58,2026-05-02,90.0,69.86,Jaipur,true
Inverter Battery,E-waste,battery,C-Scheme,kg,63.0,dirty,147,2026-07-30,90.0,75.78,Jaipur,true
Inverter Battery,E-waste,battery,Nirman Nagar,kg,104.5,dirty,67,2026-05-11,90.0,67.09,Jaipur,true
Inverter Battery,E-waste,battery,Ramnagariya,kg,96.4,dirty,84,2026-05-28,90.0,62.31,Jaipur,true
Inverter Battery,E-waste,battery,Sodala,kg,8.2,dirty,6,2026-03-11,90.0,73.65,Jaipur,true
Inverter Battery,E-waste,battery,Barkat Nagar,kg,58.2,mixed,115,2026-06-28,90.0,90.99,Jaipur,true
Inverter Battery,E-waste,battery,Adarsh Nagar,kg,22.2,clean,165,2026-08-17,90.0,90.53,Jaipur,true
Inverter Battery,E-waste,battery,Nirman Nagar,kg,113.2,damaged,20,2026-03-25,90.0,65.46,Jaipur,true
Inverter Battery,E-waste,battery,Shyam Nagar,kg,92.5,mixed,116,2026-06-29,90.0,83.66,Jaipur,true
Inverter Battery,E-waste,battery,MI Road,kg,30.5,dirty,128,2026-07-11,90.0,65.62,Jaipur,true
Inverter Battery,E-waste,battery,Mansarovar,kg,58.2,mixed,74,2026-05-18,90.0,81.67,Jaipur,true
Inverter Battery,E-waste,battery,Mahesh Nagar,kg,98.7,mixed,112,2026-06-25,90.0,89.02,Jaipur,true
Inverter Battery,E-waste,battery,Raja Park,kg,112.9,mixed,104,2026-06-17,90.0,83.1,Jaipur,true
Inverter Battery,E-waste,battery,MI Road,kg,7.3,mixed,7,2026-03-12,90.0,82.41,Jaipur,true
Inverter Battery,E-waste,battery,Durgapura,kg,20.8,dirty,65,2026-05-09,90.0,65.4,Jaipur,true
Inverter Battery,E-waste,battery,Adarsh Nagar,kg,103.8,clean,63,2026-05-07,90.0,78.54,Jaipur,true
Inverter Battery,E-waste,battery,Ramnagariya,kg,113.6,mixed,6,2026-03-11,90.0,85.47,Jaipur,true
Inverter Battery,E-waste,battery,Sodala,kg,5.0,dirty,19,2026-03-24,90.0,69.9,Jaipur,true
Inverter Battery,E-waste,battery,Adarsh Nagar,kg,17.7,mixed,12,2026-03-17,90.0,77.36,Jaipur,true
Inverter Battery,E-waste,battery,Adarsh Nagar,kg,31.4,clean,62,2026-05-06,90.0,76.75,Jaipur,true
Inverter Battery,E-waste,battery,Malviya Nagar,kg,103.9,mixed,138,2026-07-21,90.0,81.92,Jaipur,true
Inverter Battery,E-waste,battery,Malviya Nagar,kg,23.7,clean,106,2026-06-19,90.0,79.4,Jaipur,true
Inverter Battery,E-waste,battery,Barkat Nagar,kg,119.1,mixed,146,2026-07-29,90.0,92.11,Jaipur,true
Inverter Battery,E-waste,battery,Nirman Nagar,kg,68.4,mixed,142,2026-07-25,90.0,89.32,Jaipur,true
Inverter Battery,E-waste,battery,Airport Area,kg,46.2,damaged,57,2026-05-01,90.0,59.43,Jaipur,true
Inverter Battery,E-waste,battery,Chandpole,kg,62.9,clean,108,2026-06-21,90.0,90.26,Jaipur,true
Inverter Battery,E-waste,battery,C-Scheme,kg,20.9,dirty,38,2026-04-12,90.0,72.12,Jaipur,true
Inverter Battery,E-waste,battery,Nirman Nagar,kg,41.9,dirty,172,2026-08-24,90.0,79.08,Jaipur,true
Inverter Battery,E-waste,battery,Model Town,kg,5.1,dirty,162,2026-08-14,90.0,79.95,Jaipur,true
Inverter Battery,E-waste,battery,Sodala,kg,31.0,dirty,130,2026-07-13,90.0,67.87,Jaipur,true
Inverter Battery,E-waste,battery,Airport Area,kg,104.8,clean,32,2026-04-06,90.0,90.89,Jaipur,true
Inverter Battery,E-waste,battery,Hasanpura,kg,21.3,dirty,74,2026-05-18,90.0,66.03,Jaipur,true
Inverter Battery,E-waste,battery,Nirman Nagar,kg,6.6,dirty,135,2026-07-18,90.0,69.44,Jaipur,true
Inverter Battery,E-waste,battery,Mansarovar,kg,117.7,mixed,106,2026-06-19,90.0,90.17,Jaipur,true
Inverter Battery,E-waste,battery,MI Road,kg,50.7,clean,141,2026-07-24,90.0,87.42,Jaipur,true
Inverter Battery,E-waste,battery,Chandpole,kg,94.6,dirty,62,2026-05-06,90.0,71.41,Jaipur,true
Inverter Battery,E-waste,battery,Mahesh Nagar,kg,119.0,clean,2,2026-03-07,90.0,103.6,Jaipur,true
Inverter Battery,E-waste,battery,C-Scheme,kg,36.7,damaged,41,2026-04-15,90.0,60.94,Jaipur,true
Inverter Battery,E-waste,battery,Vaishali Nagar,kg,103.0,dirty,73,2026-05-17,90.0,70.0,Jaipur,true
Inverter Battery,E-waste,battery,Shyam Nagar,kg,90.9,clean,110,2026-06-23,90.0,83.25,Jaipur,true
Inverter Battery,E-waste,battery,Barkat Nagar,kg,105.0,damaged,69,2026-05-13,90.0,61.38,Jaipur,true
Inverter Battery,E-waste,battery,Vaishali Nagar,kg,88.7,clean,61,2026-05-05,90.0,90.06,Jaipur,true
Inverter Battery,E-waste,battery,Hasanpura,kg,49.5,mixed,133,2026-07-16,90.0,86.23,Jaipur,true
Inverter Battery,E-waste,battery,Hasanpura,kg,19.2,damaged,154,2026-08-06,90.0,72.88,Jaipur,true
Laptop,E-waste,computer,Hasanpura,piece,6.0,clean,128,2026-07-11,200.0,207.6,Jaipur,true
Laptop,E-waste,computer,C-Scheme,piece,9.0,damaged,92,2026-06-05,200.0,125.27,Jaipur,true
Laptop,E-waste,computer,Airport Area,piece,11.0,dirty,124,2026-07-07,200.0,158.09,Jaipur,true
Laptop,E-waste,computer,Tonk Road,piece,2.0,clean,131,2026-07-14,200.0,180.85,Jaipur,true
Laptop,E-waste,computer,MI Road,piece,10.0,mixed,152,2026-08-04,200.0,191.2,Jaipur,true
Laptop,E-waste,computer,Mahesh Nagar,piece,6.0,dirty,14,2026-03-19,200.0,174.92,Jaipur,true
Laptop,E-waste,computer,Ramnagariya,piece,4.0,clean,87,2026-05-31,200.0,159.1,Jaipur,true
Laptop,E-waste,computer,Patrakar Colony,piece,9.0,mixed,149,2026-08-01,200.0,182.07,Jaipur,true
Laptop,E-waste,computer,Barkat Nagar,piece,7.0,mixed,39,2026-04-13,200.0,209.92,Jaipur,true
Laptop,E-waste,computer,C-Scheme,piece,7.0,dirty,15,2026-03-20,200.0,164.33,Jaipur,true
Laptop,E-waste,computer,Nirman Nagar,piece,5.0,mixed,115,2026-06-28,200.0,187.4,Jaipur,true
Laptop,E-waste,computer,Sodala,piece,3.0,clean,73,2026-05-17,200.0,170.76,Jaipur,true
Laptop,E-waste,computer,Model Town,piece,10.0,dirty,136,2026-07-19,200.0,158.96,Jaipur,true
Laptop,E-waste,computer,Raja Park,piece,11.0,clean,77,2026-05-21,200.0,176.29,Jaipur,true
Laptop,E-waste,computer,Sodala,piece,9.0,mixed,73,2026-05-17,200.0,167.51,Jaipur,true
Laptop,E-waste,computer,Tonk Road,piece,8.0,clean,96,2026-06-09,200.0,173.5,Jaipur,true
Laptop,E-waste,computer,Adarsh Nagar,piece,11.0,mixed,14,2026-03-19,200.0,180.09,Jaipur,true
Laptop,E-waste,computer,MI Road,piece,9.0,mixed,156,2026-08-08,200.0,202.53,Jaipur,true
Laptop,E-waste,computer,Tonk Road,piece,1.0,clean,93,2026-06-06,200.0,161.82,Jaipur,true
Laptop,E-waste,computer,Vaishali Nagar,piece,7.0,mixed,23,2026-03-28,200.0,202.76,Jaipur,true
Laptop,E-waste,computer,Patrakar Colony,piece,4.0,mixed,140,2026-07-23,200.0,175.77,Jaipur,true
Laptop,E-waste,computer,Mansarovar,piece,9.0,clean,102,2026-06-15,200.0,205.79,Jaipur,true
Laptop,E-waste,computer,Malviya Nagar,piece,4.0,clean,133,2026-07-16,200.0,177.4,Jaipur,true
Laptop,E-waste,computer,Vaishali Nagar,piece,7.0,mixed,0,2026-03-05,200.0,216.99,Jaipur,true
Laptop,E-waste,computer,Gopalpura,piece,8.0,mixed,139,2026-07-22,200.0,183.59,Jaipur,true
Laptop,E-waste,computer,Malviya Nagar,piece,6.0,dirty,15,2026-03-20,200.0,154.24,Jaipur,true
Laptop,E-waste,computer,Tonk Road,piece,6.0,mixed,160,2026-08-12,200.0,204.83,Jaipur,true
Laptop,E-waste,computer,Sodala,piece,4.0,mixed,99,2026-06-12,200.0,168.19,Jaipur,true
Laptop,E-waste,computer,Vaishali Nagar,piece,7.0,dirty,121,2026-07-04,200.0,167.69,Jaipur,true
Laptop,E-waste,computer,Malviya Nagar,piece,3.0,mixed,132,2026-07-15,200.0,173.19,Jaipur,true
Laptop,E-waste,computer,Sodala,piece,10.0,clean,36,2026-04-10,200.0,193.11,Jaipur,true
Laptop,E-waste,computer,Mahesh Nagar,piece,2.0,dirty,52,2026-04-26,200.0,157.58,Jaipur,true
Laptop,E-waste,computer,Raja Park,piece,2.0,mixed,70,2026-05-14,200.0,166.33,Jaipur,true
Laptop,E-waste,computer,Ramnagariya,piece,1.0,mixed,47,2026-04-21,200.0,166.44,Jaipur,true
Laptop,E-waste,computer,Sodala,piece,4.0,mixed,89,2026-06-02,200.0,159.76,Jaipur,true
Laptop,E-waste,computer,Gopalpura,piece,1.0,mixed,144,2026-07-27,200.0,177.44,Jaipur,true
Laptop,E-waste,computer,Civil Lines,piece,7.0,mixed,171,2026-08-23,200.0,217.74,Jaipur,true
Laptop,E-waste,computer,Shyam Nagar,piece,5.0,mixed,124,2026-07-07,200.0,171.73,Jaipur,true
Laptop,E-waste,computer,Tonk Road,piece,6.0,clean,35,2026-04-09,200.0,193.95,Jaipur,true
Laptop,E-waste,computer,Adarsh Nagar,piece,10.0,mixed,114,2026-06-27,200.0,174.99,Jaipur,true
Laptop,E-waste,computer,Model Town,piece,3.0,dirty,147,2026-07-30,200.0,163.95,Jaipur,true
Laptop,E-waste,computer,C-Scheme,piece,9.0,mixed,40,2026-04-14,200.0,191.62,Jaipur,true
Laptop,E-waste,computer,C-Scheme,piece,9.0,dirty,124,2026-07-07,200.0,155.29,Jaipur,true
Laptop,E-waste,computer,Ramnagariya,piece,10.0,dirty,91,2026-06-04,200.0,132.66,Jaipur,true
Laptop,E-waste,computer,Raja Park,piece,6.0,damaged,156,2026-08-08,200.0,160.48,Jaipur,true
Laptop,E-waste,computer,MI Road,piece,11.0,damaged,30,2026-04-04,200.0,133.5,Jaipur,true
Laptop,E-waste,computer,Malviya Nagar,piece,3.0,mixed,91,2026-06-04,200.0,152.21,Jaipur,true
Laptop,E-waste,computer,Ramnagariya,piece,9.0,dirty,173,2026-08-25,200.0,165.63,Jaipur,true
Laptop,E-waste,computer,Vaishali Nagar,piece,7.0,clean,153,2026-08-05,200.0,229.53,Jaipur,true
Laptop,E-waste,computer,C-Scheme,piece,8.0,dirty,36,2026-04-10,200.0,158.67,Jaipur,true
Laptop,E-waste,computer,Malviya Nagar,piece,3.0,mixed,56,2026-04-30,200.0,163.24,Jaipur,true
Laptop,E-waste,computer,Civil Lines,piece,1.0,dirty,40,2026-04-14,200.0,162.42,Jaipur,true
Laptop,E-waste,computer,Model Town,piece,6.0,mixed,128,2026-07-11,200.0,188.05,Jaipur,true
Laptop,E-waste,computer,Vaishali Nagar,piece,4.0,mixed,177,2026-08-29,200.0,218.81,Jaipur,true
Laptop,E-waste,computer,Vaishali Nagar,piece,5.0,mixed,36,2026-04-10,200.0,193.19,Jaipur,true
Laptop,E-waste,computer,C-Scheme,piece,1.0,dirty,92,2026-06-05,200.0,137.84,Jaipur,true
Laptop,E-waste,computer,Chandpole,piece,6.0,mixed,26,2026-03-31,200.0,195.57,Jaipur,true
Laptop,E-waste,computer,Civil Lines,piece,7.0,dirty,160,2026-08-12,200.0,188.16,Jaipur,true
Laptop,E-waste,computer,Durgapura,piece,2.0,dirty,172,2026-08-24,200.0,173.11,Jaipur,true
Laptop,E-waste,computer,Civil Lines,piece,4.0,damaged,61,2026-05-05,200.0,132.44,Jaipur,true
Laptop,E-waste,computer,Airport Area,piece,7.0,dirty,74,2026-05-18,200.0,144.53,Jaipur,true
Laptop,E-waste,computer,Ramnagariya,piece,8.0,mixed,5,2026-03-10,200.0,189.84,Jaipur,true
Laptop,E-waste,computer,Raja Park,piece,4.0,mixed,76,2026-05-20,200.0,163.0,Jaipur,true
Laptop,E-waste,computer,MI Road,piece,7.0,mixed,2,2026-03-07,200.0,193.5,Jaipur,true
Laptop,E-waste,computer,Gopalpura,piece,4.0,clean,74,2026-05-18,200.0,163.77,Jaipur,true
Laptop,E-waste,computer,Adarsh Nagar,piece,3.0,clean,37,2026-04-11,200.0,181.5,Jaipur,true
Laptop,E-waste,computer,Malviya Nagar,piece,3.0,clean,102,2026-06-15,200.0,174.26,Jaipur,true
Laptop,E-waste,computer,Patrakar Colony,piece,1.0,mixed,57,2026-05-01,200.0,162.53,Jaipur,true
Laptop,E-waste,computer,Tonk Road,piece,8.0,mixed,2,2026-03-07,200.0,193.3,Jaipur,true
Laptop,E-waste,computer,Adarsh Nagar,piece,6.0,mixed,54,2026-04-28,200.0,171.52,Jaipur,true
Laptop,E-waste,computer,Malviya Nagar,piece,7.0,dirty,143,2026-07-26,200.0,152.19,Jaipur,true
Laptop,E-waste,computer,Adarsh Nagar,piece,3.0,clean,23,2026-03-28,200.0,181.18,Jaipur,true
Laptop,E-waste,computer,Chandpole,piece,1.0,mixed,83,2026-05-27,200.0,171.93,Jaipur,true
Laptop,E-waste,computer,Hasanpura,piece,4.0,dirty,18,2026-03-23,200.0,169.3,Jaipur,true
Laptop,E-waste,computer,Mahesh Nagar,piece,8.0,clean,178,2026-08-30,200.0,232.27,Jaipur,true
Laptop,E-waste,computer,Airport Area,piece,1.0,dirty,126,2026-07-09,200.0,153.11,Jaipur,true
Laptop,E-waste,computer,C-Scheme,piece,5.0,dirty,21,2026-03-26,200.0,155.51,Jaipur,true
Laptop,E-waste,computer,Adarsh Nagar,piece,9.0,mixed,161,2026-08-13,200.0,200.29,Jaipur,true
Laptop,E-waste,computer,Barkat Nagar,piece,6.0,mixed,19,2026-03-24,200.0,202.19,Jaipur,true
Laptop,E-waste,computer,Raja Park,piece,8.0,mixed,72,2026-05-16,200.0,170.27,Jaipur,true
Laptop,E-waste,computer,Vaishali Nagar,piece,1.0,dirty,15,2026-03-20,200.0,170.07,Jaipur,true
Laptop,E-waste,computer,Patrakar Colony,piece,3.0,clean,157,2026-08-09,200.0,199.17,Jaipur,true
Laptop,E-waste,computer,Mansarovar,piece,11.0,clean,53,2026-04-27,200.0,201.34,Jaipur,true
Laptop,E-waste,computer,Hasanpura,piece,1.0,clean,83,2026-05-27,200.0,186.11,Jaipur,true
Laptop,E-waste,computer,Gopalpura,piece,4.0,mixed,107,2026-06-20,200.0,168.1,Jaipur,true
Laptop,E-waste,computer,C-Scheme,piece,4.0,clean,66,2026-05-10,200.0,175.5,Jaipur,true
Laptop,E-waste,computer,Malviya Nagar,piece,3.0,clean,29,2026-04-03,200.0,182.1,Jaipur,true
Laptop,E-waste,computer,Mansarovar,piece,5.0,mixed,62,2026-05-06,200.0,187.07,Jaipur,true
Laptop,E-waste,computer,Civil Lines,piece,9.0,dirty,41,2026-04-15,200.0,162.36,Jaipur,true
Laptop,E-waste,computer,Raja Park,piece,5.0,damaged,94,2026-06-07,200.0,122.25,Jaipur,true
Television (LCD/LED),E-waste,display,Ramnagariya,piece,7.0,damaged,21,2026-03-26,100.0,66.03,Jaipur,true
Television (LCD/LED),E-waste,display,Mahesh Nagar,piece,10.0,mixed,49,2026-04-23,100.0,97.49,Jaipur,true
Television (LCD/LED),E-waste,display,Malviya Nagar,piece,6.0,mixed,62,2026-05-06,100.0,84.03,Jaipur,true
Television (LCD/LED),E-waste,display,Patrakar Colony,piece,7.0,dirty,141,2026-07-24,100.0,76.92,Jaipur,true
Television (LCD/LED),E-waste,display,Gopalpura,piece,8.0,dirty,74,2026-05-18,100.0,68.28,Jaipur,true
Television (LCD/LED),E-waste,display,Patrakar Colony,piece,3.0,mixed,35,2026-04-09,100.0,88.65,Jaipur,true
Television (LCD/LED),E-waste,display,Raja Park,piece,6.0,clean,124,2026-07-07,100.0,96.41,Jaipur,true
Television (LCD/LED),E-waste,display,Patrakar Colony,piece,2.0,clean,16,2026-03-21,100.0,90.87,Jaipur,true
Television (LCD/LED),E-waste,display,Malviya Nagar,piece,11.0,mixed,53,2026-04-27,100.0,83.62,Jaipur,true
Television (LCD/LED),E-waste,display,Model Town,piece,1.0,mixed,112,2026-06-25,100.0,90.19,Jaipur,true
Television (LCD/LED),E-waste,display,Sodala,piece,7.0,mixed,68,2026-05-12,100.0,85.5,Jaipur,true
Television (LCD/LED),E-waste,display,Tonk Road,piece,11.0,damaged,174,2026-08-26,100.0,74.02,Jaipur,true
Television (LCD/LED),E-waste,display,Patrakar Colony,piece,8.0,dirty,134,2026-07-17,100.0,75.58,Jaipur,true
Television (LCD/LED),E-waste,display,Barkat Nagar,piece,9.0,mixed,141,2026-07-24,100.0,101.91,Jaipur,true
Television (LCD/LED),E-waste,display,Hasanpura,piece,9.0,clean,103,2026-06-16,100.0,102.25,Jaipur,true
Television (LCD/LED),E-waste,display,Malviya Nagar,piece,7.0,mixed,125,2026-07-08,100.0,85.47,Jaipur,true
Television (LCD/LED),E-waste,display,Nirman Nagar,piece,1.0,dirty,56,2026-04-30,100.0,75.4,Jaipur,true
Television (LCD/LED),E-waste,display,Barkat Nagar,piece,1.0,mixed,133,2026-07-16,100.0,95.24,Jaipur,true
Television (LCD/LED),E-waste,display,C-Scheme,piece,9.0,damaged,26,2026-03-31,100.0,71.02,Jaipur,true
Television (LCD/LED),E-waste,display,Mahesh Nagar,piece,11.0,mixed,145,2026-07-28,100.0,101.74,Jaipur,true
Television (LCD/LED),E-waste,display,Shyam Nagar,piece,2.0,mixed,46,2026-04-20,100.0,85.17,Jaipur,true
Television (LCD/LED),E-waste,display,Barkat Nagar,piece,8.0,clean,139,2026-07-22,100.0,106.05,Jaipur,true
Television (LCD/LED),E-waste,display,Gopalpura,piece,1.0,mixed,18,2026-03-23,100.0,89.98,Jaipur,true
Television (LCD/LED),E-waste,display,Raja Park,piece,3.0,mixed,126,2026-07-09,100.0,88.93,Jaipur,true
Television (LCD/LED),E-waste,display,Patrakar Colony,piece,9.0,mixed,177,2026-08-29,100.0,99.33,Jaipur,true
Television (LCD/LED),E-waste,display,Barkat Nagar,piece,2.0,mixed,75,2026-05-19,100.0,85.8,Jaipur,true
Television (LCD/LED),E-waste,display,C-Scheme,piece,6.0,mixed,139,2026-07-22,100.0,95.44,Jaipur,true
Television (LCD/LED),E-waste,display,C-Scheme,piece,3.0,mixed,75,2026-05-19,100.0,81.08,Jaipur,true
Television (LCD/LED),E-waste,display,Malviya Nagar,piece,7.0,damaged,151,2026-08-03,100.0,69.33,Jaipur,true
Television (LCD/LED),E-waste,display,Model Town,piece,11.0,mixed,72,2026-05-16,100.0,85.75,Jaipur,true
Television (LCD/LED),E-waste,display,Chandpole,piece,8.0,mixed,0,2026-03-05,100.0,105.1,Jaipur,true
Television (LCD/LED),E-waste,display,Airport Area,piece,1.0,dirty,26,2026-03-31,100.0,79.55,Jaipur,true
Television (LCD/LED),E-waste,display,Model Town,piece,6.0,clean,93,2026-06-06,100.0,88.78,Jaipur,true
Television (LCD/LED),E-waste,display,Durgapura,piece,11.0,dirty,1,2026-03-06,100.0,86.25,Jaipur,true
Television (LCD/LED),E-waste,display,Mansarovar,piece,2.0,clean,142,2026-07-25,100.0,105.71,Jaipur,true
Television (LCD/LED),E-waste,display,Airport Area,piece,2.0,clean,56,2026-04-30,100.0,92.95,Jaipur,true
Television (LCD/LED),E-waste,display,Adarsh Nagar,piece,6.0,mixed,86,2026-05-30,100.0,78.03,Jaipur,true
Television (LCD/LED),E-waste,display,Airport Area,piece,7.0,mixed,149,2026-08-01,100.0,98.63,Jaipur,true
Television (LCD/LED),E-waste,display,Mahesh Nagar,piece,4.0,mixed,15,2026-03-20,100.0,100.2,Jaipur,true
Television (LCD/LED),E-waste,display,Tonk Road,piece,2.0,clean,130,2026-07-13,100.0,89.87,Jaipur,true
Television (LCD/LED),E-waste,display,Hasanpura,piece,11.0,mixed,164,2026-08-16,100.0,113.64,Jaipur,true
Television (LCD/LED),E-waste,display,Adarsh Nagar,piece,11.0,dirty,17,2026-03-22,100.0,77.86,Jaipur,true
Television (LCD/LED),E-waste,display,C-Scheme,piece,9.0,dirty,59,2026-05-03,100.0,74.31,Jaipur,true
Television (LCD/LED),E-waste,display,C-Scheme,piece,10.0,dirty,108,2026-06-21,100.0,77.87,Jaipur,true
Television (LCD/LED),E-waste,display,Chandpole,piece,10.0,clean,137,2026-07-20,100.0,102.41,Jaipur,true
Television (LCD/LED),E-waste,display,Model Town,piece,7.0,clean,77,2026-05-21,100.0,88.78,Jaipur,true
Television (LCD/LED),E-waste,display,C-Scheme,piece,10.0,dirty,42,2026-04-16,100.0,80.64,Jaipur,true
Television (LCD/LED),E-waste,display,Chandpole,piece,11.0,mixed,99,2026-06-12,100.0,90.79,Jaipur,true
Television (LCD/LED),E-waste,display,MI Road,piece,1.0,mixed,125,2026-07-08,100.0,84.11,Jaipur,true
Television (LCD/LED),E-waste,display,Airport Area,piece,3.0,mixed,71,2026-05-15,100.0,82.86,Jaipur,true
Television (LCD/LED),E-waste,display,Raja Park,piece,3.0,mixed,77,2026-05-21,100.0,81.5,Jaipur,true
Television (LCD/LED),E-waste,display,Airport Area,piece,2.0,clean,71,2026-05-15,100.0,87.01,Jaipur,true
Television (LCD/LED),E-waste,display,Durgapura,piece,10.0,damaged,132,2026-07-15,100.0,71.62,Jaipur,true
Television (LCD/LED),E-waste,display,Ramnagariya,piece,7.0,damaged,26,2026-03-31,100.0,66.36,Jaipur,true
Television (LCD/LED),E-waste,display,Shyam Nagar,piece,3.0,mixed,23,2026-03-28,100.0,89.4,Jaipur,true
Television (LCD/LED),E-waste,display,Adarsh Nagar,piece,6.0,dirty,134,2026-07-17,100.0,75.16,Jaipur,true
Television (LCD/LED),E-waste,display,Adarsh Nagar,piece,11.0,mixed,14,2026-03-19,100.0,90.04,Jaipur,true
Television (LCD/LED),E-waste,display,Barkat Nagar,piece,8.0,mixed,60,2026-05-04,100.0,93.06,Jaipur,true
Television (LCD/LED),E-waste,display,Ramnagariya,piece,2.0,damaged,6,2026-03-11,100.0,68.48,Jaipur,true
Television (LCD/LED),E-waste,display,Civil Lines,piece,7.0,dirty,108,2026-06-21,100.0,79.98,Jaipur,true
Television (LCD/LED),E-waste,display,Patrakar Colony,piece,6.0,clean,60,2026-05-04,100.0,86.76,Jaipur,true
Television (LCD/LED),E-waste,display,Ramnagariya,piece,5.0,mixed,171,2026-08-23,100.0,96.15,Jaipur,true
Television (LCD/LED),E-waste,display,Malviya Nagar,piece,8.0,clean,122,2026-07-05,100.0,91.75,Jaipur,true
Television (LCD/LED),E-waste,display,Tonk Road,piece,2.0,mixed,159,2026-08-11,100.0,97.34,Jaipur,true
Television (LCD/LED),E-waste,display,Adarsh Nagar,piece,4.0,dirty,56,2026-04-30,100.0,69.06,Jaipur,true
Television (LCD/LED),E-waste,display,Civil Lines,piece,1.0,mixed,74,2026-05-18,100.0,83.28,Jaipur,true
Television (LCD/LED),E-waste,display,Vaishali Nagar,piece,10.0,clean,172,2026-08-24,100.0,116.83,Jaipur,true
Television (LCD/LED),E-waste,display,Durgapura,piece,11.0,dirty,67,2026-05-11,100.0,72.73,Jaipur,true
Television (LCD/LED),E-waste,display,Durgapura,piece,8.0,mixed,20,2026-03-25,100.0,94.62,Jaipur,true
Television (LCD/LED),E-waste,display,Hasanpura,piece,4.0,clean,39,2026-04-13,100.0,107.64,Jaipur,true
Television (LCD/LED),E-waste,display,Durgapura,piece,1.0,dirty,124,2026-07-07,100.0,75.75,Jaipur,true
Television (LCD/LED),E-waste,display,Malviya Nagar,piece,7.0,mixed,8,2026-03-13,100.0,91.42,Jaipur,true
Television (LCD/LED),E-waste,display,Vaishali Nagar,piece,10.0,dirty,147,2026-07-30,100.0,88.89,Jaipur,true
Television (LCD/LED),E-waste,display,Adarsh Nagar,piece,11.0,mixed,49,2026-04-23,100.0,85.32,Jaipur,true
Television (LCD/LED),E-waste,display,Raja Park,piece,11.0,clean,62,2026-05-06,100.0,94.49,Jaipur,true
Television (LCD/LED),E-waste,display,Adarsh Nagar,piece,5.0,clean,118,2026-07-01,100.0,87.52,Jaipur,true
Television (LCD/LED),E-waste,display,Barkat Nagar,piece,4.0,dirty,79,2026-05-23,100.0,72.93,Jaipur,true
Television (LCD/LED),E-waste,display,Malviya Nagar,piece,11.0,mixed,126,2026-07-09,100.0,85.53,Jaipur,true
Television (LCD/LED),E-waste,display,Gopalpura,piece,8.0,mixed,167,2026-08-19,100.0,100.1,Jaipur,true
Television (LCD/LED),E-waste,display,Shyam Nagar,piece,6.0,mixed,98,2026-06-11,100.0,85.69,Jaipur,true
Television (LCD/LED),E-waste,display,Gopalpura,piece,11.0,mixed,155,2026-08-07,100.0,100.52,Jaipur,true
Television (LCD/LED),E-waste,display,Chandpole,piece,9.0,damaged,162,2026-08-14,100.0,82.35,Jaipur,true
Television (LCD/LED),E-waste,display,C-Scheme,piece,9.0,damaged,59,2026-05-03,100.0,65.57,Jaipur,true
Television (LCD/LED),E-waste,display,Patrakar Colony,piece,11.0,mixed,53,2026-04-27,100.0,83.72,Jaipur,true
Television (LCD/LED),E-waste,display,Model Town,piece,5.0,mixed,134,2026-07-17,100.0,93.02,Jaipur,true
Television (LCD/LED),E-waste,display,Nirman Nagar,piece,10.0,damaged,18,2026-03-23,100.0,73.72,Jaipur,true
Television (LCD/LED),E-waste,display,Civil Lines,piece,6.0,dirty,160,2026-08-12,100.0,94.08,Jaipur,true
Television (LCD/LED),E-waste,display,Adarsh Nagar,piece,11.0,clean,105,2026-06-18,100.0,89.35,Jaipur,true
Television (LCD/LED),E-waste,display,Barkat Nagar,piece,1.0,clean,162,2026-08-14,100.0,114.7,Jaipur,true
Television (LCD/LED),E-waste,display,Tonk Road,piece,4.0,dirty,155,2026-08-07,100.0,81.97,Jaipur,true
Television (CRT),E-waste,display,Vaishali Nagar,piece,3.0,clean,26,2026-03-31,150.0,154.35,Jaipur,true
Television (CRT),E-waste,display,Model Town,piece,2.0,damaged,11,2026-03-16,150.0,104.85,Jaipur,true
Television (CRT),E-waste,display,Model Town,piece,8.0,damaged,121,2026-07-04,150.0,105.4,Jaipur,true
Television (CRT),E-waste,display,Civil Lines,piece,10.0,dirty,38,2026-04-12,150.0,127.16,Jaipur,true
Television (CRT),E-waste,display,Nirman Nagar,piece,8.0,clean,177,2026-08-29,150.0,169.83,Jaipur,true
Television (CRT),E-waste,display,Mahesh Nagar,piece,3.0,clean,57,2026-05-01,150.0,145.43,Jaipur,true
Television (CRT),E-waste,display,Adarsh Nagar,piece,1.0,mixed,20,2026-03-25,150.0,128.13,Jaipur,true
Television (CRT),E-waste,display,Gopalpura,piece,7.0,clean,97,2026-06-10,150.0,129.88,Jaipur,true
Television (CRT),E-waste,display,Gopalpura,piece,9.0,mixed,124,2026-07-07,150.0,131.79,Jaipur,true
Television (CRT),E-waste,display,Sodala,piece,8.0,clean,71,2026-05-15,150.0,130.09,Jaipur,true
Television (CRT),E-waste,display,Airport Area,piece,4.0,clean,172,2026-08-24,150.0,162.49,Jaipur,true
Television (CRT),E-waste,display,Sodala,piece,5.0,mixed,23,2026-03-28,150.0,136.45,Jaipur,true
Television (CRT),E-waste,display,Mahesh Nagar,piece,10.0,clean,146,2026-07-29,150.0,161.06,Jaipur,true
Television (CRT),E-waste,display,Civil Lines,piece,4.0,mixed,19,2026-03-24,150.0,142.9,Jaipur,true
Television (CRT),E-waste,display,Adarsh Nagar,piece,7.0,mixed,102,2026-06-15,150.0,127.63,Jaipur,true
Television (CRT),E-waste,display,Vaishali Nagar,piece,4.0,mixed,59,2026-05-03,150.0,135.72,Jaipur,true
Television (CRT),E-waste,display,Vaishali Nagar,piece,10.0,mixed,80,2026-05-24,150.0,136.75,Jaipur,true
Television (CRT),E-waste,display,Barkat Nagar,piece,7.0,dirty,167,2026-08-19,150.0,140.42,Jaipur,true
Television (CRT),E-waste,display,Hasanpura,piece,3.0,mixed,171,2026-08-23,150.0,164.33,Jaipur,true
Television (CRT),E-waste,display,Civil Lines,piece,7.0,dirty,36,2026-04-10,150.0,122.23,Jaipur,true
Television (CRT),E-waste,display,MI Road,piece,6.0,mixed,129,2026-07-12,150.0,134.26,Jaipur,true
Television (CRT),E-waste,display,Chandpole,piece,5.0,clean,131,2026-07-14,150.0,147.38,Jaipur,true
Television (CRT),E-waste,display,Malviya Nagar,piece,4.0,mixed,169,2026-08-21,150.0,147.01,Jaipur,true
Television (CRT),E-waste,display,C-Scheme,piece,10.0,clean,120,2026-07-03,150.0,146.96,Jaipur,true
Television (CRT),E-waste,display,Shyam Nagar,piece,9.0,mixed,40,2026-04-14,150.0,139.14,Jaipur,true
Television (CRT),E-waste,display,Shyam Nagar,piece,1.0,damaged,27,2026-04-01,150.0,101.01,Jaipur,true
Television (CRT),E-waste,display,Adarsh Nagar,piece,3.0,mixed,137,2026-07-20,150.0,128.52,Jaipur,true
Television (CRT),E-waste,display,Tonk Road,piece,9.0,dirty,96,2026-06-09,150.0,105.34,Jaipur,true
Television (CRT),E-waste,display,Sodala,piece,4.0,mixed,66,2026-05-10,150.0,123.5,Jaipur,true
Television (CRT),E-waste,display,Raja Park,piece,8.0,damaged,74,2026-05-18,150.0,94.44,Jaipur,true
Television (CRT),E-waste,display,Shyam Nagar,piece,4.0,dirty,128,2026-07-11,150.0,111.3,Jaipur,true
Television (CRT),E-waste,display,Gopalpura,piece,6.0,clean,65,2026-05-09,150.0,132.76,Jaipur,true
Television (CRT),E-waste,display,Barkat Nagar,piece,7.0,clean,24,2026-03-29,150.0,160.36,Jaipur,true
Television (CRT),E-waste,display,C-Scheme,piece,10.0,mixed,37,2026-04-11,150.0,142.91,Jaipur,true
Television (CRT),E-waste,display,Model Town,piece,11.0,clean,127,2026-07-10,150.0,145.21,Jaipur,true
Television (CRT),E-waste,display,Vaishali Nagar,piece,1.0,mixed,87,2026-05-31,150.0,129.65,Jaipur,true
Television (CRT),E-waste,display,Barkat Nagar,piece,10.0,damaged,57,2026-05-01,150.0,106.05,Jaipur,true
Television (CRT),E-waste,display,Adarsh Nagar,piece,9.0,mixed,170,2026-08-22,150.0,149.35,Jaipur,true
Television (CRT),E-waste,display,Tonk Road,piece,10.0,mixed,67,2026-05-11,150.0,121.39,Jaipur,true
Television (CRT),E-waste,display,Patrakar Colony,piece,5.0,mixed,103,2026-06-16,150.0,125.17,Jaipur,true
Television (CRT),E-waste,display,C-Scheme,piece,6.0,clean,125,2026-07-08,150.0,143.42,Jaipur,true
Television (CRT),E-waste,display,Model Town,piece,2.0,dirty,90,2026-06-03,150.0,105.35,Jaipur,true
Television (CRT),E-waste,display,Durgapura,piece,9.0,clean,15,2026-03-20,150.0,152.99,Jaipur,true
Television (CRT),E-waste,display,Hasanpura,piece,8.0,dirty,165,2026-08-17,150.0,143.33,Jaipur,true
Television (CRT),E-waste,display,Adarsh Nagar,piece,9.0,mixed,156,2026-08-08,150.0,149.18,Jaipur,true
Television (CRT),E-waste,display,Airport Area,piece,2.0,mixed,116,2026-06-29,150.0,140.98,Jaipur,true
Television (CRT),E-waste,display,C-Scheme,piece,5.0,mixed,136,2026-07-19,150.0,134.49,Jaipur,true
Television (CRT),E-waste,display,MI Road,piece,9.0,dirty,76,2026-05-20,150.0,101.31,Jaipur,true
Television (CRT),E-waste,display,Barkat Nagar,piece,3.0,clean,169,2026-08-21,150.0,174.03,Jaipur,true
Television (CRT),E-waste,display,Airport Area,piece,1.0,mixed,16,2026-03-21,150.0,140.64,Jaipur,true
Television (CRT),E-waste,display,Adarsh Nagar,piece,3.0,mixed,102,2026-06-15,150.0,123.91,Jaipur,true
Television (CRT),E-waste,display,Model Town,piece,7.0,mixed,102,2026-06-15,150.0,138.3,Jaipur,true
Television (CRT),E-waste,display,Chandpole,piece,8.0,mixed,118,2026-07-01,150.0,142.32,Jaipur,true
Television (CRT),E-waste,display,Tonk Road,piece,7.0,clean,120,2026-07-03,150.0,139.67,Jaipur,true
Television (CRT),E-waste,display,Gopalpura,piece,8.0,mixed,131,2026-07-14,150.0,134.66,Jaipur,true
Television (CRT),E-waste,display,C-Scheme,piece,5.0,mixed,99,2026-06-12,150.0,128.04,Jaipur,true
Television (CRT),E-waste,display,Chandpole,piece,7.0,mixed,110,2026-06-23,150.0,139.59,Jaipur,true
Television (CRT),E-waste,display,C-Scheme,piece,9.0,mixed,152,2026-08-04,150.0,150.72,Jaipur,true
Television (CRT),E-waste,display,Malviya Nagar,piece,10.0,clean,124,2026-07-07,150.0,135.04,Jaipur,true
Television (CRT),E-waste,display,Barkat Nagar,piece,11.0,damaged,147,2026-07-30,150.0,116.8,Jaipur,true
Television (CRT),E-waste,display,Mansarovar,piece,4.0,clean,5,2026-03-10,150.0,167.17,Jaipur,true
Television (CRT),E-waste,display,Adarsh Nagar,piece,3.0,dirty,30,2026-04-04,150.0,108.19,Jaipur,true
Television (CRT),E-waste,display,MI Road,piece,4.0,dirty,69,2026-05-13,150.0,100.22,Jaipur,true
Television (CRT),E-waste,display,Tonk Road,piece,5.0,mixed,130,2026-07-13,150.0,128.38,Jaipur,true
Television (CRT),E-waste,display,Civil Lines,piece,10.0,damaged,75,2026-05-19,150.0,96.5,Jaipur,true
Television (CRT),E-waste,display,Durgapura,piece,10.0,mixed,141,2026-07-24,150.0,145.15,Jaipur,true
Television (CRT),E-waste,display,Ramnagariya,piece,7.0,mixed,37,2026-04-11,150.0,133.53,Jaipur,true
Television (CRT),E-waste,display,Hasanpura,piece,7.0,mixed,82,2026-05-26,150.0,139.49,Jaipur,true
Television (CRT),E-waste,display,Raja Park,piece,3.0,mixed,163,2026-08-15,150.0,154.94,Jaipur,true
Television (CRT),E-waste,display,MI Road,piece,7.0,clean,98,2026-06-11,150.0,132.63,Jaipur,true
Television (CRT),E-waste,display,Civil Lines,piece,7.0,dirty,77,2026-05-21,150.0,109.37,Jaipur,true
Television (CRT),E-waste,display,Gopalpura,piece,5.0,mixed,124,2026-07-07,150.0,127.95,Jaipur,true
Television (CRT),E-waste,display,Durgapura,piece,5.0,damaged,98,2026-06-11,150.0,97.14,Jaipur,true
Television (CRT),E-waste,display,Patrakar Colony,piece,8.0,mixed,20,2026-03-25,150.0,132.72,Jaipur,true
Television (CRT),E-waste,display,Ramnagariya,piece,4.0,damaged,96,2026-06-09,150.0,88.72,Jaipur,true
Television (CRT),E-waste,display,Gopalpura,piece,10.0,dirty,155,2026-08-07,150.0,128.16,Jaipur,true
Television (CRT),E-waste,display,MI Road,piece,6.0,dirty,93,2026-06-06,150.0,101.31,Jaipur,true
Television (CRT),E-waste,display,Patrakar Colony,piece,11.0,dirty,109,2026-06-22,150.0,108.85,Jaipur,true
Television (CRT),E-waste,display,Civil Lines,piece,4.0,mixed,80,2026-05-24,150.0,127.93,Jaipur,true
Television (CRT),E-waste,display,Raja Park,piece,4.0,clean,87,2026-05-31,150.0,128.37,Jaipur,true
Television (CRT),E-waste,display,Durgapura,piece,7.0,clean,77,2026-05-21,150.0,132.17,Jaipur,true
Television (CRT),E-waste,display,Mahesh Nagar,piece,9.0,mixed,128,2026-07-11,150.0,148.73,Jaipur,true
Television (CRT),E-waste,display,Malviya Nagar,piece,9.0,mixed,104,2026-06-17,150.0,128.08,Jaipur,true
Television (CRT),E-waste,display,Gopalpura,piece,11.0,mixed,53,2026-04-27,150.0,128.53,Jaipur,true
Television (CRT),E-waste,display,Mahesh Nagar,piece,6.0,clean,121,2026-07-04,150.0,155.61,Jaipur,true
Television (CRT),E-waste,display,Nirman Nagar,piece,2.0,clean,14,2026-03-19,150.0,150.32,Jaipur,true
Television (CRT),E-waste,display,Barkat Nagar,piece,4.0,dirty,42,2026-04-16,150.0,124.27,Jaipur,true
Television (CRT),E-waste,display,Model Town,piece,1.0,clean,67,2026-05-11,150.0,131.83,Jaipur,true
Television (CRT),E-waste,display,Chandpole,piece,9.0,damaged,40,2026-04-14,150.0,111.31,Jaipur,true
Television (CRT),E-waste,display,Hasanpura,piece,9.0,mixed,119,2026-07-02,150.0,148.91,Jaipur,true
Monitor (LCD/LED),E-waste,display,Tonk Road,piece,6.0,mixed,9,2026-03-14,100.0,91.18,Jaipur,true
Monitor (LCD/LED),E-waste,display,Mansarovar,piece,9.0,mixed,165,2026-08-17,100.0,113.64,Jaipur,true
Monitor (LCD/LED),E-waste,display,Durgapura,piece,3.0,clean,176,2026-08-28,100.0,107.94,Jaipur,true
Monitor (LCD/LED),E-waste,display,Vaishali Nagar,piece,6.0,dirty,25,2026-03-30,100.0,87.24,Jaipur,true
Monitor (LCD/LED),E-waste,display,Shyam Nagar,piece,10.0,damaged,37,2026-04-11,100.0,69.18,Jaipur,true
Monitor (LCD/LED),E-waste,display,Ramnagariya,piece,3.0,mixed,121,2026-07-04,100.0,83.94,Jaipur,true
Monitor (LCD/LED),E-waste,display,Raja Park,piece,10.0,clean,3,2026-03-08,100.0,106.67,Jaipur,true
Monitor (LCD/LED),E-waste,display,Mansarovar,piece,4.0,dirty,177,2026-08-29,100.0,93.88,Jaipur,true
Monitor (LCD/LED),E-waste,display,Adarsh Nagar,piece,8.0,mixed,162,2026-08-14,100.0,99.35,Jaipur,true
Monitor (LCD/LED),E-waste,display,Ramnagariya,piece,5.0,mixed,26,2026-03-31,100.0,85.9,Jaipur,true
Monitor (LCD/LED),E-waste,display,Raja Park,piece,1.0,damaged,118,2026-07-01,100.0,67.25,Jaipur,true
Monitor (LCD/LED),E-waste,display,Tonk Road,piece,2.0,mixed,86,2026-05-30,100.0,77.06,Jaipur,true
Monitor (LCD/LED),E-waste,display,Chandpole,piece,11.0,mixed,136,2026-07-19,100.0,95.37,Jaipur,true
Monitor (LCD/LED),E-waste,display,Sodala,piece,1.0,mixed,43,2026-04-17,100.0,88.87,Jaipur,true
Monitor (LCD/LED),E-waste,display,Mahesh Nagar,piece,4.0,dirty,111,2026-06-24,100.0,79.54,Jaipur,true
Monitor (LCD/LED),E-waste,display,Adarsh Nagar,piece,8.0,damaged,159,2026-08-11,100.0,73.93,Jaipur,true
Monitor (LCD/LED),E-waste,display,Tonk Road,piece,8.0,clean,172,2026-08-24,100.0,104.16,Jaipur,true
Monitor (LCD/LED),E-waste,display,MI Road,piece,6.0,dirty,139,2026-07-22,100.0,77.18,Jaipur,true
Monitor (LCD/LED),E-waste,display,Gopalpura,piece,10.0,mixed,88,2026-06-01,100.0,80.33,Jaipur,true
Monitor (LCD/LED),E-waste,display,Sodala,piece,6.0,dirty,28,2026-04-02,100.0,78.8,Jaipur,true
Monitor (LCD/LED),E-waste,display,Nirman Nagar,piece,8.0,clean,171,2026-08-23,100.0,113.53,Jaipur,true
Monitor (LCD/LED),E-waste,display,Tonk Road,piece,7.0,dirty,39,2026-04-13,100.0,80.12,Jaipur,true
Monitor (LCD/LED),E-waste,display,Gopalpura,piece,11.0,damaged,126,2026-07-09,100.0,65.73,Jaipur,true
Monitor (LCD/LED),E-waste,display,Raja Park,piece,6.0,dirty,107,2026-06-20,100.0,76.91,Jaipur,true
Monitor (LCD/LED),E-waste,display,Tonk Road,piece,11.0,clean,135,2026-07-18,100.0,91.47,Jaipur,true
Monitor (LCD/LED),E-waste,display,Gopalpura,piece,10.0,dirty,144,2026-07-27,100.0,77.68,Jaipur,true
Monitor (LCD/LED),E-waste,display,Raja Park,piece,10.0,dirty,101,2026-06-14,100.0,76.64,Jaipur,true
Monitor (LCD/LED),E-waste,display,Model Town,piece,4.0,clean,162,2026-08-14,100.0,109.74,Jaipur,true
Monitor (LCD/LED),E-waste,display,Tonk Road,piece,2.0,mixed,175,2026-08-27,100.0,96.03,Jaipur,true
Monitor (LCD/LED),E-waste,display,Sodala,piece,11.0,mixed,130,2026-07-13,100.0,91.39,Jaipur,true
Monitor (LCD/LED),E-waste,display,Durgapura,piece,5.0,dirty,79,2026-05-23,100.0,69.25,Jaipur,true
Monitor (LCD/LED),E-waste,display,Sodala,piece,11.0,clean,155,2026-08-07,100.0,108.11,Jaipur,true
Monitor (LCD/LED),E-waste,display,Hasanpura,piece,2.0,clean,42,2026-04-16,100.0,102.95,Jaipur,true
Monitor (LCD/LED),E-waste,display,Ramnagariya,piece,11.0,clean,161,2026-08-13,100.0,105.15,Jaipur,true
Monitor (LCD/LED),E-waste,display,Mahesh Nagar,piece,10.0,mixed,63,2026-05-07,100.0,94.05,Jaipur,true
Monitor (LCD/LED),E-waste,display,Vaishali Nagar,piece,5.0,clean,171,2026-08-23,100.0,115.18,Jaipur,true
Monitor (LCD/LED),E-waste,display,C-Scheme,piece,11.0,dirty,159,2026-08-11,100.0,89.67,Jaipur,true
Monitor (LCD/LED),E-waste,display,Malviya Nagar,piece,5.0,mixed,157,2026-08-09,100.0,94.74,Jaipur,true
Monitor (LCD/LED),E-waste,display,Mahesh Nagar,piece,7.0,clean,10,2026-03-15,100.0,106.91,Jaipur,true
Monitor (LCD/LED),E-waste,display,Tonk Road,piece,3.0,clean,14,2026-03-19,100.0,93.37,Jaipur,true
Monitor (LCD/LED),E-waste,display,Durgapura,piece,2.0,clean,105,2026-06-18,100.0,93.29,Jaipur,true
Monitor (LCD/LED),E-waste,display,Nirman Nagar,piece,10.0,mixed,64,2026-05-08,100.0,89.55,Jaipur,true
Monitor (LCD/LED),E-waste,display,Ramnagariya,piece,7.0,dirty,81,2026-05-25,100.0,68.51,Jaipur,true
Monitor (LCD/LED),E-waste,display,Mahesh Nagar,piece,6.0,mixed,60,2026-05-04,100.0,93.89,Jaipur,true
Monitor (LCD/LED),E-waste,display,Patrakar Colony,piece,1.0,clean,50,2026-04-24,100.0,89.83,Jaipur,true
Monitor (LCD/LED),E-waste,display,Mansarovar,piece,8.0,mixed,157,2026-08-09,100.0,111.88,Jaipur,true
Monitor (LCD/LED),E-waste,display,Vaishali Nagar,piece,1.0,mixed,35,2026-04-09,100.0,100.57,Jaipur,true
Monitor (LCD/LED),E-waste,display,Hasanpura,piece,1.0,mixed,82,2026-05-26,100.0,90.28,Jaipur,true
Monitor (LCD/LED),E-waste,display,Chandpole,piece,4.0,clean,112,2026-06-25,100.0,96.58,Jaipur,true
Monitor (LCD/LED),E-waste,display,Patrakar Colony,piece,8.0,mixed,146,2026-07-29,100.0,90.0,Jaipur,true
Monitor (LCD/LED),E-waste,display,Durgapura,piece,9.0,clean,103,2026-06-16,100.0,96.51,Jaipur,true
Monitor (LCD/LED),E-waste,display,Ramnagariya,piece,2.0,mixed,74,2026-05-18,100.0,75.76,Jaipur,true
Monitor (LCD/LED),E-waste,display,Tonk Road,piece,1.0,mixed,100,2026-06-13,100.0,82.18,Jaipur,true
Monitor (LCD/LED),E-waste,display,Vaishali Nagar,piece,5.0,damaged,57,2026-05-01,100.0,69.14,Jaipur,true
Monitor (LCD/LED),E-waste,display,Airport Area,piece,8.0,mixed,130,2026-07-13,100.0,94.43,Jaipur,true
Monitor (LCD/LED),E-waste,display,Gopalpura,piece,2.0,mixed,11,2026-03-16,100.0,88.54,Jaipur,true
Monitor (LCD/LED),E-waste,display,Adarsh Nagar,piece,8.0,clean,67,2026-05-11,100.0,83.54,Jaipur,true
Monitor (LCD/LED),E-waste,display,Vaishali Nagar,piece,6.0,clean,157,2026-08-09,100.0,116.36,Jaipur,true
Monitor (LCD/LED),E-waste,display,Nirman Nagar,piece,5.0,mixed,107,2026-06-20,100.0,89.14,Jaipur,true
Monitor (LCD/LED),E-waste,display,Hasanpura,piece,10.0,dirty,42,2026-04-16,100.0,85.84,Jaipur,true
Monitor (LCD/LED),E-waste,display,Ramnagariya,piece,5.0,clean,101,2026-06-14,100.0,85.45,Jaipur,true
Monitor (LCD/LED),E-waste,display,Malviya Nagar,piece,6.0,clean,37,2026-04-11,100.0,93.9,Jaipur,true
Monitor (LCD/LED),E-waste,display,C-Scheme,piece,6.0,damaged,45,2026-04-19,100.0,68.39,Jaipur,true
Monitor (LCD/LED),E-waste,display,MI Road,piece,3.0,clean,95,2026-06-08,100.0,81.93,Jaipur,true
Monitor (LCD/LED),E-waste,display,Shyam Nagar,piece,8.0,mixed,56,2026-04-30,100.0,86.72,Jaipur,true
Monitor (LCD/LED),E-waste,display,MI Road,piece,6.0,mixed,125,2026-07-08,100.0,86.64,Jaipur,true
Monitor (LCD/LED),E-waste,display,Ramnagariya,piece,7.0,dirty,157,2026-08-09,100.0,82.57,Jaipur,true
Monitor (LCD/LED),E-waste,display,Ramnagariya,piece,5.0,clean,73,2026-05-17,100.0,80.97,Jaipur,true
Monitor (LCD/LED),E-waste,display,Mansarovar,piece,1.0,damaged,152,2026-08-04,100.0,78.74,Jaipur,true
Monitor (LCD/LED),E-waste,display,Tonk Road,piece,4.0,damaged,6,2026-03-11,100.0,69.66,Jaipur,true
Monitor (LCD/LED),E-waste,display,Vaishali Nagar,piece,11.0,clean,107,2026-06-20,100.0,100.75,Jaipur,true
Monitor (LCD/LED),E-waste,display,Vaishali Nagar,piece,6.0,mixed,83,2026-05-27,100.0,91.4,Jaipur,true
Monitor (LCD/LED),E-waste,display,Nirman Nagar,piece,2.0,clean,76,2026-05-20,100.0,86.84,Jaipur,true
Monitor (LCD/LED),E-waste,display,Airport Area,piece,10.0,mixed,164,2026-08-16,100.0,108.68,Jaipur,true
Monitor (LCD/LED),E-waste,display,Model Town,piece,3.0,clean,8,2026-03-13,100.0,100.53,Jaipur,true
Monitor (LCD/LED),E-waste,display,Model Town,piece,7.0,damaged,128,2026-07-11,100.0,70.52,Jaipur,true
Monitor (LCD/LED),E-waste,display,Nirman Nagar,piece,3.0,mixed,62,2026-05-06,100.0,88.66,Jaipur,true
Monitor (LCD/LED),E-waste,display,Shyam Nagar,piece,7.0,mixed,31,2026-04-05,100.0,91.35,Jaipur,true
Monitor (LCD/LED),E-waste,display,Gopalpura,piece,4.0,clean,77,2026-05-21,100.0,81.88,Jaipur,true
Monitor (LCD/LED),E-waste,display,Vaishali Nagar,piece,4.0,clean,90,2026-06-03,100.0,91.35,Jaipur,true
Monitor (LCD/LED),E-waste,display,Raja Park,piece,8.0,damaged,122,2026-07-05,100.0,70.18,Jaipur,true
Monitor (LCD/LED),E-waste,display,Sodala,piece,7.0,dirty,122,2026-07-05,100.0,77.96,Jaipur,true
Monitor (LCD/LED),E-waste,display,Shyam Nagar,piece,10.0,clean,75,2026-05-19,100.0,84.9,Jaipur,true
Monitor (LCD/LED),E-waste,display,Adarsh Nagar,piece,3.0,mixed,107,2026-06-20,100.0,81.65,Jaipur,true
Monitor (LCD/LED),E-waste,display,Patrakar Colony,piece,11.0,mixed,83,2026-05-27,100.0,80.57,Jaipur,true
Monitor (LCD/LED),E-waste,display,Gopalpura,piece,7.0,clean,131,2026-07-14,100.0,94.26,Jaipur,true
Monitor (LCD/LED),E-waste,display,Mahesh Nagar,piece,8.0,clean,111,2026-06-24,100.0,101.2,Jaipur,true
Monitor (LCD/LED),E-waste,display,Durgapura,piece,4.0,clean,172,2026-08-24,100.0,106.92,Jaipur,true
Monitor (LCD/LED),E-waste,display,Gopalpura,piece,5.0,clean,109,2026-06-22,100.0,89.08,Jaipur,true
Monitor (LCD/LED),E-waste,display,Vaishali Nagar,piece,4.0,dirty,65,2026-05-09,100.0,77.09,Jaipur,true
Monitor (CRT),E-waste,display,Model Town,piece,4.0,clean,31,2026-04-05,100.0,97.38,Jaipur,true
Monitor (CRT),E-waste,display,Adarsh Nagar,piece,8.0,clean,159,2026-08-11,100.0,103.5,Jaipur,true
Monitor (CRT),E-waste,display,Model Town,piece,5.0,mixed,155,2026-08-07,100.0,102.73,Jaipur,true
Monitor (CRT),E-waste,display,Malviya Nagar,piece,7.0,dirty,43,2026-04-17,100.0,74.13,Jaipur,true
Monitor (CRT),E-waste,display,Hasanpura,piece,11.0,clean,93,2026-06-06,100.0,93.35,Jaipur,true
Monitor (CRT),E-waste,display,Hasanpura,piece,10.0,dirty,3,2026-03-08,100.0,91.45,Jaipur,true
Monitor (CRT),E-waste,display,C-Scheme,piece,11.0,damaged,139,2026-07-22,100.0,71.58,Jaipur,true
Monitor (CRT),E-waste,display,Raja Park,piece,6.0,dirty,21,2026-03-26,100.0,80.5,Jaipur,true
Monitor (CRT),E-waste,display,Tonk Road,piece,1.0,dirty,36,2026-04-10,100.0,73.2,Jaipur,true
Monitor (CRT),E-waste,display,Tonk Road,piece,9.0,clean,107,2026-06-20,100.0,89.82,Jaipur,true
Monitor (CRT),E-waste,display,C-Scheme,piece,2.0,damaged,114,2026-06-27,100.0,68.19,Jaipur,true
Monitor (CRT),E-waste,display,Hasanpura,piece,5.0,dirty,147,2026-07-30,100.0,86.19,Jaipur,true
Monitor (CRT),E-waste,display,Airport Area,piece,2.0,clean,159,2026-08-11,100.0,109.48,Jaipur,true
Monitor (CRT),E-waste,display,Nirman Nagar,piece,11.0,mixed,57,2026-05-01,100.0,90.86,Jaipur,true
Monitor (CRT),E-waste,display,Civil Lines,piece,4.0,clean,153,2026-08-05,100.0,107.36,Jaipur,true
Monitor (CRT),E-waste,display,Durgapura,piece,5.0,dirty,106,2026-06-19,100.0,76.46,Jaipur,true
Monitor (CRT),E-waste,display,Airport Area,piece,1.0,mixed,166,2026-08-18,100.0,103.64,Jaipur,true
Monitor (CRT),E-waste,display,Mahesh Nagar,piece,9.0,dirty,125,2026-07-08,100.0,82.64,Jaipur,true
Monitor (CRT),E-waste,display,Mahesh Nagar,piece,11.0,clean,95,2026-06-08,100.0,94.7,Jaipur,true
Monitor (CRT),E-waste,display,Nirman Nagar,piece,3.0,mixed,55,2026-04-29,100.0,90.74,Jaipur,true
Monitor (CRT),E-waste,display,Adarsh Nagar,piece,6.0,clean,71,2026-05-15,100.0,82.25,Jaipur,true
Monitor (CRT),E-waste,display,C-Scheme,piece,4.0,dirty,93,2026-06-06,100.0,68.92,Jaipur,true
Monitor (CRT),E-waste,display,Patrakar Colony,piece,2.0,clean,114,2026-06-27,100.0,89.7,Jaipur,true
Monitor (CRT),E-waste,display,Malviya Nagar,piece,5.0,mixed,52,2026-04-26,100.0,81.49,Jaipur,true
Monitor (CRT),E-waste,display,Barkat Nagar,piece,9.0,mixed,12,2026-03-17,100.0,100.27,Jaipur,true
Monitor (CRT),E-waste,display,Vaishali Nagar,piece,1.0,mixed,99,2026-06-12,100.0,90.99,Jaipur,true
Monitor (CRT),E-waste,display,Civil Lines,piece,5.0,clean,132,2026-07-15,100.0,99.5,Jaipur,true
Monitor (CRT),E-waste,display,Vaishali Nagar,piece,8.0,clean,91,2026-06-04,100.0,93.48,Jaipur,true
Monitor (CRT),E-waste,display,Mansarovar,piece,7.0,damaged,168,2026-08-20,100.0,84.0,Jaipur,true
Monitor (CRT),E-waste,display,Durgapura,piece,11.0,mixed,70,2026-05-14,100.0,85.63,Jaipur,true
Monitor (CRT),E-waste,display,Raja Park,piece,6.0,mixed,21,2026-03-26,100.0,94.71,Jaipur,true
Monitor (CRT),E-waste,display,Model Town,piece,3.0,mixed,9,2026-03-14,100.0,94.31,Jaipur,true
Monitor (CRT),E-waste,display,Mahesh Nagar,piece,4.0,mixed,4,2026-03-09,100.0,104.99,Jaipur,true
Monitor (CRT),E-waste,display,MI Road,piece,6.0,mixed,86,2026-05-30,100.0,79.46,Jaipur,true
Monitor (CRT),E-waste,display,Model Town,piece,8.0,damaged,2,2026-03-07,100.0,77.22,Jaipur,true
Monitor (CRT),E-waste,display,Malviya Nagar,piece,6.0,clean,83,2026-05-27,100.0,84.5,Jaipur,true
Monitor (CRT),E-waste,display,Hasanpura,piece,10.0,mixed,93,2026-06-06,100.0,88.91,Jaipur,true
Monitor (CRT),E-waste,display,Adarsh Nagar,piece,2.0,clean,96,2026-06-09,100.0,82.8,Jaipur,true
Monitor (CRT),E-waste,display,Sodala,piece,11.0,mixed,75,2026-05-19,100.0,82.28,Jaipur,true
Monitor (CRT),E-waste,display,Ramnagariya,piece,1.0,mixed,170,2026-08-22,100.0,96.66,Jaipur,true
Monitor (CRT),E-waste,display,Malviya Nagar,piece,6.0,mixed,7,2026-03-12,100.0,93.05,Jaipur,true
Monitor (CRT),E-waste,display,Raja Park,piece,4.0,clean,136,2026-07-19,100.0,94.63,Jaipur,true
Monitor (CRT),E-waste,display,Model Town,piece,2.0,damaged,174,2026-08-26,100.0,76.56,Jaipur,true
Monitor (CRT),E-waste,display,Hasanpura,piece,3.0,mixed,12,2026-03-17,100.0,97.93,Jaipur,true
Monitor (CRT),E-waste,display,Raja Park,piece,9.0,damaged,130,2026-07-13,100.0,69.93,Jaipur,true
Monitor (CRT),E-waste,display,Model Town,piece,2.0,mixed,73,2026-05-17,100.0,83.57,Jaipur,true
Monitor (CRT),E-waste,display,Chandpole,piece,1.0,clean,39,2026-04-13,100.0,104.41,Jaipur,true
Monitor (CRT),E-waste,display,Chandpole,piece,3.0,clean,1,2026-03-06,100.0,106.3,Jaipur,true
Monitor (CRT),E-waste,display,Adarsh Nagar,piece,5.0,mixed,125,2026-07-08,100.0,82.61,Jaipur,true
Monitor (CRT),E-waste,display,Patrakar Colony,piece,10.0,mixed,81,2026-05-25,100.0,81.05,Jaipur,true
Monitor (CRT),E-waste,display,Civil Lines,piece,3.0,mixed,71,2026-05-15,100.0,83.6,Jaipur,true
Monitor (CRT),E-waste,display,MI Road,piece,3.0,damaged,144,2026-07-27,100.0,65.82,Jaipur,true
Monitor (CRT),E-waste,display,Shyam Nagar,piece,4.0,damaged,88,2026-06-01,100.0,58.88,Jaipur,true
Monitor (CRT),E-waste,display,Nirman Nagar,piece,4.0,mixed,135,2026-07-18,100.0,90.78,Jaipur,true
Monitor (CRT),E-waste,display,C-Scheme,piece,8.0,mixed,156,2026-08-08,100.0,106.44,Jaipur,true
Monitor (CRT),E-waste,display,Model Town,piece,8.0,clean,23,2026-03-28,100.0,101.11,Jaipur,true
Monitor (CRT),E-waste,display,C-Scheme,piece,10.0,mixed,60,2026-05-04,100.0,87.93,Jaipur,true
Monitor (CRT),E-waste,display,Vaishali Nagar,piece,9.0,damaged,127,2026-07-10,100.0,72.8,Jaipur,true
Monitor (CRT),E-waste,display,Shyam Nagar,piece,6.0,dirty,106,2026-06-19,100.0,75.88,Jaipur,true
Monitor (CRT),E-waste,display,Sodala,piece,10.0,mixed,177,2026-08-29,100.0,104.15,Jaipur,true
Monitor (CRT),E-waste,display,Mansarovar,piece,7.0,mixed,170,2026-08-22,100.0,114.67,Jaipur,true
Monitor (CRT),E-waste,display,Model Town,piece,2.0,dirty,153,2026-08-05,100.0,85.67,Jaipur,true
Monitor (CRT),E-waste,display,Chandpole,piece,10.0,damaged,38,2026-04-12,100.0,75.21,Jaipur,true
Monitor (CRT),E-waste,display,Shyam Nagar,piece,8.0,clean,158,2026-08-10,100.0,106.52,Jaipur,true
Monitor (CRT),E-waste,display,Chandpole,piece,1.0,dirty,138,2026-07-21,100.0,81.84,Jaipur,true
Monitor (CRT),E-waste,display,Ramnagariya,piece,11.0,clean,15,2026-03-20,100.0,94.84,Jaipur,true
Monitor (CRT),E-waste,display,Ramnagariya,piece,10.0,mixed,81,2026-05-25,100.0,80.6,Jaipur,true
Monitor (CRT),E-waste,display,Patrakar Colony,piece,4.0,dirty,144,2026-07-27,100.0,73.68,Jaipur,true
Monitor (CRT),E-waste,display,Ramnagariya,piece,3.0,mixed,121,2026-07-04,100.0,83.94,Jaipur,true
Monitor (CRT),E-waste,display,MI Road,piece,10.0,clean,65,2026-05-09,100.0,87.55,Jaipur,true
Monitor (CRT),E-waste,display,Nirman Nagar,piece,3.0,damaged,173,2026-08-25,100.0,77.45,Jaipur,true
Monitor (CRT),E-waste,display,Vaishali Nagar,piece,7.0,mixed,115,2026-06-28,100.0,100.85,Jaipur,true
Monitor (CRT),E-waste,display,Hasanpura,piece,7.0,dirty,90,2026-06-03,100.0,76.06,Jaipur,true
Monitor (CRT),E-waste,display,Hasanpura,piece,7.0,mixed,8,2026-03-13,100.0,103.69,Jaipur,true
Monitor (CRT),E-waste,display,Model Town,piece,5.0,dirty,26,2026-03-31,100.0,79.12,Jaipur,true
Monitor (CRT),E-waste,display,Durgapura,piece,5.0,mixed,5,2026-03-10,100.0,99.11,Jaipur,true
Monitor (CRT),E-waste,display,Model Town,piece,6.0,clean,103,2026-06-16,100.0,97.24,Jaipur,true
Monitor (CRT),E-waste,display,Durgapura,piece,3.0,dirty,141,2026-07-24,100.0,79.86,Jaipur,true
Monitor (CRT),E-waste,display,Chandpole,piece,11.0,mixed,73,2026-05-17,100.0,87.79,Jaipur,true
Monitor (CRT),E-waste,display,C-Scheme,piece,4.0,clean,78,2026-05-22,100.0,85.13,Jaipur,true
Monitor (CRT),E-waste,display,Shyam Nagar,piece,8.0,dirty,43,2026-04-17,100.0,76.46,Jaipur,true
Monitor (CRT),E-waste,display,Malviya Nagar,piece,8.0,dirty,114,2026-06-27,100.0,74.71,Jaipur,true
Monitor (CRT),E-waste,display,Model Town,piece,8.0,mixed,91,2026-06-04,100.0,84.56,Jaipur,true
Monitor (CRT),E-waste,display,Vaishali Nagar,piece,2.0,mixed,106,2026-06-19,100.0,95.42,Jaipur,true
Monitor (CRT),E-waste,display,Mahesh Nagar,piece,3.0,mixed,6,2026-03-11,100.0,104.34,Jaipur,true
Monitor (CRT),E-waste,display,Shyam Nagar,piece,9.0,dirty,21,2026-03-26,100.0,77.54,Jaipur,true
Monitor (CRT),E-waste,display,Chandpole,piece,6.0,mixed,46,2026-04-20,100.0,93.57,Jaipur,true
Monitor (CRT),E-waste,display,Airport Area,piece,6.0,mixed,111,2026-06-24,100.0,91.9,Jaipur,true
Monitor (CRT),E-waste,display,Hasanpura,piece,5.0,clean,173,2026-08-25,100.0,113.16,Jaipur,true
Monitor (CRT),E-waste,display,Barkat Nagar,piece,4.0,mixed,163,2026-08-15,100.0,108.75,Jaipur,true
UPS (with battery),E-waste,power,Vaishali Nagar,piece,4.0,mixed,98,2026-06-11,300.0,274.8,Jaipur,true
UPS (with battery),E-waste,power,Vaishali Nagar,piece,8.0,mixed,164,2026-08-16,300.0,341.39,Jaipur,true
UPS (with battery),E-waste,power,Vaishali Nagar,piece,5.0,dirty,94,2026-06-07,300.0,220.4,Jaipur,true
UPS (with battery),E-waste,power,Patrakar Colony,piece,11.0,mixed,88,2026-06-01,300.0,235.43,Jaipur,true
UPS (with battery),E-waste,power,Shyam Nagar,piece,3.0,mixed,147,2026-07-30,300.0,276.66,Jaipur,true
UPS (with battery),E-waste,power,Durgapura,piece,1.0,mixed,116,2026-06-29,300.0,278.31,Jaipur,true
UPS (with battery),E-waste,power,Gopalpura,piece,8.0,mixed,157,2026-08-09,300.0,299.98,Jaipur,true
UPS (with battery),E-waste,power,Civil Lines,piece,4.0,damaged,168,2026-08-20,300.0,233.49,Jaipur,true
UPS (with battery),E-waste,power,Mahesh Nagar,piece,7.0,mixed,32,2026-04-06,300.0,299.69,Jaipur,true
UPS (with battery),E-waste,power,Sodala,piece,3.0,dirty,90,2026-06-03,300.0,205.03,Jaipur,true
UPS (with battery),E-waste,power,Barkat Nagar,piece,11.0,clean,75,2026-05-19,300.0,278.39,Jaipur,true
UPS (with battery),E-waste,power,Sodala,piece,1.0,damaged,18,2026-03-23,300.0,207.37,Jaipur,true
UPS (with battery),E-waste,power,Mahesh Nagar,piece,4.0,dirty,52,2026-04-26,300.0,236.37,Jaipur,true
UPS (with battery),E-waste,power,Mahesh Nagar,piece,5.0,dirty,13,2026-03-18,300.0,251.56,Jaipur,true
UPS (with battery),E-waste,power,Vaishali Nagar,piece,6.0,dirty,58,2026-05-02,300.0,241.0,Jaipur,true
UPS (with battery),E-waste,power,Gopalpura,piece,6.0,damaged,132,2026-07-15,300.0,205.64,Jaipur,true
UPS (with battery),E-waste,power,Vaishali Nagar,piece,6.0,mixed,150,2026-08-02,300.0,311.15,Jaipur,true
UPS (with battery),E-waste,power,Mansarovar,piece,10.0,dirty,165,2026-08-17,300.0,289.79,Jaipur,true
UPS (with battery),E-waste,power,Chandpole,piece,3.0,dirty,94,2026-06-07,300.0,213.51,Jaipur,true
UPS (with battery),E-waste,power,Malviya Nagar,piece,5.0,damaged,19,2026-03-24,300.0,195.87,Jaipur,true
UPS (with battery),E-waste,power,MI Road,piece,8.0,mixed,110,2026-06-23,300.0,257.22,Jaipur,true
UPS (with battery),E-waste,power,Patrakar Colony,piece,3.0,mixed,111,2026-06-24,300.0,247.07,Jaipur,true
UPS (with battery),E-waste,power,MI Road,piece,4.0,dirty,113,2026-06-26,300.0,220.05,Jaipur,true
UPS (with battery),E-waste,power,Tonk Road,piece,9.0,dirty,111,2026-06-24,300.0,218.78,Jaipur,true
UPS (with battery),E-waste,power,Shyam Nagar,piece,10.0,clean,23,2026-03-28,300.0,290.05,Jaipur,true
UPS (with battery),E-waste,power,Patrakar Colony,piece,5.0,mixed,158,2026-08-10,300.0,286.76,Jaipur,true
UPS (with battery),E-waste,power,Patrakar Colony,piece,9.0,clean,93,2026-06-06,300.0,247.2,Jaipur,true
UPS (with battery),E-waste,power,Nirman Nagar,piece,8.0,clean,46,2026-04-20,300.0,291.14,Jaipur,true
UPS (with battery),E-waste,power,Ramnagariya,piece,2.0,mixed,32,2026-04-06,300.0,254.63,Jaipur,true
UPS (with battery),E-waste,power,Ramnagariya,piece,5.0,mixed,54,2026-04-28,300.0,249.79,Jaipur,true
UPS (with battery),E-waste,power,Model Town,piece,1.0,damaged,7,2026-03-12,300.0,219.25,Jaipur,true
UPS (with battery),E-waste,power,Gopalpura,piece,5.0,mixed,51,2026-04-25,300.0,252.4,Jaipur,true
UPS (with battery),E-waste,power,Sodala,piece,8.0,clean,112,2026-06-25,300.0,284.73,Jaipur,true
UPS (with battery),E-waste,power,Nirman Nagar,piece,9.0,dirty,105,2026-06-18,300.0,236.88,Jaipur,true
UPS (with battery),E-waste,power,Model Town,piece,7.0,damaged,70,2026-05-14,300.0,194.14,Jaipur,true
UPS (with battery),E-waste,power,Chandpole,piece,1.0,dirty,57,2026-05-01,300.0,227.74,Jaipur,true
UPS (with battery),E-waste,power,Vaishali Nagar,piece,9.0,clean,109,2026-06-22,300.0,305.07,Jaipur,true
UPS (with battery),E-waste,power,Model Town,piece,10.0,mixed,27,2026-04-01,300.0,290.13,Jaipur,true
UPS (with battery),E-waste,power,Mansarovar,piece,1.0,clean,80,2026-05-24,300.0,281.48,Jaipur,true
UPS (with battery),E-waste,power,Nirman Nagar,piece,9.0,mixed,89,2026-06-02,300.0,255.57,Jaipur,true
UPS (with battery),E-waste,power,Raja Park,piece,11.0,dirty,8,2026-03-13,300.0,249.65,Jaipur,true
UPS (with battery),E-waste,power,Ramnagariya,piece,3.0,mixed,52,2026-04-26,300.0,243.36,Jaipur,true
UPS (with battery),E-waste,power,Patrakar Colony,piece,1.0,dirty,43,2026-04-17,300.0,216.15,Jaipur,true
UPS (with battery),E-waste,power,Nirman Nagar,piece,7.0,mixed,92,2026-06-05,300.0,255.57,Jaipur,true
UPS (with battery),E-waste,power,Barkat Nagar,piece,11.0,clean,70,2026-05-14,300.0,284.08,Jaipur,true
UPS (with battery),E-waste,power,Mahesh Nagar,piece,1.0,dirty,63,2026-05-07,300.0,232.85,Jaipur,true
UPS (with battery),E-waste,power,Shyam Nagar,piece,4.0,clean,159,2026-08-11,300.0,312.35,Jaipur,true
UPS (with battery),E-waste,power,Patrakar Colony,piece,8.0,mixed,14,2026-03-19,300.0,271.66,Jaipur,true
UPS (with battery),E-waste,power,Civil Lines,piece,1.0,dirty,162,2026-08-14,300.0,270.36,Jaipur,true
UPS (with battery),E-waste,power,Gopalpura,piece,6.0,mixed,16,2026-03-21,300.0,273.72,Jaipur,true
UPS (with battery),E-waste,power,Model Town,piece,7.0,clean,172,2026-08-24,300.0,332.9,Jaipur,true
UPS (with battery),E-waste,power,Malviya Nagar,piece,2.0,mixed,77,2026-05-21,300.0,228.31,Jaipur,true
UPS (with battery),E-waste,power,Mahesh Nagar,piece,2.0,clean,71,2026-05-15,300.0,273.76,Jaipur,true
UPS (with battery),E-waste,power,Malviya Nagar,piece,8.0,mixed,103,2026-06-16,300.0,257.57,Jaipur,true
UPS (with battery),E-waste,power,Shyam Nagar,piece,6.0,mixed,2,2026-03-07,300.0,295.37,Jaipur,true
UPS (with battery),E-waste,power,Shyam Nagar,piece,1.0,mixed,44,2026-04-18,300.0,253.82,Jaipur,true
UPS (with battery),E-waste,power,C-Scheme,piece,1.0,clean,28,2026-04-02,300.0,287.77,Jaipur,true
UPS (with battery),E-waste,power,Hasanpura,piece,9.0,clean,135,2026-07-18,300.0,307.37,Jaipur,true
UPS (with battery),E-waste,power,Raja Park,piece,11.0,mixed,176,2026-08-28,300.0,317.77,Jaipur,true
UPS (with battery),E-waste,power,Ramnagariya,piece,11.0,mixed,107,2026-06-20,300.0,252.31,Jaipur,true
UPS (with battery),E-waste,power,Adarsh Nagar,piece,9.0,clean,109,2026-06-22,300.0,267.4,Jaipur,true
UPS (with battery),E-waste,power,Adarsh Nagar,piece,7.0,clean,163,2026-08-15,300.0,311.53,Jaipur,true
UPS (with battery),E-waste,power,Barkat Nagar,piece,2.0,damaged,39,2026-04-13,300.0,229.28,Jaipur,true
UPS (with battery),E-waste,power,Civil Lines,piece,11.0,damaged,156,2026-08-08,300.0,245.97,Jaipur,true
UPS (with battery),E-waste,power,Durgapura,piece,9.0,mixed,176,2026-08-28,300.0,317.66,Jaipur,true
UPS (with battery),E-waste,power,C-Scheme,piece,2.0,dirty,17,2026-03-22,300.0,242.69,Jaipur,true
UPS (with battery),E-waste,power,MI Road,piece,2.0,mixed,11,2026-03-16,300.0,262.74,Jaipur,true
UPS (with battery),E-waste,power,Vaishali Nagar,piece,8.0,mixed,60,2026-05-04,300.0,281.21,Jaipur,true
UPS (with battery),E-waste,power,Tonk Road,piece,2.0,dirty,174,2026-08-26,300.0,244.35,Jaipur,true
UPS (with battery),E-waste,power,Nirman Nagar,piece,2.0,mixed,0,2026-03-05,300.0,302.39,Jaipur,true
UPS (with battery),E-waste,power,Nirman Nagar,piece,1.0,mixed,89,2026-06-02,300.0,248.12,Jaipur,true
UPS (with battery),E-waste,power,Tonk Road,piece,5.0,damaged,93,2026-06-06,300.0,173.38,Jaipur,true
UPS (with battery),E-waste,power,Adarsh Nagar,piece,5.0,clean,32,2026-04-06,300.0,267.36,Jaipur,true
UPS (with battery),E-waste,power,Adarsh Nagar,piece,11.0,clean,31,2026-04-05,300.0,277.7,Jaipur,true
UPS (with battery),E-waste,power,Gopalpura,piece,9.0,dirty,49,2026-04-23,300.0,223.95,Jaipur,true
UPS (with battery),E-waste,power,Civil Lines,piece,5.0,damaged,55,2026-04-29,300.0,205.57,Jaipur,true
UPS (with battery),E-waste,power,Airport Area,piece,6.0,dirty,59,2026-05-03,300.0,226.96,Jaipur,true
UPS (with battery),E-waste,power,Gopalpura,piece,7.0,mixed,159,2026-08-11,300.0,304.39,Jaipur,true
UPS (with battery),E-waste,power,MI Road,piece,3.0,dirty,140,2026-07-23,300.0,226.9,Jaipur,true
UPS (with battery),E-waste,power,Model Town,piece,9.0,mixed,9,2026-03-14,300.0,291.42,Jaipur,true
UPS (with battery),E-waste,power,Vaishali Nagar,piece,2.0,mixed,120,2026-07-03,300.0,289.71,Jaipur,true
UPS (with battery),E-waste,power,Model Town,piece,9.0,clean,178,2026-08-30,300.0,330.39,Jaipur,true
UPS (with battery),E-waste,power,Malviya Nagar,piece,11.0,damaged,65,2026-05-09,300.0,185.08,Jaipur,true
UPS (with battery),E-waste,power,Hasanpura,piece,9.0,mixed,91,2026-06-04,300.0,266.72,Jaipur,true
UPS (with battery),E-waste,power,Malviya Nagar,piece,6.0,mixed,90,2026-06-03,300.0,236.7,Jaipur,true
UPS (with battery),E-waste,power,Malviya Nagar,piece,4.0,damaged,118,2026-07-01,300.0,188.38,Jaipur,true
UPS (with battery),E-waste,power,Durgapura,piece,10.0,mixed,12,2026-03-17,300.0,285.62,Jaipur,true
UPS (with battery),E-waste,power,Ramnagariya,piece,1.0,mixed,44,2026-04-18,300.0,244.95,Jaipur,true
UPS (with battery),E-waste,power,Durgapura,piece,7.0,mixed,115,2026-06-28,300.0,285.21,Jaipur,true
UPS (with battery),E-waste,power,Tonk Road,piece,3.0,mixed,122,2026-07-05,300.0,257.7,Jaipur,true
UPS (without battery),E-waste,power,Durgapura,piece,8.0,mixed,88,2026-06-01,150.0,125.88,Jaipur,true
UPS (without battery),E-waste,power,Tonk Road,piece,6.0,mixed,142,2026-07-25,150.0,137.37,Jaipur,true
UPS (without battery),E-waste,power,Gopalpura,piece,9.0,clean,3,2026-03-08,150.0,153.1,Jaipur,true
UPS (without battery),E-waste,power,Civil Lines,piece,5.0,clean,2,2026-03-07,150.0,159.72,Jaipur,true
UPS (without battery),E-waste,power,Gopalpura,piece,7.0,mixed,104,2026-06-17,150.0,131.25,Jaipur,true
UPS (without battery),E-waste,power,Civil Lines,piece,10.0,clean,24,2026-03-29,150.0,155.64,Jaipur,true
UPS (without battery),E-waste,power,Gopalpura,piece,8.0,mixed,159,2026-08-11,150.0,152.19,Jaipur,true
UPS (without battery),E-waste,power,C-Scheme,piece,4.0,mixed,61,2026-05-05,150.0,128.95,Jaipur,true
UPS (without battery),E-waste,power,Ramnagariya,piece,6.0,dirty,174,2026-08-26,150.0,123.72,Jaipur,true
UPS (without battery),E-waste,power,Durgapura,piece,2.0,clean,105,2026-06-18,150.0,139.93,Jaipur,true
UPS (without battery),E-waste,power,Airport Area,piece,4.0,damaged,2,2026-03-07,150.0,113.07,Jaipur,true
UPS (without battery),E-waste,power,Vaishali Nagar,piece,3.0,clean,120,2026-07-03,150.0,152.1,Jaipur,true
UPS (without battery),E-waste,power,Mahesh Nagar,piece,2.0,dirty,22,2026-03-27,150.0,122.56,Jaipur,true
UPS (without battery),E-waste,power,C-Scheme,piece,5.0,clean,134,2026-07-17,150.0,144.7,Jaipur,true
UPS (without battery),E-waste,power,Raja Park,piece,7.0,mixed,121,2026-07-04,150.0,139.52,Jaipur,true
UPS (without battery),E-waste,power,Vaishali Nagar,piece,4.0,clean,150,2026-08-02,150.0,158.59,Jaipur,true
UPS (without battery),E-waste,power,Vaishali Nagar,piece,4.0,mixed,167,2026-08-19,150.0,161.56,Jaipur,true
UPS (without battery),E-waste,power,Durgapura,piece,5.0,mixed,71,2026-05-15,150.0,122.69,Jaipur,true
UPS (without battery),E-waste,power,Chandpole,piece,9.0,mixed,25,2026-03-30,150.0,149.14,Jaipur,true
UPS (without battery),E-waste,power,C-Scheme,piece,10.0,mixed,137,2026-07-20,150.0,141.67,Jaipur,true
UPS (without battery),E-waste,power,Tonk Road,piece,4.0,mixed,177,2026-08-29,150.0,146.31,Jaipur,true
UPS (without battery),E-waste,power,Malviya Nagar,piece,11.0,damaged,155,2026-08-07,150.0,110.36,Jaipur,true
UPS (without battery),E-waste,power,Civil Lines,piece,9.0,mixed,7,2026-03-12,150.0,152.73,Jaipur,true
UPS (without battery),E-waste,power,Mansarovar,piece,8.0,clean,95,2026-06-08,150.0,143.18,Jaipur,true
UPS (without battery),E-waste,power,Sodala,piece,10.0,clean,179,2026-08-31,150.0,158.03,Jaipur,true
UPS (without battery),E-waste,power,C-Scheme,piece,5.0,mixed,101,2026-06-14,150.0,130.64,Jaipur,true
UPS (without battery),E-waste,power,Barkat Nagar,piece,1.0,mixed,87,2026-05-31,150.0,128.71,Jaipur,true
UPS (without battery),E-waste,power,Model Town,piece,6.0,mixed,2,2026-03-07,150.0,154.44,Jaipur,true
UPS (without battery),E-waste,power,Vaishali Nagar,piece,5.0,mixed,116,2026-06-29,150.0,147.62,Jaipur,true
UPS (without battery),E-waste,power,Airport Area,piece,6.0,clean,132,2026-07-15,150.0,152.36,Jaipur,true
UPS (without battery),E-waste,power,C-Scheme,piece,1.0,dirty,63,2026-05-07,150.0,109.04,Jaipur,true
UPS (without battery),E-waste,power,Chandpole,piece,2.0,mixed,154,2026-08-06,150.0,157.11,Jaipur,true
UPS (without battery),E-waste,power,Mahesh Nagar,piece,4.0,clean,98,2026-06-11,150.0,144.5,Jaipur,true
UPS (without battery),E-waste,power,Tonk Road,piece,10.0,damaged,151,2026-08-03,150.0,105.3,Jaipur,true
UPS (without battery),E-waste,power,C-Scheme,piece,2.0,mixed,172,2026-08-24,150.0,152.01,Jaipur,true
UPS (without battery),E-waste,power,Vaishali Nagar,piece,9.0,dirty,8,2026-03-13,150.0,132.38,Jaipur,true
UPS (without battery),E-waste,power,C-Scheme,piece,10.0,clean,130,2026-07-13,150.0,146.09,Jaipur,true
UPS (without battery),E-waste,power,Raja Park,piece,10.0,dirty,11,2026-03-16,150.0,121.51,Jaipur,true
UPS (without battery),E-waste,power,Gopalpura,piece,4.0,dirty,119,2026-07-02,150.0,111.03,Jaipur,true
UPS (without battery),E-waste,power,Raja Park,piece,10.0,mixed,4,2026-03-09,150.0,152.72,Jaipur,true
UPS (without battery),E-waste,power,Adarsh Nagar,piece,4.0,mixed,135,2026-07-18,150.0,124.72,Jaipur,true
UPS (without battery),E-waste,power,Barkat Nagar,piece,10.0,dirty,30,2026-04-04,150.0,126.21,Jaipur,true
UPS (without battery),E-waste,power,Adarsh Nagar,piece,3.0,damaged,87,2026-05-31,150.0,85.23,Jaipur,true
UPS (without battery),E-waste,power,Barkat Nagar,piece,11.0,mixed,117,2026-06-30,150.0,150.03,Jaipur,true
UPS (without battery),E-waste,power,Mahesh Nagar,piece,5.0,mixed,170,2026-08-22,150.0,165.68,Jaipur,true
UPS (without battery),E-waste,power,Adarsh Nagar,piece,3.0,clean,98,2026-06-11,150.0,126.46,Jaipur,true
UPS (without battery),E-waste,power,Ramnagariya,piece,9.0,mixed,166,2026-08-18,150.0,146.96,Jaipur,true
UPS (without battery),E-waste,power,Adarsh Nagar,piece,4.0,dirty,122,2026-07-05,150.0,107.68,Jaipur,true
UPS (without battery),E-waste,power,Mansarovar,piece,4.0,mixed,147,2026-07-30,150.0,153.76,Jaipur,true
UPS (without battery),E-waste,power,Chandpole,piece,5.0,dirty,66,2026-05-10,150.0,110.03,Jaipur,true
UPS (without battery),E-waste,power,MI Road,piece,11.0,clean,124,2026-07-07,150.0,136.88,Jaipur,true
UPS (without battery),E-waste,power,Mahesh Nagar,piece,7.0,clean,97,2026-06-10,150.0,144.17,Jaipur,true
UPS (without battery),E-waste,power,Malviya Nagar,piece,4.0,mixed,169,2026-08-21,150.0,147.01,Jaipur,true
UPS (without battery),E-waste,power,Sodala,piece,5.0,mixed,42,2026-04-16,150.0,136.11,Jaipur,true
UPS (without battery),E-waste,power,Shyam Nagar,piece,10.0,clean,39,2026-04-13,150.0,151.25,Jaipur,true
UPS (without battery),E-waste,power,Model Town,piece,5.0,clean,149,2026-08-01,150.0,149.99,Jaipur,true
UPS (without battery),E-waste,power,Sodala,piece,6.0,mixed,69,2026-05-13,150.0,125.76,Jaipur,true
UPS (without battery),E-waste,power,Durgapura,piece,8.0,clean,17,2026-03-22,150.0,155.15,Jaipur,true
UPS (without battery),E-waste,power,Chandpole,piece,4.0,mixed,105,2026-06-18,150.0,136.96,Jaipur,true
UPS (without battery),E-waste,power,Gopalpura,piece,1.0,dirty,142,2026-07-25,150.0,114.73,Jaipur,true
UPS (without battery),E-waste,power,Patrakar Colony,piece,9.0,mixed,176,2026-08-28,150.0,148.53,Jaipur,true
UPS (without battery),E-waste,power,Hasanpura,piece,11.0,mixed,80,2026-05-24,150.0,136.57,Jaipur,true
UPS (without battery),E-waste,power,Vaishali Nagar,piece,7.0,clean,26,2026-03-31,150.0,158.98,Jaipur,true
UPS (without battery),E-waste,power,Gopalpura,piece,9.0,dirty,9,2026-03-14,150.0,117.66,Jaipur,true
UPS (without battery),E-waste,power,MI Road,piece,3.0,dirty,58,2026-05-02,150.0,104.41,Jaipur,true
UPS (without battery),E-waste,power,C-Scheme,piece,11.0,mixed,123,2026-07-06,150.0,134.61,Jaipur,true
UPS (without battery),E-waste,power,MI Road,piece,7.0,dirty,24,2026-03-29,150.0,116.71,Jaipur,true
UPS (without battery),E-waste,power,Barkat Nagar,piece,1.0,dirty,11,2026-03-16,150.0,124.2,Jaipur,true
UPS (without battery),E-waste,power,Model Town,piece,11.0,mixed,162,2026-08-14,150.0,161.47,Jaipur,true
UPS (without battery),E-waste,power,Hasanpura,piece,8.0,clean,50,2026-04-24,150.0,157.23,Jaipur,true
UPS (without battery),E-waste,power,Shyam Nagar,piece,8.0,mixed,130,2026-07-13,150.0,134.71,Jaipur,true
UPS (without battery),E-waste,power,Gopalpura,piece,7.0,mixed,100,2026-06-13,150.0,128.5,Jaipur,true
UPS (without battery),E-waste,power,C-Scheme,piece,3.0,dirty,13,2026-03-18,150.0,117.8,Jaipur,true
UPS (without battery),E-waste,power,Model Town,piece,2.0,dirty,16,2026-03-21,150.0,118.89,Jaipur,true
UPS (without battery),E-waste,power,Mansarovar,piece,3.0,mixed,96,2026-06-09,150.0,136.24,Jaipur,true
UPS (without battery),E-waste,power,Airport Area,piece,9.0,dirty,45,2026-04-19,150.0,118.36,Jaipur,true
UPS (without battery),E-waste,power,Raja Park,piece,1.0,clean,171,2026-08-23,150.0,162.92,Jaipur,true
UPS (without battery),E-waste,power,Adarsh Nagar,piece,4.0,clean,53,2026-04-27,150.0,127.29,Jaipur,true
UPS (without battery),E-waste,power,Raja Park,piece,5.0,clean,55,2026-04-29,150.0,140.83,Jaipur,true
UPS (without battery),E-waste,power,Vaishali Nagar,piece,3.0,damaged,127,2026-07-10,150.0,106.02,Jaipur,true
UPS (without battery),E-waste,power,Hasanpura,piece,9.0,clean,38,2026-04-12,150.0,162.81,Jaipur,true
UPS (without battery),E-waste,power,Mahesh Nagar,piece,9.0,clean,34,2026-04-08,150.0,160.78,Jaipur,true
UPS (without battery),E-waste,power,Ramnagariya,piece,7.0,mixed,50,2026-04-24,150.0,131.43,Jaipur,true
UPS (without battery),E-waste,power,Airport Area,piece,2.0,clean,107,2026-06-20,150.0,140.12,Jaipur,true
UPS (without battery),E-waste,power,Adarsh Nagar,piece,10.0,mixed,65,2026-05-09,150.0,122.83,Jaipur,true
UPS (without battery),E-waste,power,Civil Lines,piece,9.0,mixed,25,2026-03-30,150.0,148.33,Jaipur,true
UPS (without battery),E-waste,power,Vaishali Nagar,piece,10.0,dirty,112,2026-06-25,150.0,124.7,Jaipur,true
UPS (without battery),E-waste,power,Mansarovar,piece,6.0,mixed,14,2026-03-19,150.0,155.56,Jaipur,true
UPS (without battery),E-waste,power,Mansarovar,piece,11.0,clean,166,2026-08-18,150.0,177.72,Jaipur,true
UPS (without battery),E-waste,power,Adarsh Nagar,piece,7.0,damaged,62,2026-05-06,150.0,94.11,Jaipur,true
Washing machine,E-waste,appliance,Nirman Nagar,piece,9.0,mixed,72,2026-05-16,500.0,431.97,Jaipur,true
Washing machine,E-waste,appliance,Model Town,piece,11.0,damaged,71,2026-05-15,500.0,318.32,Jaipur,true
Washing machine,E-waste,appliance,Civil Lines,piece,2.0,dirty,160,2026-08-12,500.0,456.7,Jaipur,true
Washing machine,E-waste,appliance,Civil Lines,piece,10.0,mixed,115,2026-06-28,500.0,485.88,Jaipur,true
Washing machine,E-waste,appliance,Model Town,piece,9.0,mixed,173,2026-08-25,500.0,527.88,Jaipur,true
Washing machine,E-waste,appliance,Tonk Road,piece,3.0,dirty,25,2026-03-30,500.0,377.56,Jaipur,true
Washing machine,E-waste,appliance,Airport Area,piece,11.0,clean,69,2026-05-13,500.0,454.83,Jaipur,true
Washing machine,E-waste,appliance,Civil Lines,piece,3.0,damaged,125,2026-07-08,500.0,340.52,Jaipur,true
Washing machine,E-waste,appliance,Durgapura,piece,8.0,dirty,87,2026-05-31,500.0,356.66,Jaipur,true
Washing machine,E-waste,appliance,Ramnagariya,piece,10.0,damaged,64,2026-05-08,500.0,307.59,Jaipur,true
Washing machine,E-waste,appliance,Durgapura,piece,2.0,mixed,176,2026-08-28,500.0,514.02,Jaipur,true
Washing machine,E-waste,appliance,C-Scheme,piece,3.0,clean,163,2026-08-15,500.0,539.5,Jaipur,true
Washing machine,E-waste,appliance,Mahesh Nagar,piece,4.0,mixed,76,2026-05-20,500.0,432.85,Jaipur,true
Washing machine,E-waste,appliance,Sodala,piece,4.0,mixed,45,2026-04-19,500.0,436.1,Jaipur,true
Washing machine,E-waste,appliance,Mansarovar,piece,6.0,clean,164,2026-08-16,500.0,603.14,Jaipur,true
Washing machine,E-waste,appliance,Gopalpura,piece,7.0,dirty,170,2026-08-22,500.0,435.57,Jaipur,true
Washing machine,E-waste,appliance,Sodala,piece,7.0,mixed,124,2026-07-07,500.0,449.99,Jaipur,true
Washing machine,E-waste,appliance,Airport Area,piece,3.0,clean,30,2026-04-04,500.0,485.39,Jaipur,true
Washing machine,E-waste,appliance,Chandpole,piece,1.0,clean,68,2026-05-12,500.0,456.8,Jaipur,true
Washing machine,E-waste,appliance,Civil Lines,piece,8.0,mixed,86,2026-05-30,500.0,428.89,Jaipur,true
Washing machine,E-waste,appliance,MI Road,piece,9.0,mixed,78,2026-05-22,500.0,397.28,Jaipur,true
Washing machine,E-waste,appliance,Airport Area,piece,1.0,mixed,139,2026-07-22,500.0,471.65,Jaipur,true
Washing machine,E-waste,appliance,MI Road,piece,9.0,mixed,2,2026-03-07,500.0,483.76,Jaipur,true
Washing machine,E-waste,appliance,Ramnagariya,piece,1.0,damaged,102,2026-06-15,500.0,309.78,Jaipur,true
Washing machine,E-waste,appliance,Patrakar Colony,piece,4.0,mixed,29,2026-04-03,500.0,434.07,Jaipur,true
Washing machine,E-waste,appliance,Raja Park,piece,5.0,clean,75,2026-05-19,500.0,427.88,Jaipur,true
Washing machine,E-waste,appliance,Durgapura,piece,1.0,mixed,169,2026-08-21,500.0,524.61,Jaipur,true
Washing machine,E-waste,appliance,Barkat Nagar,piece,4.0,mixed,168,2026-08-20,500.0,534.61,Jaipur,true
Washing machine,E-waste,appliance,Civil Lines,piece,5.0,mixed,143,2026-07-26,500.0,475.56,Jaipur,true
Washing machine,E-waste,appliance,Mahesh Nagar,piece,6.0,dirty,15,2026-03-20,500.0,438.64,Jaipur,true
Washing machine,E-waste,appliance,Chandpole,piece,9.0,mixed,128,2026-07-11,500.0,479.49,Jaipur,true
Washing machine,E-waste,appliance,Adarsh Nagar,piece,5.0,dirty,117,2026-06-30,500.0,364.4,Jaipur,true
Washing machine,E-waste,appliance,Airport Area,piece,8.0,dirty,144,2026-07-27,500.0,411.08,Jaipur,true
Washing machine,E-waste,appliance,Sodala,piece,11.0,damaged,27,2026-04-01,500.0,352.89,Jaipur,true
Washing machine,E-waste,appliance,Hasanpura,piece,5.0,mixed,146,2026-07-29,500.0,494.95,Jaipur,true
Washing machine,E-waste,appliance,Sodala,piece,5.0,dirty,131,2026-07-14,500.0,379.42,Jaipur,true
Washing machine,E-waste,appliance,Raja Park,piece,10.0,mixed,96,2026-06-09,500.0,436.91,Jaipur,true
Washing machine,E-waste,appliance,Nirman Nagar,piece,9.0,dirty,82,2026-05-26,500.0,378.7,Jaipur,true
Washing machine,E-waste,appliance,Chandpole,piece,8.0,damaged,31,2026-04-05,500.0,365.37,Jaipur,true
Washing machine,E-waste,appliance,Ramnagariya,piece,3.0,dirty,91,2026-06-04,500.0,321.98,Jaipur,true
Washing machine,E-waste,appliance,Tonk Road,piece,11.0,clean,126,2026-07-09,500.0,454.68,Jaipur,true
Washing machine,E-waste,appliance,Mahesh Nagar,piece,10.0,mixed,40,2026-04-14,500.0,511.48,Jaipur,true
Washing machine,E-waste,appliance,Tonk Road,piece,11.0,mixed,0,2026-03-05,500.0,483.65,Jaipur,true
Washing machine,E-waste,appliance,MI Road,piece,11.0,mixed,32,2026-04-06,500.0,445.09,Jaipur,true
Washing machine,E-waste,appliance,Tonk Road,piece,11.0,clean,143,2026-07-26,500.0,475.9,Jaipur,true
Washing machine,E-waste,appliance,Patrakar Colony,piece,4.0,mixed,15,2026-03-20,500.0,440.94,Jaipur,true
Washing machine,E-waste,appliance,Gopalpura,piece,5.0,mixed,70,2026-05-14,500.0,397.89,Jaipur,true
Washing machine,E-waste,appliance,Model Town,piece,3.0,mixed,28,2026-04-02,500.0,462.47,Jaipur,true
Washing machine,E-waste,appliance,Malviya Nagar,piece,5.0,clean,36,2026-04-10,500.0,446.54,Jaipur,true
Washing machine,E-waste,appliance,Ramnagariya,piece,6.0,damaged,33,2026-04-07,500.0,327.54,Jaipur,true
Washing machine,E-waste,appliance,Vaishali Nagar,piece,8.0,clean,68,2026-05-12,500.0,485.68,Jaipur,true
Washing machine,E-waste,appliance,Malviya Nagar,piece,2.0,mixed,128,2026-07-11,500.0,423.12,Jaipur,true
Washing machine,E-waste,appliance,Malviya Nagar,piece,5.0,mixed,135,2026-07-18,500.0,417.63,Jaipur,true
Washing machine,E-waste,appliance,Nirman Nagar,piece,5.0,damaged,96,2026-06-09,500.0,322.85,Jaipur,true
Washing machine,E-waste,appliance,Tonk Road,piece,10.0,clean,52,2026-04-26,500.0,446.18,Jaipur,true
Washing machine,E-waste,appliance,Chandpole,piece,10.0,mixed,98,2026-06-11,500.0,456.99,Jaipur,true
Washing machine,E-waste,appliance,Adarsh Nagar,piece,8.0,mixed,71,2026-05-15,500.0,391.69,Jaipur,true
Washing machine,E-waste,appliance,Model Town,piece,5.0,mixed,68,2026-05-12,500.0,426.54,Jaipur,true
Washing machine,E-waste,appliance,Nirman Nagar,piece,9.0,mixed,66,2026-05-10,500.0,439.02,Jaipur,true
Washing machine,E-waste,appliance,Airport Area,piece,10.0,mixed,41,2026-04-15,500.0,473.31,Jaipur,true
Washing machine,E-waste,appliance,Malviya Nagar,piece,8.0,mixed,23,2026-03-28,500.0,446.33,Jaipur,true
Washing machine,E-waste,appliance,Mansarovar,piece,11.0,mixed,61,2026-05-05,500.0,476.44,Jaipur,true
Washing machine,E-waste,appliance,Shyam Nagar,piece,8.0,clean,12,2026-03-17,500.0,481.6,Jaipur,true
Washing machine,E-waste,appliance,Model Town,piece,11.0,dirty,134,2026-07-17,500.0,407.19,Jaipur,true
Washing machine,E-waste,appliance,Durgapura,piece,6.0,mixed,26,2026-03-31,500.0,475.76,Jaipur,true
Washing machine,E-waste,appliance,Malviya Nagar,piece,10.0,dirty,74,2026-05-18,500.0,333.14,Jaipur,true
Washing machine,E-waste,appliance,Chandpole,piece,3.0,clean,16,2026-03-21,500.0,499.32,Jaipur,true
Washing machine,E-waste,appliance,Sodala,piece,11.0,dirty,57,2026-05-01,500.0,372.98,Jaipur,true
Washing machine,E-waste,appliance,Ramnagariya,piece,4.0,mixed,159,2026-08-11,500.0,478.48,Jaipur,true
Washing machine,E-waste,appliance,Airport Area,piece,11.0,mixed,140,2026-07-23,500.0,490.34,Jaipur,true
Washing machine,E-waste,appliance,Airport Area,piece,6.0,clean,86,2026-05-30,500.0,446.35,Jaipur,true
Washing machine,E-waste,appliance,Tonk Road,piece,11.0,dirty,128,2026-07-11,500.0,375.09,Jaipur,true
Washing machine,E-waste,appliance,Model Town,piece,11.0,damaged,46,2026-04-20,500.0,344.01,Jaipur,true
Washing machine,E-waste,appliance,Model Town,piece,3.0,clean,34,2026-04-08,500.0,493.4,Jaipur,true
Washing machine,E-waste,appliance,C-Scheme,piece,1.0,clean,110,2026-06-23,500.0,459.34,Jaipur,true
Washing machine,E-waste,appliance,Hasanpura,piece,3.0,damaged,45,2026-04-19,500.0,353.42,Jaipur,true
Washing machine,E-waste,appliance,Barkat Nagar,piece,7.0,clean,52,2026-04-26,500.0,496.82,Jaipur,true
Washing machine,E-waste,appliance,Raja Park,piece,11.0,clean,66,2026-05-10,500.0,454.25,Jaipur,true
Washing machine,E-waste,appliance,Chandpole,piece,10.0,mixed,157,2026-08-09,500.0,536.79,Jaipur,true
Washing machine,E-waste,appliance,Mansarovar,piece,11.0,mixed,99,2026-06-12,500.0,473.08,Jaipur,true
Washing machine,E-waste,appliance,Adarsh Nagar,piece,7.0,mixed,168,2026-08-20,500.0,486.19,Jaipur,true
Washing machine,E-waste,appliance,Ramnagariya,piece,1.0,mixed,29,2026-04-03,500.0,431.63,Jaipur,true
Washing machine,E-waste,appliance,Patrakar Colony,piece,5.0,dirty,145,2026-07-28,500.0,369.48,Jaipur,true
Washing machine,E-waste,appliance,Nirman Nagar,piece,8.0,clean,40,2026-04-14,500.0,513.09,Jaipur,true
Washing machine,E-waste,appliance,Tonk Road,piece,7.0,clean,74,2026-05-18,500.0,416.7,Jaipur,true
Washing machine,E-waste,appliance,C-Scheme,piece,10.0,mixed,168,2026-08-20,500.0,520.33,Jaipur,true
Washing machine,E-waste,appliance,Durgapura,piece,6.0,clean,24,2026-03-29,500.0,507.56,Jaipur,true
Washing machine,E-waste,appliance,Nirman Nagar,piece,1.0,mixed,87,2026-05-31,500.0,413.54,Jaipur,true
Washing machine,E-waste,appliance,Vaishali Nagar,piece,3.0,dirty,68,2026-05-12,500.0,381.72,Jaipur,true
Washing machine,E-waste,appliance,Shyam Nagar,piece,1.0,clean,81,2026-05-25,500.0,425.67,Jaipur,true
Refrigerator (Single Door),E-waste,appliance,Airport Area,piece,5.0,mixed,138,2026-07-21,800.0,759.38,Jaipur,true
Refrigerator (Single Door),E-waste,appliance,Ramnagariya,piece,4.0,mixed,90,2026-06-03,800.0,610.04,Jaipur,true
Refrigerator (Single Door),E-waste,appliance,Mahesh Nagar,piece,6.0,mixed,150,2026-08-02,800.0,831.06,Jaipur,true
Refrigerator (Single Door),E-waste,appliance,Chandpole,piece,9.0,clean,67,2026-05-11,800.0,738.65,Jaipur,true
Refrigerator (Single Door),E-waste,appliance,C-Scheme,piece,4.0,mixed,105,2026-06-18,800.0,707.32,Jaipur,true
Refrigerator (Single Door),E-waste,appliance,MI Road,piece,2.0,mixed,129,2026-07-12,800.0,695.22,Jaipur,true
Refrigerator (Single Door),E-waste,appliance,Tonk Road,piece,9.0,mixed,92,2026-06-05,800.0,634.97,Jaipur,true
Refrigerator (Single Door),E-waste,appliance,Mansarovar,piece,10.0,clean,7,2026-03-12,800.0,896.13,Jaipur,true
Refrigerator (Single Door),E-waste,appliance,Adarsh Nagar,piece,2.0,damaged,5,2026-03-10,800.0,552.93,Jaipur,true
Refrigerator (Single Door),E-waste,appliance,MI Road,piece,4.0,damaged,28,2026-04-02,800.0,521.5,Jaipur,true
Refrigerator (Single Door),E-waste,appliance,Raja Park,piece,7.0,mixed,126,2026-07-09,800.0,732.78,Jaipur,true
Refrigerator (Single Door),E-waste,appliance,Malviya Nagar,piece,9.0,dirty,91,2026-06-04,800.0,533.03,Jaipur,true
Refrigerator (Single Door),E-waste,appliance,MI Road,piece,7.0,mixed,98,2026-06-11,800.0,673.65,Jaipur,true
Refrigerator (Single Door),E-waste,appliance,Gopalpura,piece,11.0,damaged,102,2026-06-15,800.0,525.51,Jaipur,true
Refrigerator (Single Door),E-waste,appliance,Barkat Nagar,piece,8.0,damaged,4,2026-03-09,800.0,643.11,Jaipur,true
Refrigerator (Single Door),E-waste,appliance,Nirman Nagar,piece,7.0,mixed,126,2026-07-09,800.0,743.63,Jaipur,true
Refrigerator (Single Door),E-waste,appliance,Vaishali Nagar,piece,11.0,mixed,62,2026-05-06,800.0,763.45,Jaipur,true
Refrigerator (Single Door),E-waste,appliance,C-Scheme,piece,1.0,damaged,80,2026-05-24,800.0,498.2,Jaipur,true
Refrigerator (Single Door),E-waste,appliance,MI Road,piece,8.0,dirty,147,2026-07-30,800.0,634.72,Jaipur,true
Refrigerator (Single Door),E-waste,appliance,Model Town,piece,6.0,dirty,62,2026-05-06,800.0,616.36,Jaipur,true
Refrigerator (Single Door),E-waste,appliance,Nirman Nagar,piece,1.0,mixed,113,2026-06-26,800.0,740.17,Jaipur,true
Refrigerator (Single Door),E-waste,appliance,Barkat Nagar,piece,6.0,dirty,26,2026-03-31,800.0,681.41,Jaipur,true
Refrigerator (Single Door),E-waste,appliance,Malviya Nagar,piece,7.0,dirty,114,2026-06-27,800.0,597.68,Jaipur,true
Refrigerator (Single Door),E-waste,appliance,Malviya Nagar,piece,4.0,clean,173,2026-08-25,800.0,798.19,Jaipur,true
Refrigerator (Single Door),E-waste,appliance,Adarsh Nagar,piece,11.0,mixed,74,2026-05-18,800.0,624.27,Jaipur,true
Refrigerator (Single Door),E-waste,appliance,Mahesh Nagar,piece,2.0,mixed,110,2026-06-23,800.0,747.34,Jaipur,true
Refrigerator (Single Door),E-waste,appliance,Civil Lines,piece,7.0,dirty,147,2026-07-30,800.0,685.22,Jaipur,true
Refrigerator (Single Door),E-waste,appliance,Gopalpura,piece,11.0,mixed,122,2026-07-05,800.0,716.33,Jaipur,true
Refrigerator (Single Door),E-waste,appliance,Airport Area,piece,4.0,mixed,142,2026-07-25,800.0,761.92,Jaipur,true
Refrigerator (Single Door),E-waste,appliance,Ramnagariya,piece,1.0,mixed,99,2026-06-12,800.0,638.06,Jaipur,true
Refrigerator (Single Door),E-waste,appliance,Chandpole,piece,2.0,dirty,45,2026-04-19,800.0,621.67,Jaipur,true
Refrigerator (Single Door),E-waste,appliance,Nirman Nagar,piece,8.0,clean,14,2026-03-19,800.0,825.73,Jaipur,true
Refrigerator (Single Door),E-waste,appliance,Airport Area,piece,8.0,clean,131,2026-07-14,800.0,798.15,Jaipur,true
Refrigerator (Single Door),E-waste,appliance,C-Scheme,piece,2.0,mixed,0,2026-03-05,800.0,790.51,Jaipur,true
Refrigerator (Single Door),E-waste,appliance,Tonk Road,piece,5.0,dirty,154,2026-08-06,800.0,655.49,Jaipur,true
Refrigerator (Single Door),E-waste,appliance,Model Town,piece,1.0,mixed,179,2026-08-31,800.0,800.91,Jaipur,true
Refrigerator (Single Door),E-waste,appliance,Barkat Nagar,piece,7.0,clean,177,2026-08-29,800.0,939.69,Jaipur,true
Refrigerator (Single Door),E-waste,appliance,Mahesh Nagar,piece,10.0,mixed,139,2026-07-22,800.0,815.19,Jaipur,true
Refrigerator (Single Door),E-waste,appliance,C-Scheme,piece,5.0,dirty,49,2026-04-23,800.0,602.81,Jaipur,true
Refrigerator (Single Door),E-waste,appliance,Adarsh Nagar,piece,1.0,clean,25,2026-03-30,800.0,733.67,Jaipur,true
Refrigerator (Single Door),E-waste,appliance,Vaishali Nagar,piece,2.0,dirty,72,2026-05-16,800.0,596.04,Jaipur,true
Refrigerator (Single Door),E-waste,appliance,Tonk Road,piece,3.0,clean,100,2026-06-13,800.0,690.34,Jaipur,true
Refrigerator (Single Door),E-waste,appliance,Mansarovar,piece,2.0,damaged,54,2026-04-28,800.0,575.39,Jaipur,true
Refrigerator (Single Door),E-waste,appliance,Durgapura,piece,1.0,mixed,130,2026-07-13,800.0,723.95,Jaipur,true
Refrigerator (Single Door),E-waste,appliance,Sodala,piece,10.0,mixed,49,2026-04-23,800.0,719.66,Jaipur,true
Refrigerator (Single Door),E-waste,appliance,Patrakar Colony,piece,6.0,mixed,85,2026-05-29,800.0,646.86,Jaipur,true
Refrigerator (Single Door),E-waste,appliance,Gopalpura,piece,5.0,mixed,42,2026-04-16,800.0,708.69,Jaipur,true
Refrigerator (Single Door),E-waste,appliance,Patrakar Colony,piece,1.0,clean,92,2026-06-05,800.0,639.99,Jaipur,true
Refrigerator (Single Door),E-waste,appliance,Model Town,piece,4.0,clean,48,2026-04-22,800.0,759.04,Jaipur,true
Refrigerator (Single Door),E-waste,appliance,Hasanpura,piece,10.0,mixed,66,2026-05-10,800.0,733.07,Jaipur,true
Refrigerator (Single Door),E-waste,appliance,Patrakar Colony,piece,6.0,mixed,39,2026-04-13,800.0,745.6,Jaipur,true
Refrigerator (Single Door),E-waste,appliance,C-Scheme,piece,7.0,dirty,27,2026-04-01,800.0,649.52,Jaipur,true
Refrigerator (Single Door),E-waste,appliance,Adarsh Nagar,piece,9.0,dirty,35,2026-04-09,800.0,617.44,Jaipur,true
Refrigerator (Single Door),E-waste,appliance,Civil Lines,piece,8.0,mixed,5,2026-03-10,800.0,834.71,Jaipur,true
Refrigerator (Single Door),E-waste,appliance,Patrakar Colony,piece,5.0,clean,133,2026-07-16,800.0,710.39,Jaipur,true
Refrigerator (Single Door),E-waste,appliance,Model Town,piece,8.0,clean,161,2026-08-13,800.0,911.51,Jaipur,true
Refrigerator (Single Door),E-waste,appliance,Raja Park,piece,8.0,mixed,67,2026-05-11,800.0,684.75,Jaipur,true
Refrigerator (Single Door),E-waste,appliance,Ramnagariya,piece,3.0,dirty,75,2026-05-19,800.0,515.17,Jaipur,true
Refrigerator (Single Door),E-waste,appliance,Hasanpura,piece,9.0,clean,3,2026-03-08,800.0,903.78,Jaipur,true
Refrigerator (Single Door),E-waste,appliance,Gopalpura,piece,11.0,clean,159,2026-08-11,800.0,852.28,Jaipur,true
Refrigerator (Single Door),E-waste,appliance,Vaishali Nagar,piece,7.0,mixed,166,2026-08-18,800.0,894.18,Jaipur,true
Refrigerator (Single Door),E-waste,appliance,Nirman Nagar,piece,2.0,mixed,101,2026-06-14,800.0,710.71,Jaipur,true
Refrigerator (Single Door),E-waste,appliance,Sodala,piece,1.0,dirty,159,2026-08-11,800.0,686.13,Jaipur,true
Refrigerator (Single Door),E-waste,appliance,Hasanpura,piece,2.0,mixed,150,2026-08-02,800.0,804.48,Jaipur,true
Refrigerator (Single Door),E-waste,appliance,Mansarovar,piece,9.0,mixed,98,2026-06-11,800.0,761.98,Jaipur,true
Refrigerator (Single Door),E-waste,appliance,Airport Area,piece,9.0,mixed,1,2026-03-06,800.0,822.38,Jaipur,true
Refrigerator (Single Door),E-waste,appliance,Civil Lines,piece,10.0,clean,159,2026-08-11,800.0,910.13,Jaipur,true
Refrigerator (Single Door),E-waste,appliance,Airport Area,piece,7.0,clean,151,2026-08-03,800.0,842.18,Jaipur,true
Refrigerator (Single Door),E-waste,appliance,Barkat Nagar,piece,9.0,mixed,111,2026-06-24,800.0,764.25,Jaipur,true
Refrigerator (Single Door),E-waste,appliance,Vaishali Nagar,piece,10.0,mixed,110,2026-06-23,800.0,768.52,Jaipur,true
Refrigerator (Single Door),E-waste,appliance,MI Road,piece,10.0,mixed,87,2026-05-31,800.0,635.65,Jaipur,true
Refrigerator (Single Door),E-waste,appliance,Barkat Nagar,piece,4.0,mixed,53,2026-04-27,800.0,732.27,Jaipur,true
Refrigerator (Single Door),E-waste,appliance,Tonk Road,piece,5.0,dirty,81,2026-05-25,800.0,541.21,Jaipur,true
Refrigerator (Single Door),E-waste,appliance,Chandpole,piece,9.0,clean,33,2026-04-07,800.0,810.88,Jaipur,true
Refrigerator (Single Door),E-waste,appliance,Gopalpura,piece,7.0,mixed,173,2026-08-25,800.0,802.35,Jaipur,true
Refrigerator (Single Door),E-waste,appliance,Vaishali Nagar,piece,9.0,mixed,87,2026-05-31,800.0,712.19,Jaipur,true
Refrigerator (Single Door),E-waste,appliance,Civil Lines,piece,4.0,mixed,22,2026-03-27,800.0,739.77,Jaipur,true
Refrigerator (Single Door),E-waste,appliance,Durgapura,piece,7.0,mixed,30,2026-04-04,800.0,751.96,Jaipur,true
Refrigerator (Single Door),E-waste,appliance,Shyam Nagar,piece,9.0,mixed,30,2026-04-04,800.0,724.53,Jaipur,true
Refrigerator (Single Door),E-waste,appliance,Durgapura,piece,11.0,dirty,150,2026-08-02,800.0,664.83,Jaipur,true
Refrigerator (Single Door),E-waste,appliance,Barkat Nagar,piece,4.0,dirty,155,2026-08-07,800.0,730.17,Jaipur,true
Refrigerator (Single Door),E-waste,appliance,Hasanpura,piece,5.0,clean,0,2026-03-05,800.0,883.63,Jaipur,true
Refrigerator (Single Door),E-waste,appliance,Durgapura,piece,8.0,dirty,150,2026-08-02,800.0,664.83,Jaipur,true
Refrigerator (Single Door),E-waste,appliance,Airport Area,piece,9.0,mixed,73,2026-05-17,800.0,692.35,Jaipur,true
Refrigerator (Single Door),E-waste,appliance,Patrakar Colony,piece,2.0,mixed,4,2026-03-09,800.0,739.22,Jaipur,true
Refrigerator (Single Door),E-waste,appliance,Patrakar Colony,piece,7.0,clean,124,2026-07-07,800.0,721.04,Jaipur,true
Refrigerator (Single Door),E-waste,appliance,Sodala,piece,3.0,mixed,172,2026-08-24,800.0,798.72,Jaipur,true
Refrigerator (Single Door),E-waste,appliance,Mahesh Nagar,piece,3.0,clean,9,2026-03-14,800.0,835.41,Jaipur,true
Refrigerator (Single Door),E-waste,appliance,Mahesh Nagar,piece,8.0,damaged,100,2026-06-13,800.0,570.58,Jaipur,true
Refrigerator (Single Door),E-waste,appliance,Airport Area,piece,8.0,damaged,5,2026-03-10,800.0,620.5,Jaipur,true
Refrigerator (Double Door),E-waste,appliance,Raja Park,piece,11.0,mixed,145,2026-07-28,1200.0,1149.45,Jaipur,true
Refrigerator (Double Door),E-waste,appliance,Nirman Nagar,piece,2.0,dirty,175,2026-08-27,1200.0,1051.31,Jaipur,true
Refrigerator (Double Door),E-waste,appliance,Patrakar Colony,piece,2.0,clean,15,2026-03-20,1200.0,1111.16,Jaipur,true
Refrigerator (Double Door),E-waste,appliance,Mahesh Nagar,piece,1.0,clean,110,2026-06-23,1200.0,1177.06,Jaipur,true
Refrigerator (Double Door),E-waste,appliance,Barkat Nagar,piece,5.0,mixed,127,2026-07-10,1200.0,1122.66,Jaipur,true
Refrigerator (Double Door),E-waste,appliance,Raja Park,piece,6.0,clean,98,2026-06-11,1200.0,1120.96,Jaipur,true
Refrigerator (Double Door),E-waste,appliance,Civil Lines,piece,8.0,mixed,108,2026-06-21,1200.0,1129.08,Jaipur,true
Refrigerator (Double Door),E-waste,appliance,Barkat Nagar,piece,2.0,dirty,11,2026-03-16,1200.0,993.62,Jaipur,true
Refrigerator (Double Door),E-waste,appliance,Model Town,piece,7.0,clean,130,2026-07-13,1200.0,1183.35,Jaipur,true
Refrigerator (Double Door),E-waste,appliance,Ramnagariya,piece,9.0,dirty,10,2026-03-15,1200.0,908.87,Jaipur,true
Refrigerator (Double Door),E-waste,appliance,Raja Park,piece,5.0,mixed,12,2026-03-17,1200.0,1109.58,Jaipur,true
Refrigerator (Double Door),E-waste,appliance,Airport Area,piece,3.0,mixed,14,2026-03-19,1200.0,1142.98,Jaipur,true
Refrigerator (Double Door),E-waste,appliance,Ramnagariya,piece,10.0,mixed,148,2026-07-31,1200.0,1070.74,Jaipur,true
Refrigerator (Double Door),E-waste,appliance,Barkat Nagar,piece,1.0,mixed,103,2026-06-16,1200.0,1127.77,Jaipur,true
Refrigerator (Double Door),E-waste,appliance,Barkat Nagar,piece,2.0,mixed,24,2026-03-29,1200.0,1186.2,Jaipur,true
Refrigerator (Double Door),E-waste,appliance,Malviya Nagar,piece,3.0,clean,128,2026-07-11,1200.0,1066.27,Jaipur,true
Refrigerator (Double Door),E-waste,appliance,Shyam Nagar,piece,10.0,mixed,128,2026-07-11,1200.0,1078.93,Jaipur,true
Refrigerator (Double Door),E-waste,appliance,Model Town,piece,6.0,mixed,27,2026-04-01,1200.0,1160.52,Jaipur,true
Refrigerator (Double Door),E-waste,appliance,Hasanpura,piece,4.0,clean,29,2026-04-03,1200.0,1239.24,Jaipur,true
Refrigerator (Double Door),E-waste,appliance,Barkat Nagar,piece,2.0,clean,123,2026-07-06,1200.0,1161.73,Jaipur,true
Refrigerator (Double Door),E-waste,appliance,Civil Lines,piece,1.0,mixed,23,2026-03-28,1200.0,1138.06,Jaipur,true
Refrigerator (Double Door),E-waste,appliance,Hasanpura,piece,1.0,clean,26,2026-03-31,1200.0,1233.14,Jaipur,true
Refrigerator (Double Door),E-waste,appliance,Durgapura,piece,8.0,clean,114,2026-06-27,1200.0,1185.63,Jaipur,true
Refrigerator (Double Door),E-waste,appliance,Nirman Nagar,piece,11.0,mixed,118,2026-07-01,1200.0,1124.65,Jaipur,true
Refrigerator (Double Door),E-waste,appliance,Sodala,piece,5.0,mixed,158,2026-08-10,1200.0,1202.64,Jaipur,true
Refrigerator (Double Door),E-waste,appliance,Sodala,piece,11.0,dirty,73,2026-05-17,1200.0,854.29,Jaipur,true
Refrigerator (Double Door),E-waste,appliance,Durgapura,piece,1.0,damaged,33,2026-04-07,1200.0,820.78,Jaipur,true
Refrigerator (Double Door),E-waste,appliance,Mahesh Nagar,piece,10.0,mixed,80,2026-05-24,1200.0,1095.78,Jaipur,true
Refrigerator (Double Door),E-waste,appliance,Model Town,piece,8.0,dirty,111,2026-06-24,1200.0,932.28,Jaipur,true
Refrigerator (Double Door),E-waste,appliance,Malviya Nagar,piece,1.0,damaged,109,2026-06-22,1200.0,745.11,Jaipur,true
Refrigerator (Double Door),E-waste,appliance,Malviya Nagar,piece,7.0,dirty,169,2026-08-21,1200.0,1029.64,Jaipur,true
Refrigerator (Double Door),E-waste,appliance,Nirman Nagar,piece,10.0,dirty,98,2026-06-11,1200.0,920.88,Jaipur,true
Refrigerator (Double Door),E-waste,appliance,Gopalpura,piece,3.0,dirty,132,2026-07-15,1200.0,905.1,Jaipur,true
Refrigerator (Double Door),E-waste,appliance,MI Road,piece,1.0,damaged,153,2026-08-05,1200.0,852.42,Jaipur,true
Refrigerator (Double Door),E-waste,appliance,Sodala,piece,9.0,mixed,173,2026-08-25,1200.0,1232.79,Jaipur,true
Refrigerator (Double Door),E-waste,appliance,Civil Lines,piece,8.0,dirty,5,2026-03-10,1200.0,1064.26,Jaipur,true
Refrigerator (Double Door),E-waste,appliance,Sodala,piece,10.0,mixed,102,2026-06-15,1200.0,1076.57,Jaipur,true
Refrigerator (Double Door),E-waste,appliance,Mansarovar,piece,11.0,dirty,62,2026-05-06,1200.0,982.7,Jaipur,true
Refrigerator (Double Door),E-waste,appliance,Hasanpura,piece,9.0,mixed,25,2026-03-30,1200.0,1229.94,Jaipur,true
Refrigerator (Double Door),E-waste,appliance,C-Scheme,piece,3.0,mixed,8,2026-03-13,1200.0,1134.72,Jaipur,true
Refrigerator (Double Door),E-waste,appliance,Durgapura,piece,8.0,mixed,57,2026-05-01,1200.0,1074.12,Jaipur,true
Refrigerator (Double Door),E-waste,appliance,Adarsh Nagar,piece,4.0,dirty,82,2026-05-26,1200.0,808.29,Jaipur,true
Refrigerator (Double Door),E-waste,appliance,Vaishali Nagar,piece,1.0,dirty,48,2026-04-22,1200.0,970.4,Jaipur,true
Refrigerator (Double Door),E-waste,appliance,Raja Park,piece,4.0,damaged,37,2026-04-11,1200.0,836.82,Jaipur,true
Refrigerator (Double Door),E-waste,appliance,Raja Park,piece,4.0,dirty,27,2026-04-01,1200.0,950.81,Jaipur,true
Refrigerator (Double Door),E-waste,appliance,Patrakar Colony,piece,8.0,mixed,144,2026-07-27,1200.0,1071.35,Jaipur,true
Refrigerator (Double Door),E-waste,appliance,Malviya Nagar,piece,9.0,mixed,89,2026-06-02,1200.0,940.64,Jaipur,true
Refrigerator (Double Door),E-waste,appliance,Civil Lines,piece,11.0,mixed,155,2026-08-07,1200.0,1288.13,Jaipur,true
Refrigerator (Double Door),E-waste,appliance,Adarsh Nagar,piece,5.0,clean,63,2026-05-07,1200.0,1006.89,Jaipur,true
Refrigerator (Double Door),E-waste,appliance,Adarsh Nagar,piece,1.0,damaged,17,2026-03-22,1200.0,800.36,Jaipur,true
Refrigerator (Double Door),E-waste,appliance,Tonk Road,piece,9.0,dirty,0,2026-03-05,1200.0,986.65,Jaipur,true
Refrigerator (Double Door),E-waste,appliance,Shyam Nagar,piece,3.0,clean,177,2026-08-29,1200.0,1252.02,Jaipur,true
Refrigerator (Double Door),E-waste,appliance,Ramnagariya,piece,1.0,clean,12,2026-03-17,1200.0,1082.98,Jaipur,true
Refrigerator (Double Door),E-waste,appliance,MI Road,piece,9.0,clean,124,2026-07-07,1200.0,1095.08,Jaipur,true
Refrigerator (Double Door),E-waste,appliance,MI Road,piece,1.0,mixed,32,2026-04-06,1200.0,1037.11,Jaipur,true
Refrigerator (Double Door),E-waste,appliance,Sodala,piece,7.0,mixed,73,2026-05-17,1200.0,1005.04,Jaipur,true
Refrigerator (Double Door),E-waste,appliance,Sodala,piece,3.0,mixed,2,2026-03-07,1200.0,1167.24,Jaipur,true
Refrigerator (Double Door),E-waste,appliance,C-Scheme,piece,10.0,mixed,82,2026-05-26,1200.0,1048.24,Jaipur,true
Refrigerator (Double Door),E-waste,appliance,Nirman Nagar,piece,8.0,mixed,79,2026-05-23,1200.0,1022.27,Jaipur,true
Refrigerator (Double Door),E-waste,appliance,Tonk Road,piece,5.0,mixed,71,2026-05-15,1200.0,928.31,Jaipur,true
Refrigerator (Double Door),E-waste,appliance,Gopalpura,piece,4.0,mixed,51,2026-04-25,1200.0,1009.61,Jaipur,true
Refrigerator (Double Door),E-waste,appliance,Raja Park,piece,2.0,damaged,42,2026-04-16,1200.0,833.22,Jaipur,true
Refrigerator (Double Door),E-waste,appliance,Shyam Nagar,piece,6.0,clean,31,2026-04-05,1200.0,1151.0,Jaipur,true
Refrigerator (Double Door),E-waste,appliance,Nirman Nagar,piece,9.0,mixed,142,2026-07-25,1200.0,1179.52,Jaipur,true
Refrigerator (Double Door),E-waste,appliance,Nirman Nagar,piece,10.0,mixed,61,2026-05-05,1200.0,1083.84,Jaipur,true
Refrigerator (Double Door),E-waste,appliance,Hasanpura,piece,4.0,clean,33,2026-04-07,1200.0,1217.36,Jaipur,true
Refrigerator (Double Door),E-waste,appliance,Ramnagariya,piece,5.0,clean,61,2026-05-05,1200.0,1012.07,Jaipur,true
Refrigerator (Double Door),E-waste,appliance,Gopalpura,piece,5.0,mixed,159,2026-08-11,1200.0,1182.08,Jaipur,true
Refrigerator (Double Door),E-waste,appliance,Sodala,piece,6.0,clean,1,2026-03-06,1200.0,1253.49,Jaipur,true
Refrigerator (Double Door),E-waste,appliance,Ramnagariya,piece,6.0,clean,127,2026-07-10,1200.0,1072.03,Jaipur,true
Refrigerator (Double Door),E-waste,appliance,Sodala,piece,7.0,clean,12,2026-03-17,1200.0,1176.16,Jaipur,true
Refrigerator (Double Door),E-waste,appliance,Civil Lines,piece,11.0,clean,51,2026-04-25,1200.0,1166.01,Jaipur,true
Refrigerator (Double Door),E-waste,appliance,Barkat Nagar,piece,1.0,mixed,73,2026-05-17,1200.0,1048.11,Jaipur,true
Refrigerator (Double Door),E-waste,appliance,Airport Area,piece,3.0,clean,48,2026-04-22,1200.0,1144.81,Jaipur,true
Refrigerator (Double Door),E-waste,appliance,Vaishali Nagar,piece,11.0,dirty,130,2026-07-13,1200.0,1008.57,Jaipur,true
Refrigerator (Double Door),E-waste,appliance,Tonk Road,piece,6.0,mixed,106,2026-06-19,1200.0,1051.54,Jaipur,true
Refrigerator (Double Door),E-waste,appliance,Chandpole,piece,1.0,clean,103,2026-06-16,1200.0,1155.53,Jaipur,true
Refrigerator (Double Door),E-waste,appliance,Shyam Nagar,piece,5.0,clean,119,2026-07-02,1200.0,1104.52,Jaipur,true
Refrigerator (Double Door),E-waste,appliance,Mahesh Nagar,piece,1.0,dirty,101,2026-06-14,1200.0,948.48,Jaipur,true
Refrigerator (Double Door),E-waste,appliance,Mansarovar,piece,5.0,clean,58,2026-05-02,1200.0,1167.16,Jaipur,true
Refrigerator (Double Door),E-waste,appliance,Chandpole,piece,6.0,mixed,85,2026-05-29,1200.0,1066.32,Jaipur,true
Refrigerator (Double Door),E-waste,appliance,C-Scheme,piece,2.0,mixed,162,2026-08-14,1200.0,1238.7,Jaipur,true
Refrigerator (Double Door),E-waste,appliance,Hasanpura,piece,4.0,mixed,103,2026-06-16,1200.0,1134.49,Jaipur,true
Refrigerator (Double Door),E-waste,appliance,Mahesh Nagar,piece,1.0,dirty,79,2026-05-23,1200.0,883.02,Jaipur,true
Refrigerator (Double Door),E-waste,appliance,Mansarovar,piece,5.0,clean,169,2026-08-21,1200.0,1415.85,Jaipur,true
Refrigerator (Double Door),E-waste,appliance,Mahesh Nagar,piece,5.0,mixed,24,2026-03-29,1200.0,1196.79,Jaipur,true
Refrigerator (Double Door),E-waste,appliance,Raja Park,piece,1.0,dirty,43,2026-04-17,1200.0,924.88,Jaipur,true
Refrigerator (Double Door),E-waste,appliance,Airport Area,piece,6.0,clean,92,2026-06-05,1200.0,1071.25,Jaipur,true
Refrigerator (Double Door),E-waste,appliance,Durgapura,piece,2.0,mixed,170,2026-08-22,1200.0,1247.46,Jaipur,true
Refrigerator (Double Door),E-waste,appliance,Nirman Nagar,piece,9.0,mixed,49,2026-04-23,1200.0,1117.68,Jaipur,true
AC (1 ton),E-waste,appliance,Airport Area,piece,10.0,mixed,163,2026-08-15,3000.0,3232.62,Jaipur,true
AC (1 ton),E-waste,appliance,Nirman Nagar,piece,10.0,clean,125,2026-07-08,3000.0,2925.93,Jaipur,true
AC (1 ton),E-waste,appliance,Model Town,piece,4.0,clean,172,2026-08-24,3000.0,3232.02,Jaipur,true
AC (1 ton),E-waste,appliance,Gopalpura,piece,11.0,dirty,105,2026-06-18,3000.0,2233.58,Jaipur,true
AC (1 ton),E-waste,appliance,Gopalpura,piece,11.0,mixed,70,2026-05-14,3000.0,2458.95,Jaipur,true
AC (1 ton),E-waste,appliance,Raja Park,piece,2.0,mixed,161,2026-08-13,3000.0,3137.81,Jaipur,true
AC (1 ton),E-waste,appliance,Chandpole,piece,7.0,damaged,79,2026-05-23,3000.0,1940.44,Jaipur,true
AC (1 ton),E-waste,appliance,Model Town,piece,5.0,clean,16,2026-03-21,3000.0,2937.36,Jaipur,true
AC (1 ton),E-waste,appliance,Mansarovar,piece,10.0,mixed,149,2026-08-01,3000.0,3127.83,Jaipur,true
AC (1 ton),E-waste,appliance,Raja Park,piece,7.0,mixed,179,2026-08-31,3000.0,3071.23,Jaipur,true
AC (1 ton),E-waste,appliance,Barkat Nagar,piece,1.0,damaged,103,2026-06-16,3000.0,2114.57,Jaipur,true
AC (1 ton),E-waste,appliance,Barkat Nagar,piece,3.0,dirty,23,2026-03-28,3000.0,2491.7,Jaipur,true
AC (1 ton),E-waste,appliance,Model Town,piece,10.0,mixed,146,2026-07-29,3000.0,2909.19,Jaipur,true
AC (1 ton),E-waste,appliance,Airport Area,piece,7.0,mixed,108,2026-06-21,3000.0,2797.76,Jaipur,true
AC (1 ton),E-waste,appliance,Barkat Nagar,piece,7.0,dirty,101,2026-06-14,3000.0,2420.72,Jaipur,true
AC (1 ton),E-waste,appliance,MI Road,piece,2.0,clean,150,2026-08-02,3000.0,2831.01,Jaipur,true
AC (1 ton),E-waste,appliance,MI Road,piece,11.0,mixed,37,2026-04-11,3000.0,2719.4,Jaipur,true
AC (1 ton),E-waste,appliance,Mansarovar,piece,4.0,damaged,116,2026-06-29,3000.0,2235.47,Jaipur,true
AC (1 ton),E-waste,appliance,Malviya Nagar,piece,4.0,clean,78,2026-05-22,3000.0,2397.27,Jaipur,true
AC (1 ton),E-waste,appliance,Adarsh Nagar,piece,10.0,damaged,95,2026-06-08,3000.0,1775.91,Jaipur,true
AC (1 ton),E-waste,appliance,C-Scheme,piece,6.0,damaged,135,2026-07-18,3000.0,2062.32,Jaipur,true
AC (1 ton),E-waste,appliance,Patrakar Colony,piece,4.0,mixed,13,2026-03-18,3000.0,2604.6,Jaipur,true
AC (1 ton),E-waste,appliance,Airport Area,piece,3.0,mixed,109,2026-06-22,3000.0,2693.88,Jaipur,true
AC (1 ton),E-waste,appliance,Civil Lines,piece,1.0,mixed,91,2026-06-04,3000.0,2498.38,Jaipur,true
AC (1 ton),E-waste,appliance,Durgapura,piece,6.0,clean,9,2026-03-14,3000.0,3036.85,Jaipur,true
AC (1 ton),E-waste,appliance,Tonk Road,piece,10.0,dirty,169,2026-08-21,3000.0,2606.43,Jaipur,true
AC (1 ton),E-waste,appliance,C-Scheme,piece,3.0,mixed,124,2026-07-07,3000.0,2660.63,Jaipur,true
AC (1 ton),E-waste,appliance,Nirman Nagar,piece,7.0,clean,178,2026-08-30,3000.0,3328.64,Jaipur,true
AC (1 ton),E-waste,appliance,Mahesh Nagar,piece,10.0,clean,86,2026-05-30,3000.0,2808.78,Jaipur,true
AC (1 ton),E-waste,appliance,MI Road,piece,2.0,clean,117,2026-06-30,3000.0,2750.07,Jaipur,true
AC (1 ton),E-waste,appliance,Adarsh Nagar,piece,2.0,mixed,125,2026-07-08,3000.0,2478.18,Jaipur,true
AC (1 ton),E-waste,appliance,Chandpole,piece,5.0,mixed,126,2026-07-09,3000.0,2740.83,Jaipur,true
AC (1 ton),E-waste,appliance,Ramnagariya,piece,6.0,mixed,106,2026-06-19,3000.0,2584.54,Jaipur,true
AC (1 ton),E-waste,appliance,Nirman Nagar,piece,8.0,dirty,71,2026-05-15,3000.0,2180.79,Jaipur,true
AC (1 ton),E-waste,appliance,Vaishali Nagar,piece,11.0,clean,138,2026-07-21,3000.0,3224.82,Jaipur,true
AC (1 ton),E-waste,appliance,Malviya Nagar,piece,5.0,mixed,11,2026-03-16,3000.0,2592.02,Jaipur,true
AC (1 ton),E-waste,appliance,Barkat Nagar,piece,11.0,damaged,123,2026-07-06,3000.0,2136.75,Jaipur,true
AC (1 ton),E-waste,appliance,Model Town,piece,10.0,damaged,100,2026-06-13,3000.0,2029.03,Jaipur,true
AC (1 ton),E-waste,appliance,Patrakar Colony,piece,9.0,mixed,158,2026-08-10,3000.0,2953.65,Jaipur,true
AC (1 ton),E-waste,appliance,Chandpole,piece,9.0,mixed,148,2026-07-31,3000.0,2958.44,Jaipur,true
AC (1 ton),E-waste,appliance,Shyam Nagar,piece,8.0,clean,110,2026-06-23,3000.0,2748.45,Jaipur,true
AC (1 ton),E-waste,appliance,Hasanpura,piece,6.0,mixed,74,2026-05-18,3000.0,2667.16,Jaipur,true
AC (1 ton),E-waste,appliance,Mahesh Nagar,piece,1.0,damaged,169,2026-08-21,3000.0,2508.39,Jaipur,true
AC (1 ton),E-waste,appliance,Nirman Nagar,piece,2.0,clean,88,2026-06-01,3000.0,2605.31,Jaipur,true
AC (1 ton),E-waste,appliance,Malviya Nagar,piece,6.0,clean,136,2026-07-19,3000.0,2730.47,Jaipur,true
AC (1 ton),E-waste,appliance,C-Scheme,piece,3.0,clean,54,2026-04-28,3000.0,2806.95,Jaipur,true
AC (1 ton),E-waste,appliance,Nirman Nagar,piece,5.0,mixed,146,2026-07-29,3000.0,2845.61,Jaipur,true
AC (1 ton),E-waste,appliance,Civil Lines,piece,8.0,mixed,151,2026-08-03,3000.0,3034.6,Jaipur,true
AC (1 ton),E-waste,appliance,Chandpole,piece,10.0,mixed,68,2026-05-12,3000.0,2688.58,Jaipur,true
AC (1 ton),E-waste,appliance,MI Road,piece,10.0,mixed,167,2026-08-19,3000.0,2970.43,Jaipur,true
AC (1 ton),E-waste,appliance,Civil Lines,piece,10.0,dirty,93,2026-06-06,3000.0,2187.33,Jaipur,true
AC (1 ton),E-waste,appliance,Malviya Nagar,piece,2.0,clean,113,2026-06-26,3000.0,2681.69,Jaipur,true
AC (1 ton),E-waste,appliance,C-Scheme,piece,7.0,clean,2,2026-03-07,3000.0,3203.29,Jaipur,true
AC (1 ton),E-waste,appliance,Adarsh Nagar,piece,9.0,damaged,122,2026-07-05,3000.0,1957.2,Jaipur,true
AC (1 ton),E-waste,appliance,Shyam Nagar,piece,1.0,mixed,112,2026-06-25,3000.0,2587.28,Jaipur,true
AC (1 ton),E-waste,appliance,Raja Park,piece,11.0,clean,35,2026-04-09,3000.0,3076.96,Jaipur,true
AC (1 ton),E-waste,appliance,Barkat Nagar,piece,9.0,mixed,177,2026-08-29,3000.0,3356.02,Jaipur,true
AC (1 ton),E-waste,appliance,Vaishali Nagar,piece,1.0,clean,33,2026-04-07,3000.0,3047.49,Jaipur,true
AC (1 ton),E-waste,appliance,Ramnagariya,piece,9.0,dirty,30,2026-04-04,3000.0,2228.76,Jaipur,true
AC (1 ton),E-waste,appliance,Vaishali Nagar,piece,4.0,clean,169,2026-08-21,3000.0,3506.11,Jaipur,true
AC (1 ton),E-waste,appliance,Mansarovar,piece,3.0,dirty,18,2026-03-23,3000.0,2567.17,Jaipur,true
AC (1 ton),E-waste,appliance,Barkat Nagar,piece,2.0,mixed,73,2026-05-17,3000.0,2620.28,Jaipur,true
AC (1 ton),E-waste,appliance,Shyam Nagar,piece,11.0,clean,9,2026-03-14,3000.0,2926.04,Jaipur,true
AC (1 ton),E-waste,appliance,Sodala,piece,7.0,clean,17,2026-03-22,3000.0,3042.24,Jaipur,true
AC (1 ton),E-waste,appliance,Ramnagariya,piece,3.0,mixed,86,2026-05-30,3000.0,2272.81,Jaipur,true
AC (1 ton),E-waste,appliance,Model Town,piece,9.0,clean,178,2026-08-30,3000.0,3303.9,Jaipur,true
AC (1 ton),E-waste,appliance,Sodala,piece,11.0,dirty,93,2026-06-06,3000.0,2098.1,Jaipur,true
AC (1 ton),E-waste,appliance,C-Scheme,piece,4.0,damaged,155,2026-08-07,3000.0,2282.99,Jaipur,true
AC (1 ton),E-waste,appliance,Mahesh Nagar,piece,5.0,mixed,132,2026-07-15,3000.0,2955.09,Jaipur,true
AC (1 ton),E-waste,appliance,Model Town,piece,4.0,mixed,58,2026-05-02,3000.0,2614.5,Jaipur,true
AC (1 ton),E-waste,appliance,Shyam Nagar,piece,3.0,mixed,76,2026-05-20,3000.0,2355.07,Jaipur,true
AC (1 ton),E-waste,appliance,Gopalpura,piece,2.0,mixed,178,2026-08-30,3000.0,2902.06,Jaipur,true
AC (1 ton),E-waste,appliance,Airport Area,piece,7.0,mixed,171,2026-08-23,3000.0,3237.19,Jaipur,true
AC (1 ton),E-waste,appliance,Mahesh Nagar,piece,5.0,mixed,157,2026-08-09,3000.0,3233.01,Jaipur,true
AC (1 ton),E-waste,appliance,Ramnagariya,piece,3.0,damaged,127,2026-07-10,3000.0,1858.57,Jaipur,true
AC (1 ton),E-waste,appliance,Nirman Nagar,piece,8.0,dirty,90,2026-06-03,3000.0,2186.53,Jaipur,true
AC (1 ton),E-waste,appliance,Ramnagariya,piece,6.0,mixed,110,2026-06-23,3000.0,2526.14,Jaipur,true
AC (1 ton),E-waste,appliance,Hasanpura,piece,4.0,clean,112,2026-06-25,3000.0,2987.03,Jaipur,true
AC (1 ton),E-waste,appliance,Hasanpura,piece,1.0,mixed,87,2026-05-31,3000.0,2589.47,Jaipur,true
AC (1 ton),E-waste,appliance,Civil Lines,piece,6.0,mixed,84,2026-05-28,3000.0,2660.06,Jaipur,true
AC (1 ton),E-waste,appliance,Gopalpura,piece,1.0,clean,178,2026-08-30,3000.0,3047.16,Jaipur,true
AC (1 ton),E-waste,appliance,Model Town,piece,1.0,dirty,38,2026-04-12,3000.0,2434.04,Jaipur,true
AC (1 ton),E-waste,appliance,Barkat Nagar,piece,6.0,mixed,146,2026-07-29,3000.0,3040.7,Jaipur,true
AC (1 ton),E-waste,appliance,Patrakar Colony,piece,11.0,mixed,123,2026-07-06,3000.0,2529.75,Jaipur,true
AC (1 ton),E-waste,appliance,Durgapura,piece,10.0,dirty,59,2026-05-03,3000.0,2240.27,Jaipur,true
AC (1 ton),E-waste,appliance,Adarsh Nagar,piece,7.0,clean,25,2026-03-30,3000.0,2833.78,Jaipur,true
AC (1 ton),E-waste,appliance,Airport Area,piece,8.0,dirty,25,2026-03-30,3000.0,2499.4,Jaipur,true
AC (1 ton),E-waste,appliance,Malviya Nagar,piece,5.0,dirty,36,2026-04-10,3000.0,2168.89,Jaipur,true
AC (1 ton),E-waste,appliance,C-Scheme,piece,8.0,mixed,95,2026-06-08,3000.0,2534.16,Jaipur,true
AC (1 ton),E-waste,appliance,Sodala,piece,5.0,dirty,114,2026-06-27,3000.0,2284.04,Jaipur,true
AC (1.5 ton),E-waste,appliance,Civil Lines,piece,11.0,mixed,64,2026-05-08,3200.0,2885.3,Jaipur,true
AC (1.5 ton),E-waste,appliance,Shyam Nagar,piece,4.0,clean,149,2026-08-01,3200.0,3059.88,Jaipur,true
AC (1.5 ton),E-waste,appliance,Gopalpura,piece,3.0,clean,63,2026-05-07,3200.0,2763.91,Jaipur,true
AC (1.5 ton),E-waste,appliance,Durgapura,piece,5.0,mixed,21,2026-03-26,3200.0,2941.44,Jaipur,true
AC (1.5 ton),E-waste,appliance,Gopalpura,piece,2.0,mixed,26,2026-03-31,3200.0,2829.54,Jaipur,true
AC (1.5 ton),E-waste,appliance,Gopalpura,piece,4.0,mixed,85,2026-05-29,3200.0,2571.31,Jaipur,true
AC (1.5 ton),E-waste,appliance,Gopalpura,piece,7.0,mixed,13,2026-03-18,3200.0,2929.05,Jaipur,true
AC (1.5 ton),E-waste,appliance,Airport Area,piece,3.0,damaged,32,2026-04-06,3200.0,2219.44,Jaipur,true
AC (1.5 ton),E-waste,appliance,Durgapura,piece,2.0,dirty,76,2026-05-20,3200.0,2216.13,Jaipur,true
AC (1.5 ton),E-waste,appliance,Chandpole,piece,9.0,dirty,135,2026-07-18,3200.0,2574.57,Jaipur,true
AC (1.5 ton),E-waste,appliance,Gopalpura,piece,7.0,dirty,121,2026-07-04,3200.0,2420.81,Jaipur,true
AC (1.5 ton),E-waste,appliance,Nirman Nagar,piece,8.0,mixed,130,2026-07-13,3200.0,3027.83,Jaipur,true
AC (1.5 ton),E-waste,appliance,Model Town,piece,9.0,dirty,129,2026-07-12,3200.0,2590.9,Jaipur,true
AC (1.5 ton),E-waste,appliance,C-Scheme,piece,9.0,mixed,36,2026-04-10,3200.0,2986.74,Jaipur,true
AC (1.5 ton),E-waste,appliance,Barkat Nagar,piece,3.0,dirty,114,2026-06-27,3200.0,2616.94,Jaipur,true
AC (1.5 ton),E-waste,appliance,Tonk Road,piece,11.0,clean,40,2026-04-14,3200.0,3059.5,Jaipur,true
AC (1.5 ton),E-waste,appliance,Gopalpura,piece,1.0,dirty,13,2026-03-18,3200.0,2417.17,Jaipur,true
AC (1.5 ton),E-waste,appliance,Patrakar Colony,piece,2.0,mixed,109,2026-06-22,3200.0,2652.28,Jaipur,true
AC (1.5 ton),E-waste,appliance,Mahesh Nagar,piece,11.0,mixed,22,2026-03-27,3200.0,3168.31,Jaipur,true
AC (1.5 ton),E-waste,appliance,Mahesh Nagar,piece,11.0,clean,133,2026-07-16,3200.0,3325.59,Jaipur,true
AC (1.5 ton),E-waste,appliance,Patrakar Colony,piece,2.0,damaged,74,2026-05-18,3200.0,1828.55,Jaipur,true
AC (1.5 ton),E-waste,appliance,C-Scheme,piece,7.0,clean,127,2026-07-10,3200.0,3059.5,Jaipur,true
AC (1.5 ton),E-waste,appliance,C-Scheme,piece,10.0,mixed,155,2026-08-07,3200.0,3344.33,Jaipur,true
AC (1.5 ton),E-waste,appliance,Vaishali Nagar,piece,4.0,mixed,122,2026-07-05,3200.0,3083.13,Jaipur,true
AC (1.5 ton),E-waste,appliance,Sodala,piece,11.0,mixed,124,2026-07-07,3200.0,2879.92,Jaipur,true
AC (1.5 ton),E-waste,appliance,Tonk Road,piece,6.0,mixed,69,2026-05-13,3200.0,2588.07,Jaipur,true
AC (1.5 ton),E-waste,appliance,Civil Lines,piece,3.0,mixed,20,2026-03-25,3200.0,3004.65,Jaipur,true
AC (1.5 ton),E-waste,appliance,Vaishali Nagar,piece,7.0,mixed,163,2026-08-15,3200.0,3610.53,Jaipur,true
AC (1.5 ton),E-waste,appliance,Patrakar Colony,piece,1.0,mixed,158,2026-08-10,3200.0,3058.79,Jaipur,true
AC (1.5 ton),E-waste,appliance,Vaishali Nagar,piece,9.0,mixed,20,2026-03-25,3200.0,3211.93,Jaipur,true
AC (1.5 ton),E-waste,appliance,Gopalpura,piece,9.0,dirty,19,2026-03-24,3200.0,2499.26,Jaipur,true
AC (1.5 ton),E-waste,appliance,C-Scheme,piece,5.0,clean,66,2026-05-10,3200.0,2807.94,Jaipur,true
AC (1.5 ton),E-waste,appliance,Gopalpura,piece,4.0,mixed,62,2026-05-06,3200.0,2675.13,Jaipur,true
AC (1.5 ton),E-waste,appliance,Adarsh Nagar,piece,3.0,dirty,61,2026-05-05,3200.0,2184.79,Jaipur,true
AC (1.5 ton),E-waste,appliance,Airport Area,piece,5.0,mixed,105,2026-06-18,3200.0,2880.34,Jaipur,true
AC (1.5 ton),E-waste,appliance,Mahesh Nagar,piece,11.0,clean,36,2026-04-10,3200.0,3348.4,Jaipur,true
AC (1.5 ton),E-waste,appliance,Hasanpura,piece,6.0,clean,44,2026-04-18,3200.0,3219.49,Jaipur,true
AC (1.5 ton),E-waste,appliance,Durgapura,piece,1.0,clean,166,2026-08-18,3200.0,3437.09,Jaipur,true
AC (1.5 ton),E-waste,appliance,Sodala,piece,9.0,mixed,27,2026-04-01,3200.0,3011.35,Jaipur,true
AC (1.5 ton),E-waste,appliance,Raja Park,piece,6.0,mixed,56,2026-04-30,3200.0,2881.04,Jaipur,true
AC (1.5 ton),E-waste,appliance,Hasanpura,piece,10.0,dirty,41,2026-04-15,3200.0,2692.45,Jaipur,true
AC (1.5 ton),E-waste,appliance,Barkat Nagar,piece,2.0,dirty,44,2026-04-18,3200.0,2515.36,Jaipur,true
AC (1.5 ton),E-waste,appliance,Sodala,piece,6.0,mixed,73,2026-05-17,3200.0,2680.11,Jaipur,true
AC (1.5 ton),E-waste,appliance,Vaishali Nagar,piece,7.0,mixed,22,2026-03-27,3200.0,3163.22,Jaipur,true
AC (1.5 ton),E-waste,appliance,Raja Park,piece,1.0,clean,145,2026-07-28,3200.0,3124.72,Jaipur,true
AC (1.5 ton),E-waste,appliance,Civil Lines,piece,5.0,clean,175,2026-08-27,3200.0,3487.06,Jaipur,true
AC (1.5 ton),E-waste,appliance,Patrakar Colony,piece,5.0,dirty,101,2026-06-14,3200.0,2225.98,Jaipur,true
AC (1.5 ton),E-waste,appliance,Shyam Nagar,piece,3.0,clean,16,2026-03-21,3200.0,2996.13,Jaipur,true
AC (1.5 ton),E-waste,appliance,Vaishali Nagar,piece,6.0,damaged,23,2026-03-28,3200.0,2433.13,Jaipur,true
AC (1.5 ton),E-waste,appliance,Chandpole,piece,10.0,damaged,79,2026-05-23,3200.0,2069.81,Jaipur,true
AC (1.5 ton),E-waste,appliance,Nirman Nagar,piece,6.0,mixed,34,2026-04-08,3200.0,3120.84,Jaipur,true
AC (1.5 ton),E-waste,appliance,Shyam Nagar,piece,4.0,mixed,87,2026-05-31,3200.0,2512.08,Jaipur,true
AC (1.5 ton),E-waste,appliance,Malviya Nagar,piece,3.0,mixed,65,2026-05-09,3200.0,2555.52,Jaipur,true
AC (1.5 ton),E-waste,appliance,Chandpole,piece,4.0,mixed,101,2026-06-14,3200.0,2877.98,Jaipur,true
AC (1.5 ton),E-waste,appliance,MI Road,piece,4.0,damaged,1,2026-03-06,3200.0,2238.56,Jaipur,true
AC (1.5 ton),E-waste,appliance,Vaishali Nagar,piece,7.0,mixed,70,2026-05-14,3200.0,2906.93,Jaipur,true
AC (1.5 ton),E-waste,appliance,Airport Area,piece,8.0,clean,134,2026-07-17,3200.0,3236.87,Jaipur,true
AC (1.5 ton),E-waste,appliance,Ramnagariya,piece,5.0,clean,65,2026-05-09,3200.0,2671.18,Jaipur,true
AC (1.5 ton),E-waste,appliance,Barkat Nagar,piece,6.0,mixed,140,2026-07-23,3200.0,3262.16,Jaipur,true
AC (1.5 ton),E-waste,appliance,Chandpole,piece,2.0,damaged,130,2026-07-13,3200.0,2231.97,Jaipur,true
AC (1.5 ton),E-waste,appliance,Tonk Road,piece,2.0,damaged,1,2026-03-06,3200.0,2236.15,Jaipur,true
AC (1.5 ton),E-waste,appliance,C-Scheme,piece,8.0,damaged,130,2026-07-13,3200.0,2226.19,Jaipur,true
AC (1.5 ton),E-waste,appliance,Raja Park,piece,2.0,mixed,89,2026-06-02,3200.0,2608.06,Jaipur,true
AC (1.5 ton),E-waste,appliance,Tonk Road,piece,5.0,clean,77,2026-05-21,3200.0,2589.19,Jaipur,true
AC (1.5 ton),E-waste,appliance,Ramnagariya,piece,10.0,dirty,126,2026-07-09,3200.0,2315.94,Jaipur,true
AC (1.5 ton),E-waste,appliance,Mansarovar,piece,5.0,mixed,140,2026-07-23,3200.0,3220.77,Jaipur,true
AC (1.5 ton),E-waste,appliance,Vaishali Nagar,piece,6.0,mixed,2,2026-03-07,3200.0,3468.88,Jaipur,true
AC (1.5 ton),E-waste,appliance,Shyam Nagar,piece,10.0,damaged,49,2026-04-23,3200.0,2121.69,Jaipur,true
AC (1.5 ton),E-waste,appliance,Mansarovar,piece,6.0,clean,144,2026-07-27,3200.0,3435.56,Jaipur,true
AC (1.5 ton),E-waste,appliance,C-Scheme,piece,9.0,mixed,115,2026-06-28,3200.0,3027.56,Jaipur,true
AC (1.5 ton),E-waste,appliance,Durgapura,piece,1.0,mixed,73,2026-05-17,3200.0,2653.95,Jaipur,true
AC (1.5 ton),E-waste,appliance,Patrakar Colony,piece,4.0,dirty,23,2026-03-28,3200.0,2359.99,Jaipur,true
AC (1.5 ton),E-waste,appliance,Durgapura,piece,5.0,mixed,70,2026-05-14,3200.0,2660.43,Jaipur,true
AC (1.5 ton),E-waste,appliance,Raja Park,piece,7.0,dirty,14,2026-03-19,3200.0,2634.8,Jaipur,true
AC (1.5 ton),E-waste,appliance,Gopalpura,piece,3.0,mixed,80,2026-05-24,3200.0,2555.64,Jaipur,true
AC (1.5 ton),E-waste,appliance,Nirman Nagar,piece,11.0,mixed,25,2026-03-30,3200.0,3142.76,Jaipur,true
AC (1.5 ton),E-waste,appliance,Durgapura,piece,10.0,mixed,70,2026-05-14,3200.0,2740.25,Jaipur,true
AC (1.5 ton),E-waste,appliance,Malviya Nagar,piece,11.0,damaged,17,2026-03-22,3200.0,2208.27,Jaipur,true
AC (1.5 ton),E-waste,appliance,Shyam Nagar,piece,1.0,mixed,54,2026-04-28,3200.0,2760.83,Jaipur,true
AC (1.5 ton),E-waste,appliance,MI Road,piece,5.0,damaged,87,2026-05-31,3200.0,1851.42,Jaipur,true
AC (1.5 ton),E-waste,appliance,Nirman Nagar,piece,5.0,dirty,179,2026-08-31,3200.0,2743.49,Jaipur,true
AC (1.5 ton),E-waste,appliance,Durgapura,piece,1.0,damaged,153,2026-08-05,3200.0,2400.79,Jaipur,true
AC (1.5 ton),E-waste,appliance,Hasanpura,piece,3.0,damaged,148,2026-07-31,3200.0,2368.78,Jaipur,true
AC (1.5 ton),E-waste,appliance,C-Scheme,piece,8.0,mixed,173,2026-08-25,3200.0,3336.78,Jaipur,true
AC (1.5 ton),E-waste,appliance,MI Road,piece,2.0,clean,49,2026-04-23,3200.0,2833.88,Jaipur,true
AC (1.5 ton),E-waste,appliance,Tonk Road,piece,10.0,mixed,17,2026-03-22,3200.0,2981.32,Jaipur,true
AC (1.5 ton),E-waste,appliance,Airport Area,piece,7.0,mixed,166,2026-08-18,3200.0,3415.83,Jaipur,true
AC (1.5 ton),E-waste,appliance,Sodala,piece,4.0,clean,92,2026-06-05,3200.0,2684.04,Jaipur,true
AC (1.5 ton),E-waste,appliance,Barkat Nagar,piece,3.0,mixed,117,2026-06-30,3200.0,3107.43,Jaipur,true
AC (1.5 ton),E-waste,appliance,Nirman Nagar,piece,10.0,dirty,87,2026-05-31,3200.0,2317.15,Jaipur,true
AC (2 Ton),E-waste,appliance,Tonk Road,piece,5.0,mixed,155,2026-08-07,3500.0,3375.17,Jaipur,true
AC (2 Ton),E-waste,appliance,MI Road,piece,10.0,dirty,1,2026-03-06,3500.0,2858.13,Jaipur,true
AC (2 Ton),E-waste,appliance,Ramnagariya,piece,8.0,mixed,50,2026-04-24,3500.0,3066.81,Jaipur,true
AC (2 Ton),E-waste,appliance,Shyam Nagar,piece,7.0,mixed,178,2026-08-30,3500.0,3510.42,Jaipur,true
AC (2 Ton),E-waste,appliance,Vaishali Nagar,piece,1.0,mixed,73,2026-05-17,3500.0,3079.33,Jaipur,true
AC (2 Ton),E-waste,appliance,Shyam Nagar,piece,10.0,mixed,114,2026-06-27,3500.0,3173.24,Jaipur,true
AC (2 Ton),E-waste,appliance,Nirman Nagar,piece,6.0,dirty,137,2026-07-20,3500.0,2866.12,Jaipur,true
AC (2 Ton),E-waste,appliance,Vaishali Nagar,piece,5.0,damaged,99,2026-06-12,3500.0,2388.51,Jaipur,true
AC (2 Ton),E-waste,appliance,Model Town,piece,5.0,clean,127,2026-07-10,3500.0,3289.44,Jaipur,true
AC (2 Ton),E-waste,appliance,Airport Area,piece,5.0,clean,45,2026-04-19,3500.0,3312.15,Jaipur,true
AC (2 Ton),E-waste,appliance,Hasanpura,piece,11.0,mixed,145,2026-07-28,3500.0,3550.58,Jaipur,true
AC (2 Ton),E-waste,appliance,Nirman Nagar,piece,9.0,mixed,122,2026-07-05,3500.0,3323.72,Jaipur,true
AC (2 Ton),E-waste,appliance,Sodala,piece,11.0,mixed,153,2026-08-05,3500.0,3535.67,Jaipur,true
AC (2 Ton),E-waste,appliance,Mahesh Nagar,piece,1.0,mixed,74,2026-05-18,3500.0,3029.97,Jaipur,true
AC (2 Ton),E-waste,appliance,Nirman Nagar,piece,8.0,dirty,31,2026-04-05,3500.0,2863.23,Jaipur,true
AC (2 Ton),E-waste,appliance,Adarsh Nagar,piece,5.0,mixed,137,2026-07-20,3500.0,2998.7,Jaipur,true
AC (2 Ton),E-waste,appliance,Durgapura,piece,1.0,clean,41,2026-04-15,3500.0,3333.76,Jaipur,true
AC (2 Ton),E-waste,appliance,Raja Park,piece,3.0,damaged,41,2026-04-15,3500.0,2382.04,Jaipur,true
AC (2 Ton),E-waste,appliance,Model Town,piece,1.0,damaged,24,2026-03-29,3500.0,2482.59,Jaipur,true
AC (2 Ton),E-waste,appliance,Airport Area,piece,8.0,mixed,112,2026-06-25,3500.0,3269.1,Jaipur,true
AC (2 Ton),E-waste,appliance,Hasanpura,piece,11.0,mixed,77,2026-05-21,3500.0,3111.68,Jaipur,true
AC (2 Ton),E-waste,appliance,MI Road,piece,5.0,dirty,44,2026-04-18,3500.0,2473.44,Jaipur,true
AC (2 Ton),E-waste,appliance,Adarsh Nagar,piece,7.0,dirty,37,2026-04-11,3500.0,2648.44,Jaipur,true
AC (2 Ton),E-waste,appliance,Model Town,piece,10.0,dirty,23,2026-03-28,3500.0,2864.69,Jaipur,true
AC (2 Ton),E-waste,appliance,Gopalpura,piece,11.0,mixed,164,2026-08-16,3500.0,3593.67,Jaipur,true
AC (2 Ton),E-waste,appliance,Barkat Nagar,piece,9.0,clean,51,2026-04-25,3500.0,3503.97,Jaipur,true
AC (2 Ton),E-waste,appliance,Civil Lines,piece,9.0,damaged,179,2026-08-31,3500.0,2745.93,Jaipur,true
AC (2 Ton),E-waste,appliance,Adarsh Nagar,piece,8.0,mixed,157,2026-08-09,3500.0,3399.89,Jaipur,true
AC (2 Ton),E-waste,appliance,Vaishali Nagar,piece,5.0,mixed,120,2026-07-03,3500.0,3379.92,Jaipur,true
AC (2 Ton),E-waste,appliance,Tonk Road,piece,4.0,clean,143,2026-07-26,3500.0,3234.27,Jaipur,true
AC (2 Ton),E-waste,appliance,Nirman Nagar,piece,6.0,damaged,141,2026-07-24,3500.0,2578.56,Jaipur,true
AC (2 Ton),E-waste,appliance,MI Road,piece,11.0,mixed,39,2026-04-13,3500.0,3302.77,Jaipur,true
AC (2 Ton),E-waste,appliance,Sodala,piece,5.0,dirty,24,2026-03-29,3500.0,2737.81,Jaipur,true
AC (2 Ton),E-waste,appliance,C-Scheme,piece,6.0,clean,25,2026-03-30,3500.0,3538.25,Jaipur,true
AC (2 Ton),E-waste,appliance,Tonk Road,piece,10.0,dirty,129,2026-07-12,3500.0,2660.02,Jaipur,true
AC (2 Ton),E-waste,appliance,C-Scheme,piece,11.0,clean,20,2026-03-25,3500.0,3460.35,Jaipur,true
AC (2 Ton),E-waste,appliance,Patrakar Colony,piece,11.0,mixed,107,2026-06-20,3500.0,2960.3,Jaipur,true
AC (2 Ton),E-waste,appliance,Malviya Nagar,piece,7.0,mixed,147,2026-07-30,3500.0,3222.98,Jaipur,true
AC (2 Ton),E-waste,appliance,Shyam Nagar,piece,9.0,mixed,95,2026-06-08,3500.0,2862.5,Jaipur,true
AC (2 Ton),E-waste,appliance,Mahesh Nagar,piece,6.0,damaged,14,2026-03-19,3500.0,2700.91,Jaipur,true
AC (2 Ton),E-waste,appliance,Mansarovar,piece,7.0,mixed,111,2026-06-24,3500.0,3400.21,Jaipur,true
AC (2 Ton),E-waste,appliance,MI Road,piece,10.0,damaged,37,2026-04-11,3500.0,2379.48,Jaipur,true
AC (2 Ton),E-waste,appliance,Gopalpura,piece,6.0,mixed,83,2026-05-27,3500.0,2886.48,Jaipur,true
AC (2 Ton),E-waste,appliance,Tonk Road,piece,4.0,mixed,118,2026-07-01,3500.0,2967.17,Jaipur,true
AC (2 Ton),E-waste,appliance,Chandpole,piece,4.0,mixed,134,2026-07-17,3500.0,3320.59,Jaipur,true
AC (2 Ton),E-waste,appliance,Vaishali Nagar,piece,3.0,dirty,91,2026-06-04,3500.0,2571.33,Jaipur,true
AC (2 Ton),E-waste,appliance,Model Town,piece,2.0,mixed,118,2026-07-01,3500.0,3161.02,Jaipur,true
AC (2 Ton),E-waste,appliance,Ramnagariya,piece,4.0,mixed,130,2026-07-13,3500.0,2945.13,Jaipur,true
AC (2 Ton),E-waste,appliance,Hasanpura,piece,11.0,mixed,179,2026-08-31,3500.0,3794.73,Jaipur,true
AC (2 Ton),E-waste,appliance,Civil Lines,piece,7.0,mixed,98,2026-06-11,3500.0,3181.7,Jaipur,true
AC (2 Ton),E-waste,appliance,Malviya Nagar,piece,8.0,dirty,178,2026-08-30,3500.0,2892.68,Jaipur,true
AC (2 Ton),E-waste,appliance,Chandpole,piece,7.0,clean,48,2026-04-22,3500.0,3488.62,Jaipur,true
AC (2 Ton),E-waste,appliance,Barkat Nagar,piece,7.0,mixed,26,2026-03-31,3500.0,3507.26,Jaipur,true
AC (2 Ton),E-waste,appliance,Shyam Nagar,piece,6.0,clean,13,2026-03-18,3500.0,3386.12,Jaipur,true
AC (2 Ton),E-waste,appliance,Mansarovar,piece,2.0,clean,110,2026-06-23,3500.0,3460.32,Jaipur,true
AC (2 Ton),E-waste,appliance,Durgapura,piece,7.0,dirty,139,2026-07-22,3500.0,2853.07,Jaipur,true
AC (2 Ton),E-waste,appliance,Vaishali Nagar,piece,5.0,damaged,169,2026-08-21,3500.0,2921.76,Jaipur,true
AC (2 Ton),E-waste,appliance,Malviya Nagar,piece,9.0,clean,95,2026-06-08,3500.0,2913.78,Jaipur,true
AC (2 Ton),E-waste,appliance,Nirman Nagar,piece,4.0,dirty,17,2026-03-22,3500.0,2888.23,Jaipur,true
AC (2 Ton),E-waste,appliance,Vaishali Nagar,piece,4.0,mixed,149,2026-08-01,3500.0,3509.31,Jaipur,true
AC (2 Ton),E-waste,appliance,Adarsh Nagar,piece,1.0,mixed,145,2026-07-28,3500.0,3025.63,Jaipur,true
AC (2 Ton),E-waste,appliance,Vaishali Nagar,piece,1.0,mixed,18,2026-03-23,3500.0,3490.22,Jaipur,true
AC (2 Ton),E-waste,appliance,Malviya Nagar,piece,7.0,mixed,2,2026-03-07,3500.0,3340.73,Jaipur,true
AC (2 Ton),E-waste,appliance,Barkat Nagar,piece,5.0,dirty,106,2026-06-19,3500.0,2818.26,Jaipur,true
AC (2 Ton),E-waste,appliance,Adarsh Nagar,piece,6.0,mixed,115,2026-06-28,3500.0,3094.11,Jaipur,true
AC (2 Ton),E-waste,appliance,Sodala,piece,2.0,mixed,68,2026-05-12,3500.0,2905.36,Jaipur,true
AC (2 Ton),E-waste,appliance,Malviya Nagar,piece,10.0,clean,138,2026-07-21,3500.0,3312.74,Jaipur,true
AC (2 Ton),E-waste,appliance,Mahesh Nagar,piece,6.0,mixed,60,2026-05-04,3500.0,3286.05,Jaipur,true
AC (2 Ton),E-waste,appliance,Gopalpura,piece,8.0,damaged,97,2026-06-10,3500.0,2164.58,Jaipur,true
AC (2 Ton),E-waste,appliance,C-Scheme,piece,9.0,clean,129,2026-07-12,3500.0,3457.4,Jaipur,true
AC (2 Ton),E-waste,appliance,Raja Park,piece,11.0,clean,89,2026-06-02,3500.0,3085.05,Jaipur,true
AC (2 Ton),E-waste,appliance,Mahesh Nagar,piece,10.0,clean,21,2026-03-26,3500.0,3696.99,Jaipur,true
AC (2 Ton),E-waste,appliance,Ramnagariya,piece,4.0,mixed,80,2026-05-24,3500.0,2715.47,Jaipur,true
AC (2 Ton),E-waste,appliance,Shyam Nagar,piece,1.0,mixed,33,2026-04-07,3500.0,3075.47,Jaipur,true
AC (2 Ton),E-waste,appliance,Durgapura,piece,9.0,dirty,146,2026-07-29,3500.0,2863.22,Jaipur,true
AC (2 Ton),E-waste,appliance,Airport Area,piece,4.0,clean,48,2026-04-22,3500.0,3339.02,Jaipur,true
AC (2 Ton),E-waste,appliance,Nirman Nagar,piece,3.0,mixed,128,2026-07-11,3500.0,3218.9,Jaipur,true
AC (2 Ton),E-waste,appliance,Ramnagariya,piece,3.0,dirty,70,2026-05-14,3500.0,2299.88,Jaipur,true
AC (2 Ton),E-waste,appliance,Airport Area,piece,4.0,mixed,163,2026-08-15,3500.0,3661.54,Jaipur,true
AC (2 Ton),E-waste,appliance,Gopalpura,piece,2.0,mixed,33,2026-04-07,3500.0,3055.22,Jaipur,true
AC (2 Ton),E-waste,appliance,Civil Lines,piece,3.0,mixed,7,2026-03-12,3500.0,3459.84,Jaipur,true
AC (2 Ton),E-waste,appliance,Nirman Nagar,piece,3.0,mixed,34,2026-04-08,3500.0,3314.0,Jaipur,true
AC (2 Ton),E-waste,appliance,Tonk Road,piece,3.0,dirty,108,2026-06-21,3500.0,2514.66,Jaipur,true
AC (2 Ton),E-waste,appliance,Patrakar Colony,piece,6.0,mixed,118,2026-07-01,3500.0,3021.7,Jaipur,true
AC (2 Ton),E-waste,appliance,Gopalpura,piece,3.0,dirty,154,2026-08-06,3500.0,2902.23,Jaipur,true
AC (2 Ton),E-waste,appliance,Nirman Nagar,piece,11.0,clean,94,2026-06-07,3500.0,3130.71,Jaipur,true
AC (2 Ton),E-waste,appliance,Patrakar Colony,piece,7.0,mixed,142,2026-07-25,3500.0,3169.12,Jaipur,true
AC (2 Ton),E-waste,appliance,Mansarovar,piece,5.0,clean,116,2026-06-29,3500.0,3651.26,Jaipur,true
AC (2 Ton),E-waste,appliance,Tonk Road,piece,2.0,mixed,2,2026-03-07,3500.0,3284.15,Jaipur,true
AC (2 Ton),E-waste,appliance,Mahesh Nagar,piece,3.0,clean,20,2026-03-25,3500.0,3587.02,Jaipur,true
